instance,family,a0_obj,a0_ub,a0_stop,a0_phases,a0_rt_s,ap_obj,ap_ub,ap_stop,ap_phases,ap_rt_s,delta,delta_pct,abs_delta_pct,commit,source_dirty,error
D_n055_019_a25_055,D,1147.0,1147,UB,1,0.6,1147.0,1147,UB,1,0.8,0.0,0.0,0.0,b1f6347b49fd,False,
C_n070_023_a25_067,C,1628.0,1633,TIERS_EXHAUSTED,4,1209.0,1628.0,1633,TIERS_EXHAUSTED,4,1210.3,0.0,0.0,0.0,b1f6347b49fd,False,
D_n065_028_a25_082,D,1383.0,1388,TIERS_EXHAUSTED,4,1210.5,1383.0,1388,TIERS_EXHAUSTED,4,1213.1,0.0,0.0,0.0,b1f6347b49fd,False,
D_n070_032_a25_094,D,1196.0,1196,UB,1,28.4,1196.0,1196,UB,1,175.1,0.0,0.0,0.0,818869e624ea,False,
C_n070_022_a50_065,C,2052.0,2060,TIERS_EXHAUSTED,4,1222.5,2052.0,2060,TIERS_EXHAUSTED,4,1218.5,0.0,0.0,0.0,818869e624ea,False,
B_n120_014_a25_040,B,3242.0,3294,TIERS_EXHAUSTED,4,1221.4,3242.0,3294,TIERS_EXHAUSTED,4,1221.5,0.0,0.0,0.0,818869e624ea,False,
B_n130_019_a25_055,B,3359.0,3410,TIERS_EXHAUSTED,4,1226.9,3359.0,3410,TIERS_EXHAUSTED,4,1222.5,0.0,0.0,0.0,818869e624ea,False,
B_n120_012_a25_034,B,2871.0,2883,TIERS_EXHAUSTED,4,1242.9,2871.0,2883,TIERS_EXHAUSTED,4,1237.8,0.0,0.0,0.0,818869e624ea,False,
D_n070_032_a75_096,D,2097.0,2106,TIERS_EXHAUSTED,5,1583.7,2106.0,2106,UB,5,1304.1,-9.0,-0.42735,0.42735,818869e624ea,False,
D_n060_022_a50_065,D,1777.0,1790,TIERS_EXHAUSTED,4,1233.6,1777.0,1790,TIERS_EXHAUSTED,7,2143.0,0.0,0.0,0.0,818869e624ea,False,
D_n075_036_a25_106,D,1378.0,1378,UB,1,180.9,1377.0,1382,TIERS_EXHAUSTED,4,1247.2,1.0,0.072569,0.072569,818869e624ea,False,
B_n140_024_a25_070,B,4264.0,4315,TIERS_EXHAUSTED,4,1242.8,4264.0,4315,TIERS_EXHAUSTED,4,1240.8,0.0,0.0,0.0,818869e624ea,False,
B_n130_017_a25_049,B,3062.0,3073,TIERS_EXHAUSTED,6,1878.1,3061.0,3074,TIERS_EXHAUSTED,4,1280.4,1.0,0.032552,0.032552,818869e624ea,False,
D_n065_030_a25_088,D,1698.0,1707,TIERS_EXHAUSTED,4,1264.3,1698.0,1707,TIERS_EXHAUSTED,4,1263.8,0.0,0.0,0.0,818869e624ea,False,
D_n065_030_a50_089,D,2337.0,2350,TIERS_EXHAUSTED,4,1268.4,2336.0,2349,TIERS_EXHAUSTED,5,1572.4,1.0,0.042717,0.042717,818869e624ea,False,
B_n110_006_a25_016,B,2434.0,2473,TIERS_EXHAUSTED,4,1247.9,2434.0,2473,TIERS_EXHAUSTED,4,1249.1,0.0,0.0,0.0,818869e624ea,False,
D_n075_039_a50_116,D,3063.0,3082,TIERS_EXHAUSTED,6,1934.3,3064.0,3082,TIERS_EXHAUSTED,7,2237.2,-1.0,-0.032446,0.032446,818869e624ea,False,
D_n070_035_a25_103,D,1701.0,1708,TIERS_EXHAUSTED,4,1273.0,1701.0,1708,TIERS_EXHAUSTED,4,1269.8,0.0,0.0,0.0,818869e624ea,False,
ED_n040_004_a50_011,ED,1154.0,1165,TIERS_EXHAUSTED,4,1202.7,1154.0,1165,TIERS_EXHAUSTED,4,1203.0,0.0,0.0,0.0,818869e624ea,False,
ED_n050_014_a50_041,ED,1787.0,1797,TIERS_EXHAUSTED,4,1211.7,1787.0,1797,TIERS_EXHAUSTED,4,1211.9,0.0,0.0,0.0,818869e624ea,False,
D_n070_035_a50_104,D,2350.0,2356,TIERS_EXHAUSTED,7,2206.6,2350.0,2368,TIERS_EXHAUSTED,4,1284.3,0.0,0.0,0.0,818869e624ea,False,
EC_n065_017_a50_050,EC,1900.0,1909,TIERS_EXHAUSTED,4,1211.7,1900.0,1909,TIERS_EXHAUSTED,4,1209.7,0.0,0.0,0.0,818869e624ea,False,
ED_n055_019_a50_056,ED,1897.0,1907,TIERS_EXHAUSTED,5,1517.6,1897.0,1907,TIERS_EXHAUSTED,6,1819.3,0.0,0.0,0.0,818869e624ea,False,
B_n140_023_a25_067,B,3781.0,3798,TIERS_EXHAUSTED,4,1272.7,3781.0,3798,TIERS_EXHAUSTED,5,1577.4,0.0,0.0,0.0,818869e624ea,False,
EC_n070_023_a25_067,EC,1496.0,1501,TIERS_EXHAUSTED,4,1211.0,1496.0,1501,TIERS_EXHAUSTED,4,1210.7,0.0,0.0,0.0,818869e624ea,False,
ED_n065_029_a25_085,ED,1343.0,1343,UB,1,45.7,1343.0,1343,UB,1,71.6,0.0,0.0,0.0,818869e624ea,False,
ED_n060_022_a50_065,ED,1737.0,1766,TIERS_EXHAUSTED,4,1225.9,1737.0,1766,TIERS_EXHAUSTED,4,1224.2,0.0,0.0,0.0,818869e624ea,False,
ED_n060_024_a25_070,ED,1253.0,1253,UB,1,16.3,1253.0,1253,UB,1,148.1,0.0,0.0,0.0,818869e624ea,False,
D_n080_044_a50_131,D,3260.0,3272,TIERS_EXHAUSTED,9,2912.8,3252.0,3272,TIERS_EXHAUSTED,11,3519.8,8.0,0.244574,0.244574,818869e624ea,False,
EC_n075_030_a50_089,EC,2456.0,2465,TIERS_EXHAUSTED,4,1220.2,2455.0,2465,TIERS_EXHAUSTED,4,1222.1,1.0,0.040584,0.040584,818869e624ea,False,
EC_n070_023_a50_068,EC,2206.0,2216,TIERS_EXHAUSTED,7,2127.9,2206.0,2217,TIERS_EXHAUSTED,6,1820.2,0.0,0.0,0.0,818869e624ea,False,
ED_n060_022_a75_066,ED,1944.0,1954,TIERS_EXHAUSTED,6,1852.0,1944.0,1954,TIERS_EXHAUSTED,4,1231.7,0.0,0.0,0.0,818869e624ea,False,
EC_n080_035_a50_104,EC,2667.0,2678,TIERS_EXHAUSTED,4,1220.5,2667.0,2677,TIERS_EXHAUSTED,6,1827.5,0.0,0.0,0.0,818869e624ea,False,
ED_n065_028_a25_082,ED,1152.0,1157,TIERS_EXHAUSTED,4,1212.0,1152.0,1157,TIERS_EXHAUSTED,4,1212.0,0.0,0.0,0.0,818869e624ea,False,
EB_n120_014_a25_040,EB,2707.0,2721,TIERS_EXHAUSTED,4,1218.2,2707.0,2721,TIERS_EXHAUSTED,4,1218.9,0.0,0.0,0.0,818869e624ea,False,
ED_n065_027_a50_080,ED,1747.0,1766,TIERS_EXHAUSTED,6,1836.8,1747.0,1766,TIERS_EXHAUSTED,5,1529.3,0.0,0.0,0.0,818869e624ea,False,
EC_n080_033_a25_097,EC,1806.0,1812,TIERS_EXHAUSTED,4,1229.8,1806.0,1812,TIERS_EXHAUSTED,4,1230.0,0.0,0.0,0.0,818869e624ea,False,
ED_n060_025_a50_074,ED,2014.0,2014,UB,1,303.4,2014.0,2014,UB,1,332.8,0.0,0.0,0.0,818869e624ea,False,
B_n120_011_a25_031,B,2526.0,2574,TIERS_EXHAUSTED,4,1300.2,2526.0,2574,TIERS_EXHAUSTED,4,1303.6,0.0,0.0,0.0,818869e624ea,False,
D_n065_027_a50_080,D,1788.0,1801,TIERS_EXHAUSTED,5,1551.9,1788.0,1801,TIERS_EXHAUSTED,4,1248.9,0.0,0.0,0.0,818869e624ea,False,
D_n075_040_a50_119,D,2567.0,2585,TIERS_EXHAUSTED,4,1325.6,2567.0,2585,TIERS_EXHAUSTED,4,1353.6,0.0,0.0,0.0,818869e624ea,False,
EC_n075_028_a25_082,EC,1697.0,1703,TIERS_EXHAUSTED,4,1225.9,1697.0,1703,TIERS_EXHAUSTED,4,1225.5,0.0,0.0,0.0,818869e624ea,False,
D_n080_042_a25_124,D,1537.0,1547,TIERS_EXHAUSTED,4,1312.1,1537.0,1547,TIERS_EXHAUSTED,4,1315.9,0.0,0.0,0.0,818869e624ea,False,
EB_n130_019_a25_055,EB,2807.0,2819,TIERS_EXHAUSTED,4,1224.2,2807.0,2819,TIERS_EXHAUSTED,4,1222.1,0.0,0.0,0.0,818869e624ea,False,
EC_n080_032_a50_095,EC,2275.0,2286,TIERS_EXHAUSTED,4,1239.6,2275.0,2286,TIERS_EXHAUSTED,4,1236.3,0.0,0.0,0.0,818869e624ea,False,
D_n070_032_a50_095,D,1907.0,1920,TIERS_EXHAUSTED,4,1260.1,1907.0,1920,TIERS_EXHAUSTED,4,1263.2,0.0,0.0,0.0,818869e624ea,False,
ED_n065_030_a25_088,ED,1478.0,1478,UB,1,114.3,1478.0,1478,UB,1,106.2,0.0,0.0,0.0,818869e624ea,False,
ED_n070_035_a25_103,ED,1479.0,1479,UB,1,108.9,1479.0,1479,UB,2,466.7,0.0,0.0,0.0,818869e624ea,False,
ED_n070_032_a75_096,ED,2082.0,2095,TIERS_EXHAUSTED,5,1601.6,2085.0,2095,TIERS_EXHAUSTED,6,1897.5,-3.0,-0.143266,0.143266,818869e624ea,False,
B_n150_028_a25_082,B,3890.0,3907,TIERS_EXHAUSTED,4,1276.1,3890.0,3900,TIERS_EXHAUSTED,7,2200.5,0.0,0.0,0.0,818869e624ea,False,
D_n080_045_a50_134,D,2751.0,2758,TIERS_EXHAUSTED,8,2663.0,2750.0,2771,TIERS_EXHAUSTED,5,1693.7,1.0,0.036271,0.036271,818869e624ea,False,
B_n130_016_a25_046,B,2744.0,2799,TIERS_EXHAUSTED,4,1325.0,2744.0,2799,TIERS_EXHAUSTED,4,1327.5,0.0,0.0,0.0,818869e624ea,False,
ED_n075_037_a25_109,ED,1273.0,1282,TIERS_EXHAUSTED,4,1258.4,1273.0,1282,TIERS_EXHAUSTED,4,1258.3,0.0,0.0,0.0,818869e624ea,False,
EB_n140_022_a25_064,EB,2767.0,2779,TIERS_EXHAUSTED,5,1617.2,2767.0,2779,TIERS_EXHAUSTED,5,1619.7,0.0,0.0,0.0,818869e624ea,False,
B_n150_026_a25_076,B,3246.0,3307,TIERS_EXHAUSTED,4,1333.4,3246.0,3307,TIERS_EXHAUSTED,4,1338.6,0.0,0.0,0.0,818869e624ea,False,
B_n140_021_a25_061,B,3142.0,3195,TIERS_EXHAUSTED,4,1334.4,3142.0,3195,TIERS_EXHAUSTED,4,1334.4,0.0,0.0,0.0,818869e624ea,False,
D_n075_040_a25_118,D,1820.0,1828,TIERS_EXHAUSTED,6,1937.9,1820.0,1828,TIERS_EXHAUSTED,4,1328.8,0.0,0.0,0.0,818869e624ea,False,
ED_n080_045_a75_135,ED,2931.0,2942,TIERS_EXHAUSTED,5,1679.9,2933.0,2942,TIERS_EXHAUSTED,5,1680.4,-2.0,-0.067981,0.067981,818869e624ea,False,
ED_n075_040_a75_120,ED,2730.0,2740,TIERS_EXHAUSTED,5,1656.1,2737.0,2740,TIERS_EXHAUSTED,10,3277.1,-7.0,-0.255474,0.255474,818869e624ea,False,
ED_n070_032_a50_095,ED,1866.0,1877,TIERS_EXHAUSTED,6,1847.4,1865.0,1877,TIERS_EXHAUSTED,4,1244.7,1.0,0.053305,0.053305,818869e624ea,False,
EB_n150_026_a25_076,EB,2550.0,2560,TIERS_EXHAUSTED,4,1340.6,2550.0,2560,TIERS_EXHAUSTED,4,1342.6,0.0,0.0,0.0,818869e624ea,False,
ED_n080_042_a25_124,ED,1305.0,1305,UB,1,188.5,1305.0,1305,UB,1,156.6,0.0,0.0,0.0,818869e624ea,False,
D_n080_045_a25_133,D,1910.0,1923,TIERS_EXHAUSTED,6,1948.9,1892.0,1915,TIERS_EXHAUSTED,8,2542.9,18.0,0.942408,0.942408,818869e624ea,False,
EB_n130_017_a50_050,EB,4422.0,4446,TIERS_EXHAUSTED,6,1980.1,4421.0,4446,TIERS_EXHAUSTED,4,1330.5,1.0,0.022507,0.022507,818869e624ea,False,
EB_n150_027_a25_079,EB,2771.0,2792,TIERS_EXHAUSTED,4,1323.0,2771.0,2792,TIERS_EXHAUSTED,4,1325.6,0.0,0.0,0.0,818869e624ea,False,
EB_n140_022_a50_065,EB,4899.0,4925,TIERS_EXHAUSTED,4,1335.7,4900.0,4925,TIERS_EXHAUSTED,4,1328.7,-1.0,-0.020317,0.020317,818869e624ea,False,
ED_n075_040_a25_118,ED,1588.0,1595,TIERS_EXHAUSTED,4,1288.7,1588.0,1595,TIERS_EXHAUSTED,5,1585.0,0.0,0.0,0.0,818869e624ea,False,
ED_n080_045_a25_133,ED,1681.0,1685,TIERS_EXHAUSTED,7,2271.5,1681.0,1687,TIERS_EXHAUSTED,4,1291.4,0.0,0.0,0.0,818869e624ea,False,
ED_n065_027_a75_081,ED,1971.0,1983,TIERS_EXHAUSTED,7,2165.5,1972.0,1982,TIERS_EXHAUSTED,5,1545.2,-1.0,-0.050454,0.050454,818869e624ea,False,
ED_n075_039_a50_116,ED,3049.0,3051,RT_CAP,12,3643.1,3050.0,3051,TIERS_EXHAUSTED,7,2171.2,-1.0,-0.032776,0.032776,818869e624ea,False,
