instance,status,final_ub_cert,refine_ub_float,ub_decimal_strict,ub_decimal_with_tol,lag_float,lag_decimal_str,passes_strict,passes_tol,required_eps_safeguard,delta_float,delta_decimal
B_n100_001_a25_001,PASS,2142,2142,2142,2142,2142.003003,2142.003003,True,True,False,0.003003,0.003003
B_n100_001_a50_002,PASS,3025,3025,3025,3025,3025.001952,3025.001952,True,True,False,0.001952,0.001952
B_n100_001_a75_003,PASS,3119,3119,3119,3119,3119.0,3119.000000,True,True,False,0.0,0.0
B_n100_002_a25_004,PASS,2364,2364,2364,2364,2364.0,2364.000000,True,True,False,0.0,0.0
B_n100_002_a50_005,PASS,3173,3173,3173,3173,3173.0,3173.000000,True,True,False,0.0,0.0
B_n100_002_a75_006,PASS,3329,3329,3329,3329,3329.0,3329.000000,True,True,False,0.0,0.0
B_n100_003_a25_007,PASS,2312,2312,2312,2312,2312.506562,2312.506562,True,True,False,0.506562,0.506562
B_n100_003_a50_008,PASS,3179,3179,3179,3179,3179.0,3179.000000,True,True,False,0.0,0.0
B_n100_003_a75_009,PASS,3277,3277,3277,3277,3277.0,3277.000000,True,True,False,0.0,0.0
B_n100_004_a25_010,PASS,2831,2831,2831,2831,2831.0008,2831.000800,True,True,False,0.0008,0.0008
B_n100_004_a50_011,PASS,4102,4102,4102,4102,4102.0,4102.000000,True,True,False,0.0,0.0
B_n100_004_a75_012,PASS,4174,4174,4174,4174,4174.0,4174.000000,True,True,False,0.0,0.0
B_n100_005_a25_013,PASS,2241,2241,2241,2241,2241.0,2241.000000,True,True,False,0.0,0.0
B_n100_005_a50_014,PASS,3344,3344,3344,3344,3344.0,3344.000000,True,True,False,0.0,0.0
B_n100_005_a75_015,PASS,3512,3512,3512,3512,3512.0,3512.000000,True,True,False,0.0,0.0
B_n110_006_a25_016,PASS,2469,2469,2469,2469,2469.24595,2469.245950,True,True,False,0.24595,0.24595
B_n110_006_a50_017,PASS,3465,3465,3465,3465,3465.007739,3465.007739,True,True,False,0.007739,0.007739
B_n110_006_a75_018,PASS,3614,3614,3614,3614,3614.0,3614.000000,True,True,False,0.0,0.0
B_n110_007_a25_019,PASS,2510,2510,2510,2510,2510.005577,2510.005577,True,True,False,0.005577,0.005577
B_n110_007_a50_020,PASS,3603,3603,3603,3603,3603.0,3603.000000,True,True,False,0.0,0.0
B_n110_007_a75_021,PASS_NEEDS_EPS,3780,3780,3779,3780,3780.0,3780.000000,False,True,True,-0.0,-0.0
B_n110_008_a25_022,PASS,2531,2531,2531,2531,2531.513143,2531.513143,True,True,False,0.513143,0.513143
B_n110_008_a50_023,PASS,3700,3700,3700,3700,3700.0,3700.000000,True,True,False,0.0,0.0
B_n110_008_a75_024,PASS,3808,3808,3808,3808,3808.0,3808.000000,True,True,False,0.0,0.0
B_n110_009_a25_025,PASS,3221,3221,3221,3221,3221.000627,3221.000627,True,True,False,0.000627,0.000627
B_n110_009_a50_026,PASS,4524,4524,4524,4524,4524.0,4524.000000,True,True,False,0.0,0.0
B_n110_009_a75_027,PASS,4696,4696,4696,4696,4696.0,4696.000000,True,True,False,0.0,0.0
B_n110_010_a25_028,PASS,2549,2549,2549,2549,2549.0,2549.000000,True,True,False,0.0,0.0
B_n110_010_a50_029,PASS,3674,3674,3674,3674,3674.0,3674.000000,True,True,False,0.0,0.0
B_n110_010_a75_030,PASS,3853,3853,3853,3853,3853.0,3853.000000,True,True,False,0.0,0.0
B_n120_011_a25_031,PASS,2566,2566,2566,2566,2566.359978,2566.359978,True,True,False,0.359978,0.359978
B_n120_011_a50_032,PASS,3899,3899,3899,3899,3899.0,3899.000000,True,True,False,0.0,0.0
B_n120_011_a75_033,PASS,4074,4074,4074,4074,4074.0,4074.000000,True,True,False,0.0,0.0
B_n120_012_a25_034,PASS,2881,2881,2881,2881,2881.437288,2881.437288,True,True,False,0.437288,0.437288
B_n120_012_a50_035,PASS,4182,4182,4182,4182,4182.0,4182.000000,True,True,False,0.0,0.0
B_n120_012_a75_036,PASS,4222,4222,4222,4222,4222.0,4222.000000,True,True,False,0.0,0.0
B_n120_013_a25_037,PASS,2945,2945,2945,2945,2945.584845,2945.584845,True,True,False,0.584845,0.584845
B_n120_013_a50_038,PASS,4064,4064,4064,4064,4064.0,4064.000000,True,True,False,0.0,0.0
B_n120_013_a75_039,PASS,4147,4147,4147,4147,4147.0,4147.000000,True,True,False,0.0,0.0
B_n120_014_a25_040,PASS,3287,3287,3287,3287,3287.327927,3287.327927,True,True,False,0.327927,0.327927
B_n120_014_a50_041,PASS,4855,4855,4855,4855,4855.0,4855.000000,True,True,False,0.0,0.0
B_n120_014_a75_042,PASS,5038,5038,5038,5038,5038.0,5038.000000,True,True,False,0.0,0.0
B_n120_015_a25_043,PASS,2579,2579,2579,2579,2579.00002,2579.000020,True,True,False,2e-05,2e-05
B_n120_015_a50_044,PASS,4004,4004,4004,4004,4004.0,4004.000000,True,True,False,0.0,0.0
B_n120_015_a75_045,PASS,4282,4282,4282,4282,4282.0,4282.000000,True,True,False,0.0,0.0
B_n130_016_a25_046,PASS,2789,2789,2789,2789,2789.50426,2789.504260,True,True,False,0.50426,0.50426
B_n130_016_a50_047,PASS,4157,4157,4157,4157,4157.035878,4157.035878,True,True,False,0.035878,0.035878
B_n130_016_a75_048,PASS,4334,4334,4334,4334,4334.020225,4334.020225,True,True,False,0.020225,0.020225
B_n130_017_a25_049,PASS,3072,3072,3072,3072,3072.211362,3072.211362,True,True,False,0.211362,0.211362
B_n130_017_a50_050,PASS,4595,4595,4595,4595,4595.014976,4595.014976,True,True,False,0.014976,0.014976
B_n130_017_a75_051,PASS,4646,4646,4646,4646,4646.0,4646.000000,True,True,False,0.0,0.0
B_n130_018_a25_052,PASS,3196,3196,3196,3196,3196.678434,3196.678434,True,True,False,0.678434,0.678434
B_n130_018_a50_053,PASS,4497,4497,4497,4497,4497.0,4497.000000,True,True,False,0.0,0.0
B_n130_018_a75_054,PASS,4578,4578,4578,4578,4578.0,4578.000000,True,True,False,0.0,0.0
B_n130_019_a25_055,PASS,3404,3404,3404,3404,3404.040919,3404.040919,True,True,False,0.040919,0.040919
B_n130_019_a50_056,PASS,5093,5093,5093,5093,5093.507924,5093.507924,True,True,False,0.507924,0.507924
B_n130_019_a75_057,PASS,5307,5307,5307,5307,5307.0,5307.000000,True,True,False,0.0,0.0
B_n130_020_a25_058,PASS,2680,2680,2680,2680,2680.000381,2680.000381,True,True,False,0.000381,0.000381
B_n130_020_a50_059,PASS,4306,4306,4306,4306,4306.0,4306.000000,True,True,False,0.0,0.0
B_n130_020_a75_060,PASS,4597,4597,4597,4597,4597.012657,4597.012657,True,True,False,0.012657,0.012657
B_n140_021_a25_061,PASS,3187,3187,3187,3187,3187.388898,3187.388898,True,True,False,0.388898,0.388898
B_n140_021_a50_062,PASS,4655,4655,4655,4655,4655.034066,4655.034066,True,True,False,0.034066,0.034066
B_n140_021_a75_063,PASS,4852,4852,4852,4852,4852.531029,4852.531029,True,True,False,0.531029,0.531029
B_n140_022_a25_064,PASS,3392,3392,3392,3392,3392.0,3392.000000,True,True,False,0.0,0.0
B_n140_022_a50_065,PASS,5081,5081,5081,5081,5081.019867,5081.019867,True,True,False,0.019867,0.019867
B_n140_022_a75_066,PASS,5178,5178,5178,5178,5178.0,5178.000000,True,True,False,0.0,0.0
B_n140_023_a25_067,PASS,3784,3784,3784,3784,3784.135123,3784.135123,True,True,False,0.135123,0.135123
B_n140_023_a50_068,PASS,4943,4943,4943,4943,4943.027617,4943.027617,True,True,False,0.027617,0.027617
B_n140_023_a75_069,PASS,5095,5095,5095,5095,5095.0,5095.000000,True,True,False,0.0,0.0
B_n140_024_a25_070,PASS,4309,4309,4309,4309,4309.329789,4309.329789,True,True,False,0.329789,0.329789
B_n140_024_a50_071,PASS,5578,5578,5578,5578,5578.031741,5578.031741,True,True,False,0.031741,0.031741
B_n140_024_a75_072,PASS_NEEDS_EPS,5663,5663,5662,5663,5663.0,5663.000000,False,True,True,-0.0,-0.0
B_n140_025_a25_073,PASS,3331,3331,3331,3331,3331.511604,3331.511604,True,True,False,0.511604,0.511604
B_n140_025_a50_074,PASS,4639,4639,4639,4639,4639.000008,4639.000008,True,True,False,8e-06,8e-06
B_n140_025_a75_075,PASS,4941,4941,4941,4941,4941.0,4941.000000,True,True,False,0.0,0.0
B_n150_026_a25_076,PASS,3296,3296,3296,3296,3296.687549,3296.687549,True,True,False,0.687549,0.687549
B_n150_026_a50_077,PASS,4974,4974,4974,4974,4974.037172,4974.037172,True,True,False,0.037172,0.037172
B_n150_026_a75_078,PASS,5193,5193,5193,5193,5193.539188,5193.539188,True,True,False,0.539188,0.539188
B_n150_027_a25_079,PASS,3500,3500,3500,3500,3500.000091,3500.000091,True,True,False,9.1e-05,9.1e-05
B_n150_027_a50_080,PASS,5286,5286,5286,5286,5286.181166,5286.181166,True,True,False,0.181166,0.181166
B_n150_027_a75_081,PASS,5421,5421,5421,5421,5421.007188,5421.007188,True,True,False,0.007188,0.007188
B_n150_028_a25_082,PASS,3893,3893,3893,3893,3893.141151,3893.141151,True,True,False,0.141151,0.141151
B_n150_028_a50_083,PASS,5077,5077,5077,5077,5077.105071,5077.105071,True,True,False,0.105071,0.105071
B_n150_028_a75_084,PASS,5330,5330,5330,5330,5330.0,5330.000000,True,True,False,0.0,0.0
B_n150_029_a25_085,PASS,4599,4599,4599,4599,4599.698512,4599.698512,True,True,False,0.698512,0.698512
B_n150_029_a50_086,PASS,6102,6102,6102,6102,6102.0,6102.000000,True,True,False,0.0,0.0
B_n150_029_a75_087,PASS,6185,6185,6185,6185,6185.0,6185.000000,True,True,False,0.0,0.0
B_n150_030_a25_088,PASS,3550,3550,3550,3550,3550.001306,3550.001306,True,True,False,0.001306,0.001306
B_n150_030_a50_089,PASS,4974,4974,4974,4974,4974.54013,4974.540130,True,True,False,0.54013,0.54013
B_n150_030_a75_090,PASS,5282,5282,5282,5282,5282.028349,5282.028349,True,True,False,0.028349,0.028349
C_n050_001_a25_001,PASS,735,735,735,735,735.0,735.000000,True,True,False,0.0,0.0
C_n050_001_a50_002,PASS,1236,1236,1236,1236,1236.0,1236.000000,True,True,False,0.0,0.0
C_n050_001_a75_003,PASS,1445,1445,1445,1445,1445.0,1445.000000,True,True,False,0.0,0.0
C_n050_002_a25_004,PASS,783,783,783,783,783.0,783.000000,True,True,False,0.0,0.0
C_n050_002_a50_005,PASS,1257,1257,1257,1257,1257.0,1257.000000,True,True,False,0.0,0.0
C_n050_002_a75_006,PASS,1495,1495,1495,1495,1495.0,1495.000000,True,True,False,0.0,0.0
C_n050_003_a25_007,PASS,994,994,994,994,994.0,994.000000,True,True,False,0.0,0.0
C_n050_003_a50_008,PASS,1362,1362,1362,1362,1362.0,1362.000000,True,True,False,0.0,0.0
C_n050_003_a75_009,PASS,1595,1595,1595,1595,1595.0,1595.000000,True,True,False,0.0,0.0
C_n050_004_a25_010,PASS,1242,1242,1242,1242,1242.0,1242.000000,True,True,False,0.0,0.0
C_n050_004_a50_011,PASS,2017,2017,2017,2017,2017.019541,2017.019541,True,True,False,0.019541,0.019541
C_n050_004_a75_012,PASS,2062,2062,2062,2062,2062.0,2062.000000,True,True,False,0.0,0.0
C_n050_005_a25_013,PASS,1077,1077,1077,1077,1077.0,1077.000000,True,True,False,0.0,0.0
C_n050_005_a50_014,PASS,1684,1684,1684,1684,1684.0,1684.000000,True,True,False,0.0,0.0
C_n050_005_a75_015,PASS,1737,1737,1737,1737,1737.0,1737.000000,True,True,False,0.0,0.0
C_n055_006_a25_016,PASS,975,975,975,975,975.0,975.000000,True,True,False,0.0,0.0
C_n055_006_a50_017,PASS,1540,1540,1540,1540,1540.0,1540.000000,True,True,False,0.0,0.0
C_n055_006_a75_018,PASS,1589,1589,1589,1589,1589.0,1589.000000,True,True,False,0.0,0.0
C_n055_007_a25_019,PASS,804,804,804,804,804.0,804.000000,True,True,False,0.0,0.0
C_n055_007_a50_020,PASS,1368,1368,1368,1368,1368.0,1368.000000,True,True,False,0.0,0.0
C_n055_007_a75_021,PASS,1623,1623,1623,1623,1623.0,1623.000000,True,True,False,0.0,0.0
C_n055_008_a25_022,PASS,1004,1004,1004,1004,1004.0,1004.000000,True,True,False,0.0,0.0
C_n055_008_a50_023,PASS,1381,1381,1381,1381,1381.0,1381.000000,True,True,False,0.0,0.0
C_n055_008_a75_024,PASS,1617,1617,1617,1617,1617.0,1617.000000,True,True,False,0.0,0.0
C_n055_009_a25_025,PASS,1353,1353,1353,1353,1353.0,1353.000000,True,True,False,0.0,0.0
C_n055_009_a50_026,PASS,2226,2226,2226,2226,2226.009648,2226.009648,True,True,False,0.009648,0.009648
C_n055_009_a75_027,PASS,2373,2373,2373,2373,2373.0,2373.000000,True,True,False,0.0,0.0
C_n055_010_a25_028,PASS,1186,1186,1186,1186,1186.0,1186.000000,True,True,False,0.0,0.0
C_n055_010_a50_029,PASS,1894,1894,1894,1894,1894.0,1894.000000,True,True,False,0.0,0.0
C_n055_010_a75_030,PASS,2048,2048,2048,2048,2048.0,2048.000000,True,True,False,0.0,0.0
C_n060_011_a25_031,PASS,1212,1212,1212,1212,1212.679303,1212.679303,True,True,False,0.679303,0.679303
C_n060_011_a50_032,PASS,1664,1664,1664,1664,1664.0,1664.000000,True,True,False,0.0,0.0
C_n060_011_a75_033,PASS,1713,1713,1713,1713,1713.0,1713.000000,True,True,False,0.0,0.0
C_n060_012_a25_034,PASS,1113,1113,1113,1113,1113.0,1113.000000,True,True,False,0.0,0.0
C_n060_012_a50_035,PASS,1731,1731,1731,1731,1731.0,1731.000000,True,True,False,0.0,0.0
C_n060_012_a75_036,PASS,1759,1759,1759,1759,1759.0,1759.000000,True,True,False,0.0,0.0
C_n060_013_a25_037,PASS,1294,1294,1294,1294,1294.0,1294.000000,True,True,False,0.0,0.0
C_n060_013_a50_038,PASS,1784,1784,1784,1784,1784.0,1784.000000,True,True,False,0.0,0.0
C_n060_013_a75_039,PASS,2019,2019,2019,2019,2019.0,2019.000000,True,True,False,0.0,0.0
C_n060_014_a25_040,PASS,1544,1544,1544,1544,1544.0,1544.000000,True,True,False,0.0,0.0
C_n060_014_a50_041,PASS,2341,2341,2341,2341,2341.0,2341.000000,True,True,False,0.0,0.0
C_n060_014_a75_042,PASS,2476,2476,2476,2476,2476.0,2476.000000,True,True,False,0.0,0.0
C_n060_015_a25_043,PASS,1466,1466,1466,1466,1466.0,1466.000000,True,True,False,0.0,0.0
C_n060_015_a50_044,PASS,2123,2123,2123,2123,2123.0,2123.000000,True,True,False,0.0,0.0
C_n060_015_a75_045,PASS,2190,2190,2190,2190,2190.0,2190.000000,True,True,False,0.0,0.0
C_n065_016_a25_046,PASS,1312,1312,1312,1312,1312.679396,1312.679396,True,True,False,0.679396,0.679396
C_n065_016_a50_047,PASS,1863,1863,1863,1863,1863.0,1863.000000,True,True,False,0.0,0.0
C_n065_016_a75_048,PASS,1924,1924,1924,1924,1924.0,1924.000000,True,True,False,0.0,0.0
C_n065_017_a25_049,PASS,1302,1302,1302,1302,1302.0,1302.000000,True,True,False,0.0,0.0
C_n065_017_a50_050,PASS,1930,1930,1930,1930,1930.508437,1930.508437,True,True,False,0.508437,0.508437
C_n065_017_a75_051,PASS_NEEDS_EPS,1971,1971,1970,1971,1971.0,1971.000000,False,True,True,-0.0,-0.0
C_n065_018_a25_052,PASS,1386,1386,1386,1386,1386.0,1386.000000,True,True,False,0.0,0.0
C_n065_018_a50_053,PASS,1906,1906,1906,1906,1906.007344,1906.007344,True,True,False,0.007344,0.007344
C_n065_018_a75_054,PASS,2146,2146,2146,2146,2146.0,2146.000000,True,True,False,0.0,0.0
C_n065_019_a25_055,PASS,1864,1864,1864,1864,1864.0,1864.000000,True,True,False,0.0,0.0
C_n065_019_a50_056,PASS,2464,2464,2464,2464,2464.0,2464.000000,True,True,False,0.0,0.0
C_n065_019_a75_057,PASS,2600,2600,2600,2600,2600.0,2600.000000,True,True,False,0.0,0.0
C_n065_020_a25_058,PASS,1566,1566,1566,1566,1566.0,1566.000000,True,True,False,0.0,0.0
C_n065_020_a50_059,PASS,2323,2323,2323,2323,2323.001578,2323.001578,True,True,False,0.001578,0.001578
C_n065_020_a75_060,PASS,2489,2489,2489,2489,2489.0,2489.000000,True,True,False,0.0,0.0
C_n070_021_a25_061,PASS,1314,1314,1314,1314,1314.689157,1314.689157,True,True,False,0.689157,0.689157
C_n070_021_a50_062,PASS,1964,1964,1964,1964,1964.0,1964.000000,True,True,False,0.0,0.0
C_n070_021_a75_063,PASS,2035,2035,2035,2035,2035.0,2035.000000,True,True,False,0.0,0.0
C_n070_022_a25_064,PASS,1413,1413,1413,1413,1413.50819,1413.508190,True,True,False,0.50819,0.50819
C_n070_022_a50_065,PASS,2060,2060,2060,2060,2060.14153,2060.141530,True,True,False,0.14153,0.14153
C_n070_022_a75_066,PASS_NEEDS_EPS,2102,2102,2101,2102,2102.0,2102.000000,False,True,True,-0.0,-0.0
C_n070_023_a25_067,PASS,1632,1632,1632,1632,1632.580543,1632.580543,True,True,False,0.580543,0.580543
C_n070_023_a50_068,PASS,2305,2305,2305,2305,2305.510912,2305.510912,True,True,False,0.510912,0.510912
C_n070_023_a75_069,PASS,2359,2359,2359,2359,2359.0,2359.000000,True,True,False,0.0,0.0
C_n070_024_a25_070,PASS,2046,2046,2046,2046,2046.0,2046.000000,True,True,False,0.0,0.0
C_n070_024_a50_071,PASS,2863,2863,2863,2863,2863.0,2863.000000,True,True,False,0.0,0.0
C_n070_024_a75_072,PASS,3009,3009,3009,3009,3009.0,3009.000000,True,True,False,0.0,0.0
C_n070_025_a25_073,PASS,1680,1680,1680,1680,1680.0,1680.000000,True,True,False,0.0,0.0
C_n070_025_a50_074,PASS,2449,2449,2449,2449,2449.0,2449.000000,True,True,False,0.0,0.0
C_n070_025_a75_075,PASS,2601,2601,2601,2601,2601.0,2601.000000,True,True,False,0.0,0.0
C_n075_026_a25_076,PASS,1316,1316,1316,1316,1316.001182,1316.001182,True,True,False,0.001182,0.001182
C_n075_026_a50_077,PASS,1977,1977,1977,1977,1977.00112,1977.001120,True,True,False,0.00112,0.00112
C_n075_026_a75_078,PASS,2055,2055,2055,2055,2055.0,2055.000000,True,True,False,0.0,0.0
C_n075_027_a25_079,PASS,1618,1618,1618,1618,1618.0,1618.000000,True,True,False,0.0,0.0
C_n075_027_a50_080,PASS,2185,2185,2185,2185,2185.037409,2185.037409,True,True,False,0.037409,0.037409
C_n075_027_a75_081,PASS,2232,2232,2232,2232,2232.0,2232.000000,True,True,False,0.0,0.0
C_n075_028_a25_082,PASS,1833,1833,1833,1833,1833.669723,1833.669723,True,True,False,0.669723,0.669723
C_n075_028_a50_083,PASS,2538,2538,2538,2538,2538.0,2538.000000,True,True,False,0.0,0.0
C_n075_028_a75_084,PASS,2582,2582,2582,2582,2582.0,2582.000000,True,True,False,0.0,0.0
C_n075_029_a25_085,PASS,2168,2168,2168,2168,2168.000009,2168.000009,True,True,False,9e-06,9e-06
C_n075_029_a50_086,PASS,3004,3004,3004,3004,3004.0,3004.000000,True,True,False,0.0,0.0
C_n075_029_a75_087,PASS_NEEDS_EPS,3223,3223,3222,3223,3223.0,3223.000000,False,True,True,-0.0,-0.0
C_n075_030_a25_088,PASS,1777,1777,1777,1777,1777.219379,1777.219379,True,True,False,0.219379,0.219379
C_n075_030_a50_089,PASS,2568,2568,2568,2568,2568.0,2568.000000,True,True,False,0.0,0.0
C_n075_030_a75_090,PASS,2722,2722,2722,2722,2722.0,2722.000000,True,True,False,0.0,0.0
C_n080_031_a25_091,PASS,1515,1515,1515,1515,1515.348232,1515.348232,True,True,False,0.348232,0.348232
C_n080_031_a50_092,PASS,2287,2287,2287,2287,2287.001114,2287.001114,True,True,False,0.001114,0.001114
C_n080_031_a75_093,PASS,2365,2365,2365,2365,2365.0,2365.000000,True,True,False,0.0,0.0
C_n080_032_a25_094,PASS,1747,1747,1747,1747,1747.0,1747.000000,True,True,False,0.0,0.0
C_n080_032_a50_095,PASS,2404,2404,2404,2404,2404.026073,2404.026073,True,True,False,0.026073,0.026073
C_n080_032_a75_096,PASS,2461,2461,2461,2461,2461.0,2461.000000,True,True,False,0.0,0.0
C_n080_033_a25_097,PASS,2033,2033,2033,2033,2033.661363,2033.661363,True,True,False,0.661363,0.661363
C_n080_033_a50_098,PASS,2748,2748,2748,2748,2748.0,2748.000000,True,True,False,0.0,0.0
C_n080_033_a75_099,PASS,2803,2803,2803,2803,2803.0,2803.000000,True,True,False,0.0,0.0
C_n080_034_a25_100,PASS,2268,2268,2268,2268,2268.00034,2268.000340,True,True,False,0.00034,0.00034
C_n080_034_a50_101,PASS,3205,3205,3205,3205,3205.511997,3205.511997,True,True,False,0.511997,0.511997
C_n080_034_a75_102,PASS_NEEDS_EPS,3426,3426,3425,3426,3426.0,3426.000000,False,True,True,-0.0,-0.0
C_n080_035_a25_103,PASS,1898,1898,1898,1898,1898.016194,1898.016194,True,True,False,0.016194,0.016194
C_n080_035_a50_104,PASS,2779,2779,2779,2779,2779.027166,2779.027166,True,True,False,0.027166,0.027166
C_n080_035_a75_105,PASS,2934,2934,2934,2934,2934.0,2934.000000,True,True,False,0.0,0.0
D_n040_001_a25_001,PASS,715,715,715,715,715.0,715.000000,True,True,False,0.0,0.0
D_n040_001_a50_002,PASS,970,970,970,970,970.0,970.000000,True,True,False,0.0,0.0
D_n040_001_a75_003,PASS_NEEDS_EPS,1203,1203,1202,1203,1203.0,1203.000000,False,True,True,-0.0,-0.0
D_n040_002_a25_004,PASS,352,352,352,352,352.0,352.000000,True,True,False,0.0,0.0
D_n040_002_a50_005,PASS,894,894,894,894,894.0,894.000000,True,True,False,0.0,0.0
D_n040_002_a75_006,PASS,1137,1137,1137,1137,1137.0,1137.000000,True,True,False,0.0,0.0
D_n040_003_a25_007,PASS,563,563,563,563,563.0,563.000000,True,True,False,0.0,0.0
D_n040_003_a50_008,PASS,1023,1023,1023,1023,1023.0,1023.000000,True,True,False,0.0,0.0
D_n040_003_a75_009,PASS,1149,1149,1149,1149,1149.0,1149.000000,True,True,False,0.0,0.0
D_n040_004_a25_010,PASS,723,723,723,723,723.0,723.000000,True,True,False,0.0,0.0
D_n040_004_a50_011,PASS,1374,1374,1374,1374,1374.0,1374.000000,True,True,False,0.0,0.0
D_n040_004_a75_012,PASS_NEEDS_EPS,1537,1537,1536,1537,1537.0,1537.000000,False,True,True,-0.0,-0.0
D_n040_005_a25_013,PASS,837,837,837,837,837.0,837.000000,True,True,False,0.0,0.0
D_n040_005_a50_014,PASS,1351,1351,1351,1351,1351.0,1351.000000,True,True,False,0.0,0.0
D_n040_005_a75_015,PASS,1467,1467,1467,1467,1467.0,1467.000000,True,True,False,0.0,0.0
D_n045_006_a25_016,PASS,745,745,745,745,745.0,745.000000,True,True,False,0.0,0.0
D_n045_006_a50_017,PASS,1208,1208,1208,1208,1208.0,1208.000000,True,True,False,0.0,0.0
D_n045_006_a75_018,PASS,1245,1245,1245,1245,1245.0,1245.000000,True,True,False,0.0,0.0
D_n045_007_a25_019,PASS,662,662,662,662,662.0,662.000000,True,True,False,0.0,0.0
D_n045_007_a50_020,PASS,1105,1105,1105,1105,1105.0,1105.000000,True,True,False,0.0,0.0
D_n045_007_a75_021,PASS,1369,1369,1369,1369,1369.0,1369.000000,True,True,False,0.0,0.0
D_n045_008_a25_022,PASS,953,953,953,953,953.0,953.000000,True,True,False,0.0,0.0
D_n045_008_a50_023,PASS,1337,1337,1337,1337,1337.0,1337.000000,True,True,False,0.0,0.0
D_n045_008_a75_024,PASS,1483,1483,1483,1483,1483.0,1483.000000,True,True,False,0.0,0.0
D_n045_009_a25_025,PASS,936,936,936,936,936.000015,936.000015,True,True,False,1.5e-05,1.5e-05
D_n045_009_a50_026,PASS,1528,1528,1528,1528,1528.0,1528.000000,True,True,False,0.0,0.0
D_n045_009_a75_027,PASS,1651,1651,1651,1651,1651.0,1651.000000,True,True,False,0.0,0.0
D_n045_010_a25_028,PASS,957,957,957,957,957.0,957.000000,True,True,False,0.0,0.0
D_n045_010_a50_029,PASS,1462,1462,1462,1462,1462.0,1462.000000,True,True,False,0.0,0.0
D_n045_010_a75_030,PASS,1613,1613,1613,1613,1613.0,1613.000000,True,True,False,0.0,0.0
D_n050_011_a25_031,PASS,952,952,952,952,952.0,952.000000,True,True,False,0.0,0.0
D_n050_011_a50_032,PASS,1418,1418,1418,1418,1418.0,1418.000000,True,True,False,0.0,0.0
D_n050_011_a75_033,PASS,1464,1464,1464,1464,1464.0,1464.000000,True,True,False,0.0,0.0
D_n050_012_a25_034,PASS,753,753,753,753,753.0,753.000000,True,True,False,0.0,0.0
D_n050_012_a50_035,PASS,1216,1216,1216,1216,1216.0,1216.000000,True,True,False,0.0,0.0
D_n050_012_a75_036,PASS,1478,1478,1478,1478,1478.512328,1478.512328,True,True,False,0.512328,0.512328
D_n050_013_a25_037,PASS,963,963,963,963,963.0,963.000000,True,True,False,0.0,0.0
D_n050_013_a50_038,PASS,1349,1349,1349,1349,1349.0,1349.000000,True,True,False,0.0,0.0
D_n050_013_a75_039,PASS,1593,1593,1593,1593,1593.0,1593.000000,True,True,False,0.0,0.0
D_n050_014_a25_040,PASS,1136,1136,1136,1136,1136.000004,1136.000004,True,True,False,4e-06,4e-06
D_n050_014_a50_041,PASS,1809,1809,1809,1809,1809.000001,1809.000001,True,True,False,1e-06,1e-06
D_n050_014_a75_042,PASS,2061,2061,2061,2061,2061.0,2061.000000,True,True,False,0.0,0.0
D_n050_015_a25_043,PASS,968,968,968,968,968.000109,968.000109,True,True,False,0.000109,0.000109
D_n050_015_a50_044,PASS,1591,1591,1591,1591,1591.0,1591.000000,True,True,False,0.0,0.0
D_n050_015_a75_045,PASS,1635,1635,1635,1635,1635.0,1635.000000,True,True,False,0.0,0.0
D_n055_016_a25_046,PASS,984,984,984,984,984.00059,984.000590,True,True,False,0.00059,0.00059
D_n055_016_a50_047,PASS,1449,1449,1449,1449,1449.0,1449.000000,True,True,False,0.0,0.0
D_n055_016_a75_048,PASS,1491,1491,1491,1491,1491.0,1491.000000,True,True,False,0.0,0.0
D_n055_017_a25_049,PASS,773,773,773,773,773.0,773.000000,True,True,False,0.0,0.0
D_n055_017_a50_050,PASS,1337,1337,1337,1337,1337.0,1337.000000,True,True,False,0.0,0.0
D_n055_017_a75_051,PASS,1609,1609,1609,1609,1609.5116,1609.511600,True,True,False,0.5116,0.5116
D_n055_018_a25_052,PASS,973,973,973,973,973.000011,973.000011,True,True,False,1.1e-05,1.1e-05
D_n055_018_a50_053,PASS,1368,1368,1368,1368,1368.0,1368.000000,True,True,False,0.0,0.0
D_n055_018_a75_054,PASS,1614,1614,1614,1614,1614.0,1614.000000,True,True,False,0.0,0.0
D_n055_019_a25_055,PASS,1147,1147,1147,1147,1147.000017,1147.000017,True,True,False,1.7e-05,1.7e-05
D_n055_019_a50_056,PASS,1920,1920,1920,1920,1920.50857,1920.508570,True,True,False,0.50857,0.50857
D_n055_019_a75_057,PASS,2173,2173,2173,2173,2173.0,2173.000000,True,True,False,0.0,0.0
D_n055_020_a25_058,PASS,1157,1157,1157,1157,1157.000457,1157.000457,True,True,False,0.000457,0.000457
D_n055_020_a50_059,PASS,1891,1891,1891,1891,1891.0,1891.000000,True,True,False,0.0,0.0
D_n055_020_a75_060,PASS_NEEDS_EPS,1958,1958,1957,1958,1958.0,1958.000000,False,True,True,-0.0,-0.0
D_n060_021_a25_061,PASS,1084,1084,1084,1084,1084.00011,1084.000110,True,True,False,0.00011,0.00011
D_n060_021_a50_062,PASS,1646,1646,1646,1646,1646.0,1646.000000,True,True,False,0.0,0.0
D_n060_021_a75_063,PASS,1700,1700,1700,1700,1700.0,1700.000000,True,True,False,0.0,0.0
D_n060_022_a25_064,PASS,1083,1083,1083,1083,1083.0,1083.000000,True,True,False,0.0,0.0
D_n060_022_a50_065,PASS,1787,1787,1787,1787,1787.98339,1787.983390,True,True,False,0.98339,0.98339
D_n060_022_a75_066,PASS,1956,1956,1956,1956,1956.0,1956.000000,True,True,False,0.0,0.0
D_n060_023_a25_067,PASS,1263,1263,1263,1263,1263.0,1263.000000,True,True,False,0.0,0.0
D_n060_023_a50_068,PASS,1768,1768,1768,1768,1768.014728,1768.014728,True,True,False,0.014728,0.014728
D_n060_023_a75_069,PASS,2016,2016,2016,2016,2016.00606,2016.006060,True,True,False,0.00606,0.00606
D_n060_024_a25_070,PASS,1583,1583,1583,1583,1583.0,1583.000000,True,True,False,0.0,0.0
D_n060_024_a50_071,PASS,2249,2249,2249,2249,2249.0,2249.000000,True,True,False,0.0,0.0
D_n060_024_a75_072,PASS,2387,2387,2387,2387,2387.0,2387.000000,True,True,False,0.0,0.0
D_n060_025_a25_073,PASS,1562,1562,1562,1562,1562.097628,1562.097628,True,True,False,0.097628,0.097628
D_n060_025_a50_074,PASS,2114,2114,2114,2114,2114.0,2114.000000,True,True,False,0.0,0.0
D_n060_025_a75_075,PASS,2269,2269,2269,2269,2269.0,2269.000000,True,True,False,0.0,0.0
D_n065_026_a25_076,PASS,1185,1185,1185,1185,1185.001963,1185.001963,True,True,False,0.001963,0.001963
D_n065_026_a50_077,PASS,1848,1848,1848,1848,1848.000005,1848.000005,True,True,False,5e-06,5e-06
D_n065_026_a75_078,PASS,1902,1902,1902,1902,1902.0,1902.000000,True,True,False,0.0,0.0
D_n065_027_a25_079,PASS,1094,1094,1094,1094,1094.0,1094.000000,True,True,False,0.0,0.0
D_n065_027_a50_080,PASS,1798,1798,1798,1798,1798.507188,1798.507188,True,True,False,0.507188,0.507188
D_n065_027_a75_081,PASS,1985,1985,1985,1985,1985.009351,1985.009351,True,True,False,0.009351,0.009351
D_n065_028_a25_082,PASS,1387,1387,1387,1387,1387.64547,1387.645470,True,True,False,0.64547,0.64547
D_n065_028_a50_083,PASS,1971,1971,1971,1971,1971.001952,1971.001952,True,True,False,0.001952,0.001952
D_n065_028_a75_084,PASS,2147,2147,2147,2147,2147.0,2147.000000,True,True,False,0.0,0.0
D_n065_029_a25_085,PASS,1663,1663,1663,1663,1663.001571,1663.001571,True,True,False,0.001571,0.001571
D_n065_029_a50_086,PASS,2450,2450,2450,2450,2450.014502,2450.014502,True,True,False,0.014502,0.014502
D_n065_029_a75_087,PASS,2598,2598,2598,2598,2598.0,2598.000000,True,True,False,0.0,0.0
D_n065_030_a25_088,PASS,1699,1699,1699,1699,1699.020037,1699.020037,True,True,False,0.020037,0.020037
D_n065_030_a50_089,PASS,2341,2341,2341,2341,2341.578833,2341.578833,True,True,False,0.578833,0.578833
D_n065_030_a75_090,PASS,2507,2507,2507,2507,2507.0,2507.000000,True,True,False,0.0,0.0
D_n070_031_a25_091,PASS,1276,1276,1276,1276,1276.513655,1276.513655,True,True,False,0.513655,0.513655
D_n070_031_a50_092,PASS,1872,1872,1872,1872,1872.0,1872.000000,True,True,False,0.0,0.0
D_n070_031_a75_093,PASS,1934,1934,1934,1934,1934.044576,1934.044576,True,True,False,0.044576,0.044576
D_n070_032_a25_094,PASS,1196,1196,1196,1196,1196.000002,1196.000002,True,True,False,2e-06,2e-06
D_n070_032_a50_095,PASS,1918,1918,1918,1918,1918.273321,1918.273321,True,True,False,0.273321,0.273321
D_n070_032_a75_096,PASS,2106,2106,2106,2106,2106.079203,2106.079203,True,True,False,0.079203,0.079203
D_n070_033_a25_097,PASS,1615,1615,1615,1615,1615.518625,1615.518625,True,True,False,0.518625,0.518625
D_n070_033_a50_098,PASS,2301,2301,2301,2301,2301.0,2301.000000,True,True,False,0.0,0.0
D_n070_033_a75_099,PASS,2351,2351,2351,2351,2351.0,2351.000000,True,True,False,0.0,0.0
D_n070_034_a25_100,PASS,1845,1845,1845,1845,1845.0,1845.000000,True,True,False,0.0,0.0
D_n070_034_a50_101,PASS,2739,2739,2739,2739,2739.01218,2739.012180,True,True,False,0.01218,0.01218
D_n070_034_a75_102,PASS,2909,2909,2909,2909,2909.016134,2909.016134,True,True,False,0.016134,0.016134
D_n070_035_a25_103,PASS,1702,1702,1702,1702,1702.008714,1702.008714,True,True,False,0.008714,0.008714
D_n070_035_a50_104,PASS,2354,2354,2354,2354,2354.587023,2354.587023,True,True,False,0.587023,0.587023
D_n070_035_a75_105,PASS_NEEDS_EPS,2530,2530,2529,2530,2530.0,2530.000000,False,True,True,-0.0,-0.0
D_n075_036_a25_106,PASS,1378,1378,1378,1378,1378.0,1378.000000,True,True,False,0.0,0.0
D_n075_036_a50_107,PASS,2102,2102,2102,2102,2102.005575,2102.005575,True,True,False,0.005575,0.005575
D_n075_036_a75_108,PASS,2147,2147,2147,2147,2147.021848,2147.021848,True,True,False,0.021848,0.021848
D_n075_037_a25_109,PASS,1515,1515,1515,1515,1515.0,1515.000000,True,True,False,0.0,0.0
D_n075_037_a50_110,PASS,2230,2230,2230,2230,2230.038971,2230.038971,True,True,False,0.038971,0.038971
D_n075_037_a75_111,PASS,2338,2338,2338,2338,2338.0143,2338.014300,True,True,False,0.0143,0.0143
D_n075_038_a25_112,PASS,1816,1816,1816,1816,1816.538899,1816.538899,True,True,False,0.538899,0.538899
D_n075_038_a50_113,PASS,2522,2522,2522,2522,2522.0,2522.000000,True,True,False,0.0,0.0
D_n075_038_a75_114,PASS,2579,2579,2579,2579,2579.0,2579.000000,True,True,False,0.0,0.0
D_n075_039_a25_115,PASS,2266,2266,2266,2266,2266.0,2266.000000,True,True,False,0.0,0.0
D_n075_039_a50_116,PASS,3082,3082,3082,3082,3082.186905,3082.186905,True,True,False,0.186905,0.186905
D_n075_039_a75_117,PASS,3114,3114,3114,3114,3114.0,3114.000000,True,True,False,0.0,0.0
D_n075_040_a25_118,PASS,1822,1822,1822,1822,1822.034793,1822.034793,True,True,False,0.034793,0.034793
D_n075_040_a50_119,PASS,2574,2574,2574,2574,2574.280577,2574.280577,True,True,False,0.280577,0.280577
D_n075_040_a75_120,PASS_NEEDS_EPS,2751,2751,2750,2751,2751.0,2751.000000,False,True,True,-0.0,-0.0
D_n080_041_a25_121,PASS,1725,1725,1725,1725,1725.511227,1725.511227,True,True,False,0.511227,0.511227
D_n080_041_a50_122,PASS,2234,2234,2234,2234,2234.169783,2234.169783,True,True,False,0.169783,0.169783
D_n080_041_a75_123,PASS,2271,2271,2271,2271,2271.013585,2271.013585,True,True,False,0.013585,0.013585
D_n080_042_a25_124,PASS,1541,1541,1541,1541,1541.686157,1541.686157,True,True,False,0.686157,0.686157
D_n080_042_a50_125,PASS,2381,2381,2381,2381,2381.048254,2381.048254,True,True,False,0.048254,0.048254
D_n080_042_a75_126,PASS,2469,2469,2469,2469,2469.006614,2469.006614,True,True,False,0.006614,0.006614
D_n080_043_a25_127,PASS,2006,2006,2006,2006,2006.517542,2006.517542,True,True,False,0.517542,0.517542
D_n080_043_a50_128,PASS,2724,2724,2724,2724,2724.021706,2724.021706,True,True,False,0.021706,0.021706
D_n080_043_a75_129,PASS,2800,2800,2800,2800,2800.0,2800.000000,True,True,False,0.0,0.0
D_n080_044_a25_130,PASS,2266,2266,2266,2266,2266.037642,2266.037642,True,True,False,0.037642,0.037642
D_n080_044_a50_131,PASS,3271,3271,3271,3271,3271.493166,3271.493166,True,True,False,0.493166,0.493166
D_n080_044_a75_132,PASS,3325,3325,3325,3325,3325.052162,3325.052162,True,True,False,0.052162,0.052162
D_n080_045_a25_133,PASS,1910,1910,1910,1910,1910.524919,1910.524919,True,True,False,0.524919,0.524919
D_n080_045_a50_134,PASS,2757,2757,2757,2757,2757.125949,2757.125949,True,True,False,0.125949,0.125949
D_n080_045_a75_135,PASS,2953,2953,2953,2953,2953.0,2953.000000,True,True,False,0.0,0.0
EB_n100_001_a25_001,PASS,1609,1609,1609,1609,1609.003206,1609.003206,True,True,False,0.003206,0.003206
EB_n100_001_a50_002,PASS,2822,2822,2822,2822,2822.0,2822.000000,True,True,False,0.0,0.0
EB_n100_001_a75_003,PASS,3115,3115,3115,3115,3115.0,3115.000000,True,True,False,0.0,0.0
EB_n100_002_a25_004,PASS,1859,1859,1859,1859,1859.0,1859.000000,True,True,False,0.0,0.0
EB_n100_002_a50_005,PASS,3053,3053,3053,3053,3053.02455,3053.024550,True,True,False,0.02455,0.02455
EB_n100_002_a75_006,PASS,3327,3327,3327,3327,3327.0,3327.000000,True,True,False,0.0,0.0
EB_n100_003_a25_007,PASS,1616,1616,1616,1616,1616.511198,1616.511198,True,True,False,0.511198,0.511198
EB_n100_003_a50_008,PASS,2948,2948,2948,2948,2948.040053,2948.040053,True,True,False,0.040053,0.040053
EB_n100_003_a75_009,PASS,3277,3277,3277,3277,3277.0,3277.000000,True,True,False,0.0,0.0
EB_n100_004_a25_010,PASS,2417,2417,2417,2417,2417.0,2417.000000,True,True,False,0.0,0.0
EB_n100_004_a50_011,PASS,3719,3719,3719,3719,3719.0,3719.000000,True,True,False,0.0,0.0
EB_n100_004_a75_012,PASS,4170,4170,4170,4170,4170.0,4170.000000,True,True,False,0.0,0.0
EB_n100_005_a25_013,PASS,1917,1917,1917,1917,1917.0,1917.000000,True,True,False,0.0,0.0
EB_n100_005_a50_014,PASS,3310,3310,3310,3310,3310.0,3310.000000,True,True,False,0.0,0.0
EB_n100_005_a75_015,PASS,3501,3501,3501,3501,3501.0,3501.000000,True,True,False,0.0,0.0
EB_n110_006_a25_016,PASS,1710,1710,1710,1710,1710.0,1710.000000,True,True,False,0.0,0.0
EB_n110_006_a50_017,PASS,3252,3252,3252,3252,3252.0,3252.000000,True,True,False,0.0,0.0
EB_n110_006_a75_018,PASS,3611,3611,3611,3611,3611.0,3611.000000,True,True,False,0.0,0.0
EB_n110_007_a25_019,PASS,2068,2068,2068,2068,2068.0,2068.000000,True,True,False,0.0,0.0
EB_n110_007_a50_020,PASS,3472,3472,3472,3472,3472.12336,3472.123360,True,True,False,0.12336,0.12336
EB_n110_007_a75_021,PASS,3778,3778,3778,3778,3778.0,3778.000000,True,True,False,0.0,0.0
EB_n110_008_a25_022,PASS,1825,1825,1825,1825,1825.517874,1825.517874,True,True,False,0.517874,0.517874
EB_n110_008_a50_023,PASS,3538,3538,3538,3538,3538.027368,3538.027368,True,True,False,0.027368,0.027368
EB_n110_008_a75_024,PASS,3808,3808,3808,3808,3808.0,3808.000000,True,True,False,0.0,0.0
EB_n110_009_a25_025,PASS,2697,2697,2697,2697,2697.0,2697.000000,True,True,False,0.0,0.0
EB_n110_009_a50_026,PASS,4220,4220,4220,4220,4220.020621,4220.020621,True,True,False,0.020621,0.020621
EB_n110_009_a75_027,PASS,4693,4693,4693,4693,4693.0,4693.000000,True,True,False,0.0,0.0
EB_n110_010_a25_028,PASS,2133,2133,2133,2133,2133.131689,2133.131689,True,True,False,0.131689,0.131689
EB_n110_010_a50_029,PASS,3639,3639,3639,3639,3639.0,3639.000000,True,True,False,0.0,0.0
EB_n110_010_a75_030,PASS,3842,3842,3842,3842,3842.0,3842.000000,True,True,False,0.0,0.0
EB_n120_011_a25_031,PASS,2032,2032,2032,2032,2032.640376,2032.640376,True,True,False,0.640376,0.640376
EB_n120_011_a50_032,PASS,3865,3865,3865,3865,3865.0,3865.000000,True,True,False,0.0,0.0
EB_n120_011_a75_033,PASS,4072,4072,4072,4072,4072.009771,4072.009771,True,True,False,0.009771,0.009771
EB_n120_012_a25_034,PASS,2497,2497,2497,2497,2497.040483,2497.040483,True,True,False,0.040483,0.040483
EB_n120_012_a50_035,PASS,4043,4043,4043,4043,4043.302458,4043.302458,True,True,False,0.302458,0.302458
EB_n120_012_a75_036,PASS,4220,4220,4220,4220,4220.0,4220.000000,True,True,False,0.0,0.0
EB_n120_013_a25_037,PASS,2692,2692,2692,2692,2692.553725,2692.553725,True,True,False,0.553725,0.553725
EB_n120_013_a50_038,PASS,4040,4040,4040,4040,4040.0,4040.000000,True,True,False,0.0,0.0
EB_n120_013_a75_039,PASS,4147,4147,4147,4147,4147.0,4147.000000,True,True,False,0.0,0.0
EB_n120_014_a25_040,PASS,2717,2717,2717,2717,2717.330105,2717.330105,True,True,False,0.330105,0.330105
EB_n120_014_a50_041,PASS,4549,4549,4549,4549,4549.0,4549.000000,True,True,False,0.0,0.0
EB_n120_014_a75_042,PASS,5034,5034,5034,5034,5034.0,5034.000000,True,True,False,0.0,0.0
EB_n120_015_a25_043,PASS,2247,2247,2247,2247,2247.0,2247.000000,True,True,False,0.0,0.0
EB_n120_015_a50_044,PASS,3858,3858,3858,3858,3858.018332,3858.018332,True,True,False,0.018332,0.018332
EB_n120_015_a75_045,PASS,4268,4268,4268,4268,4268.0,4268.000000,True,True,False,0.0,0.0
EB_n130_016_a25_046,PASS,2241,2241,2241,2241,2241.62227,2241.622270,True,True,False,0.62227,0.62227
EB_n130_016_a50_047,PASS,4096,4096,4096,4096,4096.036362,4096.036362,True,True,False,0.036362,0.036362
EB_n130_016_a75_048,PASS,4332,4332,4332,4332,4332.072774,4332.072774,True,True,False,0.072774,0.072774
EB_n130_017_a25_049,PASS,2679,2679,2679,2679,2679.021276,2679.021276,True,True,False,0.021276,0.021276
EB_n130_017_a50_050,PASS,4443,4443,4443,4443,4443.612731,4443.612731,True,True,False,0.612731,0.612731
EB_n130_017_a75_051,PASS,4644,4644,4644,4644,4644.0,4644.000000,True,True,False,0.0,0.0
EB_n130_018_a25_052,PASS,3024,3024,3024,3024,3024.570036,3024.570036,True,True,False,0.570036,0.570036
EB_n130_018_a50_053,PASS,4466,4466,4466,4466,4466.026182,4466.026182,True,True,False,0.026182,0.026182
EB_n130_018_a75_054,PASS,4578,4578,4578,4578,4578.00881,4578.008810,True,True,False,0.00881,0.00881
EB_n130_019_a25_055,PASS,2816,2816,2816,2816,2816.304042,2816.304042,True,True,False,0.304042,0.304042
EB_n130_019_a50_056,PASS,4769,4769,4769,4769,4769.0,4769.000000,True,True,False,0.0,0.0
EB_n130_019_a75_057,PASS,5291,5291,5291,5291,5291.0,5291.000000,True,True,False,0.0,0.0
EB_n130_020_a25_058,PASS,2348,2348,2348,2348,2348.000001,2348.000001,True,True,False,1e-06,1e-06
EB_n130_020_a50_059,PASS,4060,4060,4060,4060,4060.029862,4060.029862,True,True,False,0.029862,0.029862
EB_n130_020_a75_060,PASS,4584,4584,4584,4584,4584.0,4584.000000,True,True,False,0.0,0.0
EB_n140_021_a25_061,PASS,2543,2543,2543,2543,2543.129762,2543.129762,True,True,False,0.129762,0.129762
EB_n140_021_a50_062,PASS,4493,4493,4493,4493,4493.000775,4493.000775,True,True,False,0.000775,0.000775
EB_n140_021_a75_063,PASS,4852,4852,4852,4852,4852.078597,4852.078597,True,True,False,0.078597,0.078597
EB_n140_022_a25_064,PASS,2772,2772,2772,2772,2772.69243,2772.692430,True,True,False,0.69243,0.69243
EB_n140_022_a50_065,PASS,4922,4922,4922,4922,4922.679722,4922.679722,True,True,False,0.679722,0.679722
EB_n140_022_a75_066,PASS,5175,5175,5175,5175,5175.0,5175.000000,True,True,False,0.0,0.0
EB_n140_023_a25_067,PASS,3340,3340,3340,3340,3340.039754,3340.039754,True,True,False,0.039754,0.039754
EB_n140_023_a50_068,PASS,4920,4920,4920,4920,4920.06362,4920.063620,True,True,False,0.06362,0.06362
EB_n140_023_a75_069,PASS,5094,5094,5094,5094,5094.015348,5094.015348,True,True,False,0.015348,0.015348
EB_n140_024_a25_070,PASS,3613,3613,3613,3613,3613.019664,3613.019664,True,True,False,0.019664,0.019664
EB_n140_024_a50_071,PASS,5535,5535,5535,5535,5535.720527,5535.720527,True,True,False,0.720527,0.720527
EB_n140_024_a75_072,PASS,5661,5661,5661,5661,5661.0,5661.000000,True,True,False,0.0,0.0
EB_n140_025_a25_073,PASS,2753,2753,2753,2753,2753.0,2753.000000,True,True,False,0.0,0.0
EB_n140_025_a50_074,PASS,4605,4605,4605,4605,4605.18942,4605.189420,True,True,False,0.18942,0.18942
EB_n140_025_a75_075,PASS,4940,4940,4940,4940,4940.0,4940.000000,True,True,False,0.0,0.0
EB_n150_026_a25_076,PASS,2554,2554,2554,2554,2554.582524,2554.582524,True,True,False,0.582524,0.582524
EB_n150_026_a50_077,PASS,4811,4811,4811,4811,4811.000671,4811.000671,True,True,False,0.000671,0.000671
EB_n150_026_a75_078,PASS,5182,5182,5182,5182,5182.116897,5182.116897,True,True,False,0.116897,0.116897
EB_n150_027_a25_079,PASS,2775,2775,2775,2775,2775.723508,2775.723508,True,True,False,0.723508,0.723508
EB_n150_027_a50_080,PASS,5043,5043,5043,5043,5043.117867,5043.117867,True,True,False,0.117867,0.117867
EB_n150_027_a75_081,PASS,5408,5408,5408,5408,5408.0,5408.000000,True,True,False,0.0,0.0
EB_n150_028_a25_082,PASS,3449,3449,3449,3449,3449.039446,3449.039446,True,True,False,0.039446,0.039446
EB_n150_028_a50_083,PASS,5052,5052,5052,5052,5052.231423,5052.231423,True,True,False,0.231423,0.231423
EB_n150_028_a75_084,PASS,5329,5329,5329,5329,5329.0,5329.000000,True,True,False,0.0,0.0
EB_n150_029_a25_085,PASS,4054,4054,4054,4054,4054.51645,4054.516450,True,True,False,0.51645,0.51645
EB_n150_029_a50_086,PASS,6076,6076,6076,6076,6076.246548,6076.246548,True,True,False,0.246548,0.246548
EB_n150_029_a75_087,PASS,6185,6185,6185,6185,6185.0,6185.000000,True,True,False,0.0,0.0
EB_n150_030_a25_088,PASS,2970,2970,2970,2970,2970.0,2970.000000,True,True,False,0.0,0.0
EB_n150_030_a50_089,PASS,4930,4930,4930,4930,4930.827864,4930.827864,True,True,False,0.827864,0.827864
EB_n150_030_a75_090,PASS,5281,5281,5281,5281,5281.074428,5281.074428,True,True,False,0.074428,0.074428
EC_n050_001_a25_001,PASS,421,421,421,421,421.0,421.000000,True,True,False,0.0,0.0
EC_n050_001_a50_002,PASS,1103,1103,1103,1103,1103.0,1103.000000,True,True,False,0.0,0.0
EC_n050_001_a75_003,PASS,1444,1444,1444,1444,1444.0,1444.000000,True,True,False,0.0,0.0
EC_n050_002_a25_004,PASS,355,355,355,355,355.0,355.000000,True,True,False,0.0,0.0
EC_n050_002_a50_005,PASS,1136,1136,1136,1136,1136.0,1136.000000,True,True,False,0.0,0.0
EC_n050_002_a75_006,PASS,1482,1482,1482,1482,1482.341623,1482.341623,True,True,False,0.341623,0.341623
EC_n050_003_a25_007,PASS,773,773,773,773,773.0,773.000000,True,True,False,0.0,0.0
EC_n050_003_a50_008,PASS,1350,1350,1350,1350,1350.0,1350.000000,True,True,False,0.0,0.0
EC_n050_003_a75_009,PASS_NEEDS_EPS,1584,1584,1583,1584,1584.0,1584.000000,False,True,True,-0.0,-0.0
EC_n050_004_a25_010,PASS,844,844,844,844,844.0,844.000000,True,True,False,0.0,0.0
EC_n050_004_a50_011,PASS,1885,1885,1885,1885,1885.0,1885.000000,True,True,False,0.0,0.0
EC_n050_004_a75_012,PASS,2060,2060,2060,2060,2060.0,2060.000000,True,True,False,0.0,0.0
EC_n050_005_a25_013,PASS,826,826,826,826,826.0,826.000000,True,True,False,0.0,0.0
EC_n050_005_a50_014,PASS,1581,1581,1581,1581,1581.0,1581.000000,True,True,False,0.0,0.0
EC_n050_005_a75_015,PASS,1727,1727,1727,1727,1727.0,1727.000000,True,True,False,0.0,0.0
EC_n055_006_a25_016,PASS,634,634,634,634,634.0,634.000000,True,True,False,0.0,0.0
EC_n055_006_a50_017,PASS,1509,1509,1509,1509,1509.008273,1509.008273,True,True,False,0.008273,0.008273
EC_n055_006_a75_018,PASS,1587,1587,1587,1587,1587.0,1587.000000,True,True,False,0.0,0.0
EC_n055_007_a25_019,PASS,375,375,375,375,375.0,375.000000,True,True,False,0.0,0.0
EC_n055_007_a50_020,PASS,1258,1258,1258,1258,1258.0,1258.000000,True,True,False,0.0,0.0
EC_n055_007_a75_021,PASS,1612,1612,1612,1612,1612.341525,1612.341525,True,True,False,0.341525,0.341525
EC_n055_008_a25_022,PASS,773,773,773,773,773.0,773.000000,True,True,False,0.0,0.0
EC_n055_008_a50_023,PASS,1360,1360,1360,1360,1360.0,1360.000000,True,True,False,0.0,0.0
EC_n055_008_a75_024,PASS,1606,1606,1606,1606,1606.0,1606.000000,True,True,False,0.0,0.0
EC_n055_009_a25_025,PASS,944,944,944,944,944.510722,944.510722,True,True,False,0.510722,0.510722
EC_n055_009_a50_026,PASS,1996,1996,1996,1996,1996.0,1996.000000,True,True,False,0.0,0.0
EC_n055_009_a75_027,PASS,2370,2370,2370,2370,2370.0,2370.000000,True,True,False,0.0,0.0
EC_n055_010_a25_028,PASS,925,925,925,925,925.0,925.000000,True,True,False,0.0,0.0
EC_n055_010_a50_029,PASS,1791,1791,1791,1791,1791.0,1791.000000,True,True,False,0.0,0.0
EC_n055_010_a75_030,PASS,2038,2038,2038,2038,2038.0,2038.000000,True,True,False,0.0,0.0
EC_n060_011_a25_031,PASS,867,867,867,867,867.691192,867.691192,True,True,False,0.691192,0.691192
EC_n060_011_a50_032,PASS,1662,1662,1662,1662,1662.0,1662.000000,True,True,False,0.0,0.0
EC_n060_011_a75_033,PASS,1713,1713,1713,1713,1713.0,1713.000000,True,True,False,0.0,0.0
EC_n060_012_a25_034,PASS,894,894,894,894,894.0,894.000000,True,True,False,0.0,0.0
EC_n060_012_a50_035,PASS_NEEDS_EPS,1710,1710,1709,1710,1710.0,1710.000000,False,True,True,-0.0,-0.0
EC_n060_012_a75_036,PASS,1757,1757,1757,1757,1757.0,1757.000000,True,True,False,0.0,0.0
EC_n060_013_a25_037,PASS,1082,1082,1082,1082,1082.0,1082.000000,True,True,False,0.0,0.0
EC_n060_013_a50_038,PASS,1744,1744,1744,1744,1744.0,1744.000000,True,True,False,0.0,0.0
EC_n060_013_a75_039,PASS,2017,2017,2017,2017,2017.0,2017.000000,True,True,False,0.0,0.0
EC_n060_014_a25_040,PASS,1037,1037,1037,1037,1037.0,1037.000000,True,True,False,0.0,0.0
EC_n060_014_a50_041,PASS,2215,2215,2215,2215,2215.0,2215.000000,True,True,False,0.0,0.0
EC_n060_014_a75_042,PASS_NEEDS_EPS,2476,2476,2475,2476,2476.0,2476.000000,False,True,True,-0.0,-0.0
EC_n060_015_a25_043,PASS,1075,1075,1075,1075,1075.0,1075.000000,True,True,False,0.0,0.0
EC_n060_015_a50_044,PASS,2102,2102,2102,2102,2102.0,2102.000000,True,True,False,0.0,0.0
EC_n060_015_a75_045,PASS,2188,2188,2188,2188,2188.000942,2188.000942,True,True,False,0.000942,0.000942
EC_n065_016_a25_046,PASS,867,867,867,867,867.678451,867.678451,True,True,False,0.678451,0.678451
EC_n065_016_a50_047,PASS,1853,1853,1853,1853,1853.0,1853.000000,True,True,False,0.0,0.0
EC_n065_016_a75_048,PASS,1922,1922,1922,1922,1922.01133,1922.011330,True,True,False,0.01133,0.01133
EC_n065_017_a25_049,PASS,993,993,993,993,993.0,993.000000,True,True,False,0.0,0.0
EC_n065_017_a50_050,PASS,1909,1909,1909,1909,1909.038777,1909.038777,True,True,False,0.038777,0.038777
EC_n065_017_a75_051,PASS,1968,1968,1968,1968,1968.01203,1968.012030,True,True,False,0.01203,0.01203
EC_n065_018_a25_052,PASS,1183,1183,1183,1183,1183.50899,1183.508990,True,True,False,0.50899,0.50899
EC_n065_018_a50_053,PASS,1888,1888,1888,1888,1888.136972,1888.136972,True,True,False,0.136972,0.136972
EC_n065_018_a75_054,PASS,2146,2146,2146,2146,2146.0,2146.000000,True,True,False,0.0,0.0
EC_n065_019_a25_055,PASS,1372,1372,1372,1372,1372.0,1372.000000,True,True,False,0.0,0.0
EC_n065_019_a50_056,PASS,2352,2352,2352,2352,2352.0,2352.000000,True,True,False,0.0,0.0
EC_n065_019_a75_057,PASS,2599,2599,2599,2599,2599.0,2599.000000,True,True,False,0.0,0.0
EC_n065_020_a25_058,PASS,1075,1075,1075,1075,1075.00001,1075.000010,True,True,False,1e-05,1e-05
EC_n065_020_a50_059,PASS,2301,2301,2301,2301,2301.032958,2301.032958,True,True,False,0.032958,0.032958
EC_n065_020_a75_060,PASS,2487,2487,2487,2487,2487.0,2487.000000,True,True,False,0.0,0.0
EC_n070_021_a25_061,PASS,868,868,868,868,868.680553,868.680553,True,True,False,0.680553,0.680553
EC_n070_021_a50_062,PASS,1953,1953,1953,1953,1953.0,1953.000000,True,True,False,0.0,0.0
EC_n070_021_a75_063,PASS,2033,2033,2033,2033,2033.033962,2033.033962,True,True,False,0.033962,0.033962
EC_n070_022_a25_064,PASS,1093,1093,1093,1093,1093.0,1093.000000,True,True,False,0.0,0.0
EC_n070_022_a50_065,PASS,2019,2019,2019,2019,2019.006494,2019.006494,True,True,False,0.006494,0.006494
EC_n070_022_a75_066,PASS,2099,2099,2099,2099,2099.0,2099.000000,True,True,False,0.0,0.0
EC_n070_023_a25_067,PASS,1501,1501,1501,1501,1501.088708,1501.088708,True,True,False,0.088708,0.088708
EC_n070_023_a50_068,PASS,2216,2216,2216,2216,2216.175527,2216.175527,True,True,False,0.175527,0.175527
EC_n070_023_a75_069,PASS,2359,2359,2359,2359,2359.0,2359.000000,True,True,False,0.0,0.0
EC_n070_024_a25_070,PASS_NEEDS_EPS,1671,1671,1670,1671,1671.0,1671.000000,False,True,True,-0.0,-0.0
EC_n070_024_a50_071,PASS,2752,2752,2752,2752,2752.0,2752.000000,True,True,False,0.0,0.0
EC_n070_024_a75_072,PASS,3008,3008,3008,3008,3008.003563,3008.003563,True,True,False,0.003563,0.003563
EC_n070_025_a25_073,PASS,1374,1374,1374,1374,1374.0,1374.000000,True,True,False,0.0,0.0
EC_n070_025_a50_074,PASS,2346,2346,2346,2346,2346.003945,2346.003945,True,True,False,0.003945,0.003945
EC_n070_025_a75_075,PASS,2599,2599,2599,2599,2599.0,2599.000000,True,True,False,0.0,0.0
EC_n075_026_a25_076,PASS,879,879,879,879,879.000058,879.000058,True,True,False,5.8e-05,5.8e-05
EC_n075_026_a50_077,PASS,1970,1970,1970,1970,1970.523503,1970.523503,True,True,False,0.523503,0.523503
EC_n075_026_a75_078,PASS,2055,2055,2055,2055,2055.006212,2055.006212,True,True,False,0.006212,0.006212
EC_n075_027_a25_079,PASS,1305,1305,1305,1305,1305.030849,1305.030849,True,True,False,0.030849,0.030849
EC_n075_027_a50_080,PASS,2145,2145,2145,2145,2145.513048,2145.513048,True,True,False,0.513048,0.513048
EC_n075_027_a75_081,PASS,2222,2222,2222,2222,2222.010942,2222.010942,True,True,False,0.010942,0.010942
EC_n075_028_a25_082,PASS,1702,1702,1702,1702,1702.147754,1702.147754,True,True,False,0.147754,0.147754
EC_n075_028_a50_083,PASS,2436,2436,2436,2436,2436.026018,2436.026018,True,True,False,0.026018,0.026018
EC_n075_028_a75_084,PASS,2581,2581,2581,2581,2581.0,2581.000000,True,True,False,0.0,0.0
EC_n075_029_a25_085,PASS,1755,1755,1755,1755,1755.0,1755.000000,True,True,False,0.0,0.0
EC_n075_029_a50_086,PASS,2983,2983,2983,2983,2983.026079,2983.026079,True,True,False,0.026079,0.026079
EC_n075_029_a75_087,PASS,3221,3221,3221,3221,3221.0,3221.000000,True,True,False,0.0,0.0
EC_n075_030_a25_088,PASS,1484,1484,1484,1484,1484.000002,1484.000002,True,True,False,2e-06,2e-06
EC_n075_030_a50_089,PASS,2464,2464,2464,2464,2464.226586,2464.226586,True,True,False,0.226586,0.226586
EC_n075_030_a75_090,PASS,2720,2720,2720,2720,2720.0,2720.000000,True,True,False,0.0,0.0
EC_n080_031_a25_091,PASS,1068,1068,1068,1068,1068.342833,1068.342833,True,True,False,0.342833,0.342833
EC_n080_031_a50_092,PASS,2180,2180,2180,2180,2180.523112,2180.523112,True,True,False,0.523112,0.523112
EC_n080_031_a75_093,PASS,2365,2365,2365,2365,2365.015906,2365.015906,True,True,False,0.015906,0.015906
EC_n080_032_a25_094,PASS,1424,1424,1424,1424,1424.027315,1424.027315,True,True,False,0.027315,0.027315
EC_n080_032_a50_095,PASS,2283,2283,2283,2283,2283.164191,2283.164191,True,True,False,0.164191,0.164191
EC_n080_032_a75_096,PASS,2450,2450,2450,2450,2450.0,2450.000000,True,True,False,0.0,0.0
EC_n080_033_a25_097,PASS,1811,1811,1811,1811,1811.186961,1811.186961,True,True,False,0.186961,0.186961
EC_n080_033_a50_098,PASS,2646,2646,2646,2646,2646.000004,2646.000004,True,True,False,4e-06,4e-06
EC_n080_033_a75_099,PASS,2802,2802,2802,2802,2802.0,2802.000000,True,True,False,0.0,0.0
EC_n080_034_a25_100,PASS,1858,1858,1858,1858,1858.0,1858.000000,True,True,False,0.0,0.0
EC_n080_034_a50_101,PASS,3175,3175,3175,3175,3175.024986,3175.024986,True,True,False,0.024986,0.024986
EC_n080_034_a75_102,PASS,3424,3424,3424,3424,3424.0,3424.000000,True,True,False,0.0,0.0
EC_n080_035_a25_103,PASS,1589,1589,1589,1589,1589.108315,1589.108315,True,True,False,0.108315,0.108315
EC_n080_035_a50_104,PASS,2676,2676,2676,2676,2676.260926,2676.260926,True,True,False,0.260926,0.260926
EC_n080_035_a75_105,PASS,2932,2932,2932,2932,2932.0,2932.000000,True,True,False,0.0,0.0
ED_n040_001_a25_001,PASS_NEEDS_EPS,412,412,411,412,412.0,412.000000,False,True,True,-0.0,-0.0
ED_n040_001_a50_002,PASS,948,948,948,948,948.0,948.000000,True,True,False,0.0,0.0
ED_n040_001_a75_003,PASS,1201,1201,1201,1201,1201.0,1201.000000,True,True,False,0.0,0.0
ED_n040_002_a25_004,PASS,212,212,212,212,212.0,212.000000,True,True,False,0.0,0.0
ED_n040_002_a50_005,PASS,772,772,772,772,772.0,772.000000,True,True,False,0.0,0.0
ED_n040_002_a75_006,PASS,1026,1026,1026,1026,1026.0,1026.000000,True,True,False,0.0,0.0
ED_n040_003_a25_007,PASS,352,352,352,352,352.0,352.000000,True,True,False,0.0,0.0
ED_n040_003_a50_008,PASS,994,994,994,994,994.0,994.000000,True,True,False,0.0,0.0
ED_n040_003_a75_009,PASS,1138,1138,1138,1138,1138.0,1138.000000,True,True,False,0.0,0.0
ED_n040_004_a25_010,PASS,422,422,422,422,422.0,422.000000,True,True,False,0.0,0.0
ED_n040_004_a50_011,PASS,1164,1164,1164,1164,1164.241432,1164.241432,True,True,False,0.241432,0.241432
ED_n040_004_a75_012,PASS_NEEDS_EPS,1526,1526,1525,1526,1526.0,1526.000000,False,True,True,-0.0,-0.0
ED_n040_005_a25_013,PASS,445,445,445,445,445.0,445.000000,True,True,False,0.0,0.0
ED_n040_005_a50_014,PASS,1161,1161,1161,1161,1161.0,1161.000000,True,True,False,0.0,0.0
ED_n040_005_a75_015,PASS,1466,1466,1466,1466,1466.0,1466.000000,True,True,False,0.0,0.0
ED_n045_006_a25_016,PASS,523,523,523,523,523.0,523.000000,True,True,False,0.0,0.0
ED_n045_006_a50_017,PASS,1099,1099,1099,1099,1099.0,1099.000000,True,True,False,0.0,0.0
ED_n045_006_a75_018,PASS,1244,1244,1244,1244,1244.0,1244.000000,True,True,False,0.0,0.0
ED_n045_007_a25_019,PASS,253,253,253,253,253.0,253.000000,True,True,False,0.0,0.0
ED_n045_007_a50_020,PASS,914,914,914,914,914.0,914.000000,True,True,False,0.0,0.0
ED_n045_007_a75_021,PASS,1278,1278,1278,1278,1278.0,1278.000000,True,True,False,0.0,0.0
ED_n045_008_a25_022,PASS,732,732,732,732,732.0,732.000000,True,True,False,0.0,0.0
ED_n045_008_a50_023,PASS,1326,1326,1326,1326,1326.0,1326.000000,True,True,False,0.0,0.0
ED_n045_008_a75_024,PASS_NEEDS_EPS,1472,1472,1471,1472,1472.0,1472.000000,False,True,True,-0.0,-0.0
ED_n045_009_a25_025,PASS_NEEDS_EPS,843,843,842,843,843.0,843.000000,False,True,True,-0.0,-0.0
ED_n045_009_a50_026,PASS,1487,1487,1487,1487,1487.0,1487.000000,True,True,False,0.0,0.0
ED_n045_009_a75_027,PASS,1650,1650,1650,1650,1650.0,1650.000000,True,True,False,0.0,0.0
ED_n045_010_a25_028,PASS,813,813,813,813,813.0,813.000000,True,True,False,0.0,0.0
ED_n045_010_a50_029,PASS,1449,1449,1449,1449,1449.0,1449.000000,True,True,False,0.0,0.0
ED_n045_010_a75_030,PASS,1596,1596,1596,1596,1596.0,1596.000000,True,True,False,0.0,0.0
ED_n050_011_a25_031,PASS,623,623,623,623,623.0,623.000000,True,True,False,0.0,0.0
ED_n050_011_a50_032,PASS,1306,1306,1306,1306,1306.0,1306.000000,True,True,False,0.0,0.0
ED_n050_011_a75_033,PASS,1464,1464,1464,1464,1464.0,1464.000000,True,True,False,0.0,0.0
ED_n050_012_a25_034,PASS,354,354,354,354,354.0,354.000000,True,True,False,0.0,0.0
ED_n050_012_a50_035,PASS,1015,1015,1015,1015,1015.023209,1015.023209,True,True,False,0.023209,0.023209
ED_n050_012_a75_036,PASS,1378,1378,1378,1378,1378.0,1378.000000,True,True,False,0.0,0.0
ED_n050_013_a25_037,PASS,742,742,742,742,742.0,742.000000,True,True,False,0.0,0.0
ED_n050_013_a50_038,PASS,1338,1338,1338,1338,1338.033168,1338.033168,True,True,False,0.033168,0.033168
ED_n050_013_a75_039,PASS_NEEDS_EPS,1582,1582,1581,1582,1582.0,1582.000000,False,True,True,-0.0,-0.0
ED_n050_014_a25_040,PASS_NEEDS_EPS,1034,1034,1033,1034,1034.0,1034.000000,False,True,True,-0.0,-0.0
ED_n050_014_a50_041,PASS,1797,1797,1797,1797,1797.175394,1797.175394,True,True,False,0.175394,0.175394
ED_n050_014_a75_042,PASS,2058,2058,2058,2058,2058.0,2058.000000,True,True,False,0.0,0.0
ED_n050_015_a25_043,PASS,853,853,853,853,853.010768,853.010768,True,True,False,0.010768,0.010768
ED_n050_015_a50_044,PASS,1483,1483,1483,1483,1483.010538,1483.010538,True,True,False,0.010538,0.010538
ED_n050_015_a75_045,PASS,1626,1626,1626,1626,1626.0,1626.000000,True,True,False,0.0,0.0
ED_n055_016_a25_046,PASS,845,845,845,845,845.0,845.000000,True,True,False,0.0,0.0
ED_n055_016_a50_047,PASS,1447,1447,1447,1447,1447.0,1447.000000,True,True,False,0.0,0.0
ED_n055_016_a75_048,PASS,1488,1488,1488,1488,1488.0,1488.000000,True,True,False,0.0,0.0
ED_n055_017_a25_049,PASS_NEEDS_EPS,364,364,363,364,364.0,364.000000,False,True,True,-0.0,-0.0
ED_n055_017_a50_050,PASS,1136,1136,1136,1136,1136.020979,1136.020979,True,True,False,0.020979,0.020979
ED_n055_017_a75_051,PASS,1489,1489,1489,1489,1489.0,1489.000000,True,True,False,0.0,0.0
ED_n055_018_a25_052,PASS,742,742,742,742,742.0,742.000000,True,True,False,0.0,0.0
ED_n055_018_a50_053,PASS,1348,1348,1348,1348,1348.0,1348.000000,True,True,False,0.0,0.0
ED_n055_018_a75_054,PASS,1602,1602,1602,1602,1602.013819,1602.013819,True,True,False,0.013819,0.013819
ED_n055_019_a25_055,PASS_NEEDS_EPS,1036,1036,1035,1036,1036.0,1036.000000,False,True,True,-0.0,-0.0
ED_n055_019_a50_056,PASS,1907,1907,1907,1907,1907.075602,1907.075602,True,True,False,0.075602,0.075602
ED_n055_019_a75_057,PASS,2170,2170,2170,2170,2170.011258,2170.011258,True,True,False,0.011258,0.011258
ED_n055_020_a25_058,PASS,964,964,964,964,964.009165,964.009165,True,True,False,0.009165,0.009165
ED_n055_020_a50_059,PASS,1790,1790,1790,1790,1790.0,1790.000000,True,True,False,0.0,0.0
ED_n055_020_a75_060,PASS,1955,1955,1955,1955,1955.0,1955.000000,True,True,False,0.0,0.0
ED_n060_021_a25_061,PASS,846,846,846,846,846.0,846.000000,True,True,False,0.0,0.0
ED_n060_021_a50_062,PASS,1637,1637,1637,1637,1637.000001,1637.000001,True,True,False,1e-06,1e-06
ED_n060_021_a75_063,PASS,1699,1699,1699,1699,1699.029751,1699.029751,True,True,False,0.029751,0.029751
ED_n060_022_a25_064,PASS_NEEDS_EPS,864,864,863,864,864.0,864.000000,False,True,True,-0.0,-0.0
ED_n060_022_a50_065,PASS,1764,1764,1764,1764,1764.461331,1764.461331,True,True,False,0.461331,0.461331
ED_n060_022_a75_066,PASS,1954,1954,1954,1954,1954.103308,1954.103308,True,True,False,0.103308,0.103308
ED_n060_023_a25_067,PASS_NEEDS_EPS,1051,1051,1050,1051,1051.0,1051.000000,False,True,True,-0.0,-0.0
ED_n060_023_a50_068,PASS,1737,1737,1737,1737,1737.017352,1737.017352,True,True,False,0.017352,0.017352
ED_n060_023_a75_069,PASS,2002,2002,2002,2002,2002.0,2002.000000,True,True,False,0.0,0.0
ED_n060_024_a25_070,PASS,1253,1253,1253,1253,1253.0,1253.000000,True,True,False,0.0,0.0
ED_n060_024_a50_071,PASS,2139,2139,2139,2139,2139.019949,2139.019949,True,True,False,0.019949,0.019949
ED_n060_024_a75_072,PASS,2386,2386,2386,2386,2386.042677,2386.042677,True,True,False,0.042677,0.042677
ED_n060_025_a25_073,PASS,1346,1346,1346,1346,1346.0,1346.000000,True,True,False,0.0,0.0
ED_n060_025_a50_074,PASS,2014,2014,2014,2014,2014.701595,2014.701595,True,True,False,0.701595,0.701595
ED_n060_025_a75_075,PASS,2268,2268,2268,2268,2268.0,2268.000000,True,True,False,0.0,0.0
ED_n065_026_a25_076,PASS,858,858,858,858,858.0,858.000000,True,True,False,0.0,0.0
ED_n065_026_a50_077,PASS,1838,1838,1838,1838,1838.0,1838.000000,True,True,False,0.0,0.0
ED_n065_026_a75_078,PASS,1901,1901,1901,1901,1901.018865,1901.018865,True,True,False,0.018865,0.018865
ED_n065_027_a25_079,PASS_NEEDS_EPS,874,874,873,874,874.0,874.000000,False,True,True,-0.0,-0.0
ED_n065_027_a50_080,PASS,1764,1764,1764,1764,1764.316518,1764.316518,True,True,False,0.316518,0.316518
ED_n065_027_a75_081,PASS,1982,1982,1982,1982,1982.207457,1982.207457,True,True,False,0.207457,0.207457
ED_n065_028_a25_082,PASS,1156,1156,1156,1156,1156.662424,1156.662424,True,True,False,0.662424,0.662424
ED_n065_028_a50_083,PASS,1949,1949,1949,1949,1949.037402,1949.037402,True,True,False,0.037402,0.037402
ED_n065_028_a75_084,PASS,2144,2144,2144,2144,2144.021034,2144.021034,True,True,False,0.021034,0.021034
ED_n065_029_a25_085,PASS,1343,1343,1343,1343,1343.00448,1343.004480,True,True,False,0.00448,0.00448
ED_n065_029_a50_086,PASS,2341,2341,2341,2341,2341.015284,2341.015284,True,True,False,0.015284,0.015284
ED_n065_029_a75_087,PASS,2597,2597,2597,2597,2597.017688,2597.017688,True,True,False,0.017688,0.017688
ED_n065_030_a25_088,PASS,1478,1478,1478,1478,1478.001782,1478.001782,True,True,False,0.001782,0.001782
ED_n065_030_a50_089,PASS,2339,2339,2339,2339,2339.058298,2339.058298,True,True,False,0.058298,0.058298
ED_n065_030_a75_090,PASS,2497,2497,2497,2497,2497.0,2497.000000,True,True,False,0.0,0.0
ED_n070_031_a25_091,PASS,878,878,878,878,878.0,878.000000,True,True,False,0.0,0.0
ED_n070_031_a50_092,PASS,1859,1859,1859,1859,1859.02152,1859.021520,True,True,False,0.02152,0.02152
ED_n070_031_a75_093,PASS,1932,1932,1932,1932,1932.086864,1932.086864,True,True,False,0.086864,0.086864
ED_n070_032_a25_094,PASS,974,974,974,974,974.0,974.000000,True,True,False,0.0,0.0
ED_n070_032_a50_095,PASS_NEEDS_EPS,1876,1876,1875,1876,1876.0,1876.000000,False,True,True,-0.0,-0.0
ED_n070_032_a75_096,PASS,2094,2094,2094,2094,2094.184741,2094.184741,True,True,False,0.184741,0.184741
ED_n070_033_a25_097,PASS,1483,1483,1483,1483,1483.0,1483.000000,True,True,False,0.0,0.0
ED_n070_033_a50_098,PASS,2201,2201,2201,2201,2201.055043,2201.055043,True,True,False,0.055043,0.055043
ED_n070_033_a75_099,PASS,2350,2350,2350,2350,2350.0,2350.000000,True,True,False,0.0,0.0
ED_n070_034_a25_100,PASS,1445,1445,1445,1445,1445.0,1445.000000,True,True,False,0.0,0.0
ED_n070_034_a50_101,PASS,2540,2540,2540,2540,2540.533206,2540.533206,True,True,False,0.533206,0.533206
ED_n070_034_a75_102,PASS,2908,2908,2908,2908,2908.008623,2908.008623,True,True,False,0.008623,0.008623
ED_n070_035_a25_103,PASS,1479,1479,1479,1479,1479.434181,1479.434181,True,True,False,0.434181,0.434181
ED_n070_035_a50_104,PASS,2352,2352,2352,2352,2352.044559,2352.044559,True,True,False,0.044559,0.044559
ED_n070_035_a75_105,PASS,2519,2519,2519,2519,2519.0,2519.000000,True,True,False,0.0,0.0
ED_n075_036_a25_106,PASS,1077,1077,1077,1077,1077.010612,1077.010612,True,True,False,0.010612,0.010612
ED_n075_036_a50_107,PASS,1989,1989,1989,1989,1989.021573,1989.021573,True,True,False,0.021573,0.021573
ED_n075_036_a75_108,PASS,2143,2143,2143,2143,2143.070316,2143.070316,True,True,False,0.070316,0.070316
ED_n075_037_a25_109,PASS,1282,1282,1282,1282,1282.198964,1282.198964,True,True,False,0.198964,0.198964
ED_n075_037_a50_110,PASS,2099,2099,2099,2099,2099.697438,2099.697438,True,True,False,0.697438,0.697438
ED_n075_037_a75_111,PASS,2327,2327,2327,2327,2327.013214,2327.013214,True,True,False,0.013214,0.013214
ED_n075_038_a25_112,PASS,1685,1685,1685,1685,1685.000002,1685.000002,True,True,False,2e-06,2e-06
ED_n075_038_a50_113,PASS,2413,2413,2413,2413,2413.047896,2413.047896,True,True,False,0.047896,0.047896
ED_n075_038_a75_114,PASS,2577,2577,2577,2577,2577.0,2577.000000,True,True,False,0.0,0.0
ED_n075_039_a25_115,PASS,1964,1964,1964,1964,1964.000007,1964.000007,True,True,False,7e-06,7e-06
ED_n075_039_a50_116,PASS,3051,3051,3051,3051,3051.153207,3051.153207,True,True,False,0.153207,0.153207
ED_n075_039_a75_117,PASS_NEEDS_EPS,3114,3114,3113,3114,3114.0,3114.000000,False,True,True,-0.0,-0.0
ED_n075_040_a25_118,PASS,1589,1589,1589,1589,1589.066,1589.066000,True,True,False,0.066,0.066
ED_n075_040_a50_119,PASS,2571,2571,2571,2571,2571.60161,2571.601610,True,True,False,0.60161,0.60161
ED_n075_040_a75_120,PASS,2740,2740,2740,2740,2740.0,2740.000000,True,True,False,0.0,0.0
ED_n080_041_a25_121,PASS,1504,1504,1504,1504,1504.000002,1504.000002,True,True,False,2e-06,2e-06
ED_n080_041_a50_122,PASS,2232,2232,2232,2232,2232.155466,2232.155466,True,True,False,0.155466,0.155466
ED_n080_041_a75_123,PASS,2271,2271,2271,2271,2271.040232,2271.040232,True,True,False,0.040232,0.040232
ED_n080_042_a25_124,PASS,1305,1305,1305,1305,1305.0,1305.000000,True,True,False,0.0,0.0
ED_n080_042_a50_125,PASS,2162,2162,2162,2162,2162.044074,2162.044074,True,True,False,0.044074,0.044074
ED_n080_042_a75_126,PASS,2458,2458,2458,2458,2458.004542,2458.004542,True,True,False,0.004542,0.004542
ED_n080_043_a25_127,PASS,1785,1785,1785,1785,1785.0,1785.000000,True,True,False,0.0,0.0
ED_n080_043_a50_128,PASS,2631,2631,2631,2631,2631.057313,2631.057313,True,True,False,0.057313,0.057313
ED_n080_043_a75_129,PASS,2798,2798,2798,2798,2798.00762,2798.007620,True,True,False,0.00762,0.00762
ED_n080_044_a25_130,PASS,1965,1965,1965,1965,1965.004665,1965.004665,True,True,False,0.004665,0.004665
ED_n080_044_a50_131,PASS,3151,3151,3151,3151,3151.04388,3151.043880,True,True,False,0.04388,0.04388
ED_n080_044_a75_132,PASS,3324,3324,3324,3324,3324.526329,3324.526329,True,True,False,0.526329,0.526329
ED_n080_045_a25_133,PASS,1685,1685,1685,1685,1685.189902,1685.189902,True,True,False,0.189902,0.189902
ED_n080_045_a50_134,PASS,2673,2673,2673,2673,2673.210611,2673.210611,True,True,False,0.210611,0.210611
ED_n080_045_a75_135,PASS_NEEDS_EPS,2942,2942,2941,2942,2942.0,2942.000000,False,True,True,-0.0,-0.0
