instance,family,n,K,alpha,gap,distance,tier
B_n100_001_a25_001,B,100,2,0.25,1.162791,Line,1-2%
B_n100_001_a50_002,B,100,2,0.5,0.056167,Line,<0.5%
B_n100_001_a75_003,B,100,2,0.75,0.0,Line,exact
B_n100_002_a25_004,B,100,2,0.25,1.89243,Line,1-2%
B_n100_002_a50_005,B,100,2,0.5,1.066351,Line,1-2%
B_n100_002_a75_006,B,100,2,0.75,0.0,Line,exact
B_n100_003_a25_007,B,100,2,0.25,1.654685,Line,1-2%
B_n100_003_a50_008,B,100,2,0.5,0.025159,Line,<0.5%
B_n100_003_a75_009,B,100,2,0.75,0.003051,Line,exact
B_n100_004_a25_010,B,100,2,0.25,1.701389,Line,1-2%
B_n100_004_a50_011,B,100,2,0.5,0.0,Line,exact
B_n100_004_a75_012,B,100,2,0.75,0.0,Line,exact
B_n100_005_a25_013,B,100,2,0.25,1.433849,Line,1-2%
B_n100_005_a50_014,B,100,2,0.5,0.809777,Line,0.5-1%
B_n100_005_a75_015,B,100,2,0.75,0.0,Line,exact
B_n110_006_a25_016,B,110,2,0.25,1.577032,Line,1-2%
B_n110_006_a50_017,B,110,2,0.5,1.033931,Line,1-2%
B_n110_006_a75_018,B,110,2,0.75,0.022131,Line,<0.5%
B_n110_007_a25_019,B,110,2,0.25,1.607213,Line,1-2%
B_n110_007_a50_020,B,110,2,0.5,1.160717,Line,1-2%
B_n110_007_a75_021,B,110,2,0.75,0.0,Line,exact
B_n110_008_a25_022,B,110,2,0.25,0.197161,Line,<0.5%
B_n110_008_a50_023,B,110,2,0.5,0.018915,Line,<0.5%
B_n110_008_a75_024,B,110,2,0.75,0.002626,Line,exact
B_n110_009_a25_025,B,110,2,0.25,0.179745,Line,<0.5%
B_n110_009_a50_026,B,110,2,0.5,0.745941,Line,0.5-1%
B_n110_009_a75_027,B,110,2,0.75,0.0,Line,exact
B_n110_010_a25_028,B,110,2,0.25,0.913508,Line,0.5-1%
B_n110_010_a50_029,B,110,2,0.5,0.761709,Line,0.5-1%
B_n110_010_a75_030,B,110,2,0.75,0.0,Line,exact
B_n120_011_a25_031,B,120,2,0.25,1.796128,Line,1-2%
B_n120_011_a50_032,B,120,2,0.5,1.268965,Line,1-2%
B_n120_011_a75_033,B,120,2,0.75,0.009817,Line,<0.5%
B_n120_012_a25_034,B,120,2,0.25,0.485269,Line,<0.5%
B_n120_012_a50_035,B,120,2,0.5,0.011955,Line,<0.5%
B_n120_012_a75_036,B,120,2,0.75,0.0,Line,exact
B_n120_013_a25_037,B,120,2,0.25,1.598769,Line,1-2%
B_n120_013_a50_038,B,120,2,0.5,0.066409,Line,<0.5%
B_n120_013_a75_039,B,120,2,0.75,0.012055,Line,<0.5%
B_n120_014_a25_040,B,120,2,0.25,1.581616,Line,1-2%
B_n120_014_a50_041,B,120,2,0.5,0.218305,Line,<0.5%
B_n120_014_a75_042,B,120,2,0.75,0.0,Line,exact
B_n120_015_a25_043,B,120,2,0.25,0.178046,Line,<0.5%
B_n120_015_a50_044,B,120,2,0.5,0.0,Line,exact
B_n120_015_a75_045,B,120,2,0.75,0.00467,Line,exact
B_n130_016_a25_046,B,130,2,0.25,1.8598,Line,1-2%
B_n130_016_a50_047,B,130,2,0.5,1.200523,Line,1-2%
B_n130_016_a75_048,B,130,2,0.75,0.195785,Line,<0.5%
B_n130_017_a25_049,B,130,2,0.25,0.409943,Line,<0.5%
B_n130_017_a50_050,B,130,2,0.5,0.336335,Line,<0.5%
B_n130_017_a75_051,B,130,2,0.75,0.0,Line,exact
B_n130_018_a25_052,B,130,2,0.25,1.414541,Line,1-2%
B_n130_018_a50_053,B,130,2,0.5,0.36557,Line,<0.5%
B_n130_018_a75_054,B,130,2,0.75,0.152705,Line,<0.5%
B_n130_019_a25_055,B,130,2,0.25,1.521593,Line,1-2%
B_n130_019_a50_056,B,130,2,0.5,0.742043,Line,0.5-1%
B_n130_019_a75_057,B,130,2,0.75,0.037672,Line,<0.5%
B_n130_020_a25_058,B,130,2,0.25,0.382857,Line,<0.5%
B_n130_020_a50_059,B,130,2,0.5,0.485325,Line,<0.5%
B_n130_020_a75_060,B,130,2,0.75,0.19544,Line,<0.5%
B_n140_021_a25_061,B,140,2,0.25,1.649607,Line,1-2%
B_n140_021_a50_062,B,140,2,0.5,1.157481,Line,1-2%
B_n140_021_a75_063,B,140,2,0.75,0.195453,Line,<0.5%
B_n140_022_a25_064,B,140,2,0.25,0.132528,Line,<0.5%
B_n140_022_a50_065,B,140,2,0.5,0.489716,Line,<0.5%
B_n140_022_a75_066,B,140,2,0.75,0.019312,Line,<0.5%
B_n140_023_a25_067,B,140,2,0.25,0.630749,Line,0.5-1%
B_n140_023_a50_068,B,140,2,0.5,0.961924,Line,0.5-1%
B_n140_023_a75_069,B,140,2,0.75,0.156801,Line,<0.5%
B_n140_024_a25_070,B,140,2,0.25,1.186504,Line,1-2%
B_n140_024_a50_071,B,140,2,0.5,0.614699,Line,0.5-1%
B_n140_024_a75_072,B,140,2,0.75,0.0,Line,exact
B_n140_025_a25_073,B,140,2,0.25,2.431729,Line,>2%
B_n140_025_a50_074,B,140,2,0.5,0.823089,Line,0.5-1%
B_n140_025_a75_075,B,140,2,0.75,0.111212,Line,<0.5%
B_n150_026_a25_076,B,150,2,0.25,1.895004,Line,1-2%
B_n150_026_a50_077,B,150,2,0.5,1.172729,Line,1-2%
B_n150_026_a75_078,B,150,2,0.75,0.211498,Line,<0.5%
B_n150_027_a25_079,B,150,2,0.25,0.542752,Line,0.5-1%
B_n150_027_a50_080,B,150,2,0.5,0.929839,Line,0.5-1%
B_n150_027_a75_081,B,150,2,0.75,0.046113,Line,<0.5%
B_n150_028_a25_082,B,150,2,0.25,1.954356,Line,1-2%
B_n150_028_a50_083,B,150,2,0.5,1.43801,Line,1-2%
B_n150_028_a75_084,B,150,2,0.75,0.13116,Line,<0.5%
B_n150_029_a25_085,B,150,2,0.25,1.952417,Line,1-2%
B_n150_029_a50_086,B,150,2,0.5,0.343137,Line,<0.5%
B_n150_029_a75_087,B,150,2,0.75,0.016166,Line,<0.5%
B_n150_030_a25_088,B,150,2,0.25,1.279199,Line,1-2%
B_n150_030_a50_089,B,150,2,0.5,0.946121,Line,0.5-1%
B_n150_030_a75_090,B,150,2,0.75,0.122955,Line,<0.5%
C_n050_001_a25_001,C,50,3,0.25,0.433487,Line,<0.5%
C_n050_001_a50_002,C,50,3,0.5,0.04852,Line,<0.5%
C_n050_001_a75_003,C,50,3,0.75,0.103699,Line,<0.5%
C_n050_002_a25_004,C,50,3,0.25,0.153022,Line,<0.5%
C_n050_002_a50_005,C,50,3,0.5,0.023861,Line,<0.5%
C_n050_002_a75_006,C,50,3,0.75,0.0,Line,exact
C_n050_003_a25_007,C,50,3,0.25,1.86593,Line,1-2%
C_n050_003_a50_008,C,50,3,0.5,0.110011,Line,<0.5%
C_n050_003_a75_009,C,50,3,0.75,0.0,Line,exact
C_n050_004_a25_010,C,50,3,0.25,0.751159,Line,0.5-1%
C_n050_004_a50_011,C,50,3,0.5,0.079302,Line,<0.5%
C_n050_004_a75_012,C,50,3,0.75,0.0,Line,exact
C_n050_005_a25_013,C,50,3,0.25,0.498891,Line,<0.5%
C_n050_005_a50_014,C,50,3,0.5,0.005938,Line,<0.5%
C_n050_005_a75_015,C,50,3,0.75,0.0,Line,exact
C_n055_006_a25_016,C,55,3,0.25,0.0,Line,exact
C_n055_006_a50_017,C,55,3,0.5,0.0,Line,exact
C_n055_006_a75_018,C,55,3,0.75,0.031456,Line,<0.5%
C_n055_007_a25_019,C,55,3,0.25,1.615272,Line,1-2%
C_n055_007_a50_020,C,55,3,0.5,0.036536,Line,<0.5%
C_n055_007_a75_021,C,55,3,0.75,0.0,Line,exact
C_n055_008_a25_022,C,55,3,0.25,1.336478,Line,1-2%
C_n055_008_a50_023,C,55,3,0.5,0.094046,Line,<0.5%
C_n055_008_a75_024,C,55,3,0.75,0.0,Line,exact
C_n055_009_a25_025,C,55,3,0.25,0.770077,Line,0.5-1%
C_n055_009_a50_026,C,55,3,0.5,0.071858,Line,<0.5%
C_n055_009_a75_027,C,55,3,0.75,0.0,Line,exact
C_n055_010_a25_028,C,55,3,0.25,0.419815,Line,<0.5%
C_n055_010_a50_029,C,55,3,0.5,1.179171,Line,1-2%
C_n055_010_a75_030,C,55,3,0.75,0.0,Line,exact
C_n060_011_a25_031,C,60,3,0.25,0.696436,Line,0.5-1%
C_n060_011_a50_032,C,60,3,0.5,0.102059,Line,<0.5%
C_n060_011_a75_033,C,60,3,0.75,0.0,Line,exact
C_n060_012_a25_034,C,60,3,0.25,0.250941,Line,<0.5%
C_n060_012_a50_035,C,60,3,0.5,0.023103,Line,<0.5%
C_n060_012_a75_036,C,60,3,0.75,0.0,Line,exact
C_n060_013_a25_037,C,60,3,0.25,0.015454,Line,<0.5%
C_n060_013_a50_038,C,60,3,0.5,0.117575,Line,<0.5%
C_n060_013_a75_039,C,60,3,0.75,0.0,Line,exact
C_n060_014_a25_040,C,60,3,0.25,0.98121,Line,0.5-1%
C_n060_014_a50_041,C,60,3,0.5,0.47615,Line,<0.5%
C_n060_014_a75_042,C,60,3,0.75,0.0,Line,exact
C_n060_015_a25_043,C,60,3,0.25,0.63038,Line,0.5-1%
C_n060_015_a50_044,C,60,3,0.5,0.028254,Line,<0.5%
C_n060_015_a75_045,C,60,3,0.75,0.045662,Line,<0.5%
C_n065_016_a25_046,C,65,3,0.25,0.538246,Line,0.5-1%
C_n065_016_a50_047,C,65,3,0.5,0.075091,Line,<0.5%
C_n065_016_a75_048,C,65,3,0.75,0.051975,Line,<0.5%
C_n065_017_a25_049,C,65,3,0.25,0.751649,Line,0.5-1%
C_n065_017_a50_050,C,65,3,0.5,0.051787,Line,<0.5%
C_n065_017_a75_051,C,65,3,0.75,0.0,Line,exact
C_n065_018_a25_052,C,65,3,0.25,0.0,Line,exact
C_n065_018_a50_053,C,65,3,0.5,0.17816,Line,<0.5%
C_n065_018_a75_054,C,65,3,0.75,0.0,Line,exact
C_n065_019_a25_055,C,65,3,0.25,1.239801,Line,1-2%
C_n065_019_a50_056,C,65,3,0.5,0.560959,Line,0.5-1%
C_n065_019_a75_057,C,65,3,0.75,0.0,Line,exact
C_n065_020_a25_058,C,65,3,0.25,0.741586,Line,0.5-1%
C_n065_020_a50_059,C,65,3,0.5,1.283359,Line,1-2%
C_n065_020_a75_060,C,65,3,0.75,0.0,Line,exact
C_n070_021_a25_061,C,70,3,0.25,1.262399,Line,1-2%
C_n070_021_a50_062,C,70,3,0.5,0.172817,Line,<0.5%
C_n070_021_a75_063,C,70,3,0.75,0.04914,Line,<0.5%
C_n070_022_a25_064,C,70,3,0.25,0.930757,Line,0.5-1%
C_n070_022_a50_065,C,70,3,0.5,1.203659,Line,1-2%
C_n070_022_a75_066,C,70,3,0.75,0.0,Line,exact
C_n070_023_a25_067,C,70,3,0.25,0.324496,Line,<0.5%
C_n070_023_a50_068,C,70,3,0.5,0.060701,Line,<0.5%
C_n070_023_a75_069,C,70,3,0.75,0.0,Line,exact
C_n070_024_a25_070,C,70,3,0.25,1.345291,Line,1-2%
C_n070_024_a50_071,C,70,3,0.5,0.229997,Line,<0.5%
C_n070_024_a75_072,C,70,3,0.75,0.0,Line,exact
C_n070_025_a25_073,C,70,3,0.25,1.362142,Line,1-2%
C_n070_025_a50_074,C,70,3,0.5,1.812204,Line,1-2%
C_n070_025_a75_075,C,70,3,0.75,0.0,Line,exact
C_n075_026_a25_076,C,75,3,0.25,0.318134,Line,<0.5%
C_n075_026_a50_077,C,75,3,0.5,1.85176,Line,1-2%
C_n075_026_a75_078,C,75,3,0.75,0.242718,Line,<0.5%
C_n075_027_a25_079,C,75,3,0.25,0.00618,Line,<0.5%
C_n075_027_a50_080,C,75,3,0.5,0.99728,Line,0.5-1%
C_n075_027_a75_081,C,75,3,0.75,0.044783,Line,<0.5%
C_n075_028_a25_082,C,75,3,0.25,0.294374,Line,<0.5%
C_n075_028_a50_083,C,75,3,0.5,0.325963,Line,<0.5%
C_n075_028_a75_084,C,75,3,0.75,0.077429,Line,<0.5%
C_n075_029_a25_085,C,75,3,0.25,0.239278,Line,<0.5%
C_n075_029_a50_086,C,75,3,0.5,0.651735,Line,0.5-1%
C_n075_029_a75_087,C,75,3,0.75,0.0,Line,exact
C_n075_030_a25_088,C,75,3,0.25,0.033753,Line,<0.5%
C_n075_030_a50_089,C,75,3,0.5,1.446828,Line,1-2%
C_n075_030_a75_090,C,75,3,0.75,0.827048,Line,0.5-1%
C_n080_031_a25_091,C,80,3,0.25,0.401026,Line,<0.5%
C_n080_031_a50_092,C,80,3,0.5,1.520045,Line,1-2%
C_n080_031_a75_093,C,80,3,0.75,0.240435,Line,<0.5%
C_n080_032_a25_094,C,80,3,0.25,0.028612,Line,<0.5%
C_n080_032_a50_095,C,80,3,0.5,1.122856,Line,1-2%
C_n080_032_a75_096,C,80,3,0.75,0.081202,Line,<0.5%
C_n080_033_a25_097,C,80,3,0.25,0.28504,Line,<0.5%
C_n080_033_a50_098,C,80,3,0.5,0.506879,Line,0.5-1%
C_n080_033_a75_099,C,80,3,0.75,0.035663,Line,<0.5%
C_n080_034_a25_100,C,80,3,0.25,0.206802,Line,<0.5%
C_n080_034_a50_101,C,80,3,0.5,0.94879,Line,0.5-1%
C_n080_034_a75_102,C,80,3,0.75,0.029189,Line,<0.5%
C_n080_035_a25_103,C,80,3,0.25,0.100058,Line,<0.5%
C_n080_035_a50_104,C,80,3,0.5,1.373948,Line,1-2%
C_n080_035_a75_105,C,80,3,0.75,0.767748,Line,0.5-1%
D_n040_001_a25_001,D,40,4,0.25,0.0,Line,exact
D_n040_001_a50_002,D,40,4,0.5,1.552827,Line,1-2%
D_n040_001_a75_003,D,40,4,0.75,0.0,Line,exact
D_n040_002_a25_004,D,40,4,0.25,0.0,Line,exact
D_n040_002_a50_005,D,40,4,0.5,0.434347,Line,<0.5%
D_n040_002_a75_006,D,40,4,0.75,0.0,Line,exact
D_n040_003_a25_007,D,40,4,0.25,1.158708,Line,1-2%
D_n040_003_a50_008,D,40,4,0.5,0.156159,Line,<0.5%
D_n040_003_a75_009,D,40,4,0.75,0.0,Line,exact
D_n040_004_a25_010,D,40,4,0.25,0.0,Line,exact
D_n040_004_a50_011,D,40,4,0.5,0.311979,Line,<0.5%
D_n040_004_a75_012,D,40,4,0.75,0.0,Line,exact
D_n040_005_a25_013,D,40,4,0.25,0.404569,Line,<0.5%
D_n040_005_a50_014,D,40,4,0.5,0.169955,Line,<0.5%
D_n040_005_a75_015,D,40,4,0.75,0.0,Line,exact
D_n045_006_a25_016,D,45,4,0.25,0.454303,Line,<0.5%
D_n045_006_a50_017,D,45,4,0.5,0.008277,Line,<0.5%
D_n045_006_a75_018,D,45,4,0.75,0.0,Line,exact
D_n045_007_a25_019,D,45,4,0.25,0.82397,Line,0.5-1%
D_n045_007_a50_020,D,45,4,0.5,0.78118,Line,0.5-1%
D_n045_007_a75_021,D,45,4,0.75,0.0,Line,exact
D_n045_008_a25_022,D,45,4,0.25,0.240762,Line,<0.5%
D_n045_008_a50_023,D,45,4,0.5,0.104603,Line,<0.5%
D_n045_008_a75_024,D,45,4,0.75,0.0,Line,exact
D_n045_009_a25_025,D,45,4,0.25,0.234492,Line,<0.5%
D_n045_009_a50_026,D,45,4,0.5,0.0,Line,exact
D_n045_009_a75_027,D,45,4,0.75,0.0,Line,exact
D_n045_010_a25_028,D,45,4,0.25,0.3125,Line,<0.5%
D_n045_010_a50_029,D,45,4,0.5,0.143433,Line,<0.5%
D_n045_010_a75_030,D,45,4,0.75,0.0,Line,exact
D_n050_011_a25_031,D,50,4,0.25,0.241014,Line,<0.5%
D_n050_011_a50_032,D,50,4,0.5,0.014102,Line,<0.5%
D_n050_011_a75_033,D,50,4,0.75,0.0,Line,exact
D_n050_012_a25_034,D,50,4,0.25,0.607181,Line,0.5-1%
D_n050_012_a50_035,D,50,4,0.5,0.815661,Line,0.5-1%
D_n050_012_a75_036,D,50,4,0.75,0.148629,Line,<0.5%
D_n050_013_a25_037,D,50,4,0.25,0.854525,Line,0.5-1%
D_n050_013_a50_038,D,50,4,0.5,0.273527,Line,<0.5%
D_n050_013_a75_039,D,50,4,0.75,0.0,Line,exact
D_n050_014_a25_040,D,50,4,0.25,0.950388,Line,0.5-1%
D_n050_014_a50_041,D,50,4,0.5,0.248139,Line,<0.5%
D_n050_014_a75_042,D,50,4,0.75,0.0,Line,exact
D_n050_015_a25_043,D,50,4,0.25,0.575185,Line,0.5-1%
D_n050_015_a50_044,D,50,4,0.5,0.006285,Line,<0.5%
D_n050_015_a75_045,D,50,4,0.75,0.0,Line,exact
D_n055_016_a25_046,D,55,4,0.25,1.806207,Line,1-2%
D_n055_016_a50_047,D,55,4,0.5,0.089637,Line,<0.5%
D_n055_016_a75_048,D,55,4,0.75,0.073771,Line,<0.5%
D_n055_017_a25_049,D,55,4,0.25,0.604346,Line,0.5-1%
D_n055_017_a50_050,D,55,4,0.5,0.690782,Line,0.5-1%
D_n055_017_a75_051,D,55,4,0.75,0.155135,Line,<0.5%
D_n055_018_a25_052,D,55,4,0.25,0.724416,Line,0.5-1%
D_n055_018_a50_053,D,55,4,0.5,0.20426,Line,<0.5%
D_n055_018_a75_054,D,55,4,0.75,0.006195,Line,<0.5%
D_n055_019_a25_055,D,55,4,0.25,1.256887,Line,1-2%
D_n055_019_a50_056,D,55,4,0.5,0.311526,Line,<0.5%
D_n055_019_a75_057,D,55,4,0.75,0.0,Line,exact
D_n055_020_a25_058,D,55,4,0.25,0.626986,Line,0.5-1%
D_n055_020_a50_059,D,55,4,0.5,0.095097,Line,<0.5%
D_n055_020_a75_060,D,55,4,0.75,0.0,Line,exact
D_n060_021_a25_061,D,60,4,0.25,0.950292,Line,0.5-1%
D_n060_021_a50_062,D,60,4,0.5,0.078917,Line,<0.5%
D_n060_021_a75_063,D,60,4,0.75,0.094084,Line,<0.5%
D_n060_022_a25_064,D,60,4,0.25,0.74237,Line,0.5-1%
D_n060_022_a50_065,D,60,4,0.5,0.914464,Line,0.5-1%
D_n060_022_a75_066,D,60,4,0.75,0.0,Line,exact
D_n060_023_a25_067,D,60,4,0.25,0.244846,Line,<0.5%
D_n060_023_a50_068,D,60,4,0.5,0.231495,Line,<0.5%
D_n060_023_a75_069,D,60,4,0.75,0.148662,Line,<0.5%
D_n060_024_a25_070,D,60,4,0.25,0.771015,Line,0.5-1%
D_n060_024_a50_071,D,60,4,0.5,0.960014,Line,0.5-1%
D_n060_024_a75_072,D,60,4,0.75,0.0,Line,exact
D_n060_025_a25_073,D,60,4,0.25,0.313319,Line,<0.5%
D_n060_025_a50_074,D,60,4,0.5,1.261093,Line,1-2%
D_n060_025_a75_075,D,60,4,0.75,0.0,Line,exact
D_n065_026_a25_076,D,65,4,0.25,0.151668,Line,<0.5%
D_n065_026_a50_077,D,65,4,0.5,1.308411,Line,1-2%
D_n065_026_a75_078,D,65,4,0.75,0.512874,Line,0.5-1%
D_n065_027_a25_079,D,65,4,0.25,0.887842,Line,0.5-1%
D_n065_027_a50_080,D,65,4,0.5,0.732845,Line,0.5-1%
D_n065_027_a75_081,D,65,4,0.75,0.16095,Line,<0.5%
D_n065_028_a25_082,D,65,4,0.25,0.374586,Line,<0.5%
D_n065_028_a50_083,D,65,4,0.5,0.045641,Line,<0.5%
D_n065_028_a75_084,D,65,4,0.75,0.102411,Line,<0.5%
D_n065_029_a25_085,D,65,4,0.25,0.822996,Line,0.5-1%
D_n065_029_a50_086,D,65,4,0.5,1.050081,Line,1-2%
D_n065_029_a75_087,D,65,4,0.75,0.057703,Line,<0.5%
D_n065_030_a25_088,D,65,4,0.25,0.811963,Line,0.5-1%
D_n065_030_a50_089,D,65,4,0.5,0.890585,Line,0.5-1%
D_n065_030_a75_090,D,65,4,0.75,0.167317,Line,<0.5%
D_n070_031_a25_091,D,70,4,0.25,0.047,Line,<0.5%
D_n070_031_a50_092,D,70,4,0.5,1.501185,Line,1-2%
D_n070_031_a75_093,D,70,4,0.75,0.566426,Line,0.5-1%
D_n070_032_a25_094,D,70,4,0.25,1.385224,Line,1-2%
D_n070_032_a50_095,D,70,4,0.5,0.63535,Line,0.5-1%
D_n070_032_a75_096,D,70,4,0.75,0.142315,Line,<0.5%
D_n070_033_a25_097,D,70,4,0.25,0.554187,Line,0.5-1%
D_n070_033_a50_098,D,70,4,0.5,1.1263,Line,1-2%
D_n070_033_a75_099,D,70,4,0.75,0.389963,Line,<0.5%
D_n070_034_a25_100,D,70,4,0.25,1.072386,Line,1-2%
D_n070_034_a50_101,D,70,4,0.5,1.599281,Line,1-2%
D_n070_034_a75_102,D,70,4,0.75,0.109958,Line,<0.5%
D_n070_035_a25_103,D,70,4,0.25,1.116149,Line,1-2%
D_n070_035_a50_104,D,70,4,0.5,1.178451,Line,1-2%
D_n070_035_a75_105,D,70,4,0.75,0.197394,Line,<0.5%
D_n075_036_a25_106,D,75,4,0.25,0.941701,Line,0.5-1%
D_n075_036_a50_107,D,75,4,0.5,0.638449,Line,0.5-1%
D_n075_036_a75_108,D,75,4,0.75,0.487352,Line,<0.5%
D_n075_037_a25_109,D,75,4,0.25,0.35517,Line,<0.5%
D_n075_037_a50_110,D,75,4,0.5,0.058288,Line,<0.5%
D_n075_037_a75_111,D,75,4,0.75,0.106815,Line,<0.5%
D_n075_038_a25_112,D,75,4,0.25,0.460678,Line,<0.5%
D_n075_038_a50_113,D,75,4,0.5,0.903733,Line,0.5-1%
D_n075_038_a75_114,D,75,4,0.75,0.123925,Line,<0.5%
D_n075_039_a25_115,D,75,4,0.25,0.079372,Line,<0.5%
D_n075_039_a50_116,D,75,4,0.5,0.711284,Line,0.5-1%
D_n075_039_a75_117,D,75,4,0.75,0.048146,Line,<0.5%
D_n075_040_a25_118,D,75,4,0.25,1.097707,Line,1-2%
D_n075_040_a50_119,D,75,4,0.5,0.876211,Line,0.5-1%
D_n075_040_a75_120,D,75,4,0.75,0.181554,Line,<0.5%
D_n080_041_a25_121,D,80,4,0.25,0.086881,Line,<0.5%
D_n080_041_a50_122,D,80,4,0.5,0.923705,Line,0.5-1%
D_n080_041_a75_123,D,80,4,0.75,0.482456,Line,<0.5%
D_n080_042_a25_124,D,80,4,0.25,1.240121,Line,1-2%
D_n080_042_a50_125,D,80,4,0.5,1.784239,Line,1-2%
D_n080_042_a75_126,D,80,4,0.75,0.161812,Line,<0.5%
D_n080_043_a25_127,D,80,4,0.25,0.322981,Line,<0.5%
D_n080_043_a50_128,D,80,4,0.5,1.383456,Line,1-2%
D_n080_043_a75_129,D,80,4,0.75,0.114155,Line,<0.5%
D_n080_044_a25_130,D,80,4,0.25,0.330033,Line,<0.5%
D_n080_044_a50_131,D,80,4,0.5,0.760803,Line,0.5-1%
D_n080_044_a75_132,D,80,4,0.75,0.054106,Line,<0.5%
D_n080_045_a25_133,D,80,4,0.25,1.200083,Line,1-2%
D_n080_045_a50_134,D,80,4,0.5,0.765288,Line,0.5-1%
D_n080_045_a75_135,D,80,4,0.75,0.152207,Line,<0.5%
EB_n100_001_a25_001,EB,100,2,0.25,1.258055,Euclidean,1-2%
EB_n100_001_a50_002,EB,100,2,0.5,1.730682,Euclidean,1-2%
EB_n100_001_a75_003,EB,100,2,0.75,0.032103,Euclidean,<0.5%
EB_n100_002_a25_004,EB,100,2,0.25,0.220063,Euclidean,<0.5%
EB_n100_002_a50_005,EB,100,2,0.5,1.729079,Euclidean,1-2%
EB_n100_002_a75_006,EB,100,2,0.75,0.0,Euclidean,exact
EB_n100_003_a25_007,EB,100,2,0.25,0.172968,Euclidean,<0.5%
EB_n100_003_a50_008,EB,100,2,0.5,1.246565,Euclidean,1-2%
EB_n100_003_a75_009,EB,100,2,0.75,0.0,Euclidean,exact
EB_n100_004_a25_010,EB,100,2,0.25,1.855687,Euclidean,1-2%
EB_n100_004_a50_011,EB,100,2,0.5,1.499099,Euclidean,1-2%
EB_n100_004_a75_012,EB,100,2,0.75,0.0,Euclidean,exact
EB_n100_005_a25_013,EB,100,2,0.25,0.827729,Euclidean,0.5-1%
EB_n100_005_a50_014,EB,100,2,0.5,0.003021,Euclidean,exact
EB_n100_005_a75_015,EB,100,2,0.75,0.0,Euclidean,exact
EB_n110_006_a25_016,EB,110,2,0.25,0.105152,Euclidean,<0.5%
EB_n110_006_a50_017,EB,110,2,0.5,1.983242,Euclidean,1-2%
EB_n110_006_a75_018,EB,110,2,0.75,0.094094,Euclidean,<0.5%
EB_n110_007_a25_019,EB,110,2,0.25,0.111095,Euclidean,<0.5%
EB_n110_007_a50_020,EB,110,2,0.5,0.377076,Euclidean,<0.5%
EB_n110_007_a75_021,EB,110,2,0.75,0.0,Euclidean,exact
EB_n110_008_a25_022,EB,110,2,0.25,0.213243,Euclidean,<0.5%
EB_n110_008_a50_023,EB,110,2,0.5,0.081946,Euclidean,<0.5%
EB_n110_008_a75_024,EB,110,2,0.75,0.0,Euclidean,exact
EB_n110_009_a25_025,EB,110,2,0.25,0.044474,Euclidean,<0.5%
EB_n110_009_a50_026,EB,110,2,0.5,1.512676,Euclidean,1-2%
EB_n110_009_a75_027,EB,110,2,0.75,0.0,Euclidean,exact
EB_n110_010_a25_028,EB,110,2,0.25,1.184119,Euclidean,1-2%
EB_n110_010_a50_029,EB,110,2,0.5,0.013738,Euclidean,<0.5%
EB_n110_010_a75_030,EB,110,2,0.75,0.0,Euclidean,exact
EB_n120_011_a25_031,EB,120,2,0.25,0.329287,Euclidean,<0.5%
EB_n120_011_a50_032,EB,120,2,0.5,0.273577,Euclidean,<0.5%
EB_n120_011_a75_033,EB,120,2,0.75,0.04665,Euclidean,<0.5%
EB_n120_012_a25_034,EB,120,2,0.25,1.449046,Euclidean,1-2%
EB_n120_012_a50_035,EB,120,2,0.5,1.278409,Euclidean,1-2%
EB_n120_012_a75_036,EB,120,2,0.75,0.0,Euclidean,exact
EB_n120_013_a25_037,EB,120,2,0.25,1.686112,Euclidean,1-2%
EB_n120_013_a50_038,EB,120,2,0.5,0.093994,Euclidean,<0.5%
EB_n120_013_a75_039,EB,120,2,0.75,0.002411,Euclidean,exact
EB_n120_014_a25_040,EB,120,2,0.25,0.864279,Euclidean,0.5-1%
EB_n120_014_a50_041,EB,120,2,0.5,1.111087,Euclidean,1-2%
EB_n120_014_a75_042,EB,120,2,0.75,0.003973,Euclidean,exact
EB_n120_015_a25_043,EB,120,2,0.25,1.920559,Euclidean,1-2%
EB_n120_015_a50_044,EB,120,2,0.5,1.026431,Euclidean,1-2%
EB_n120_015_a75_045,EB,120,2,0.75,0.0,Euclidean,exact
EB_n130_016_a25_046,EB,130,2,0.25,0.427312,Euclidean,<0.5%
EB_n130_016_a50_047,EB,130,2,0.5,0.326161,Euclidean,<0.5%
EB_n130_016_a75_048,EB,130,2,0.75,0.241963,Euclidean,<0.5%
EB_n130_017_a25_049,EB,130,2,0.25,1.134222,Euclidean,1-2%
EB_n130_017_a50_050,EB,130,2,0.5,1.37671,Euclidean,1-2%
EB_n130_017_a75_051,EB,130,2,0.75,0.0,Euclidean,exact
EB_n130_018_a25_052,EB,130,2,0.25,0.422052,Euclidean,<0.5%
EB_n130_018_a50_053,EB,130,2,0.5,0.085034,Euclidean,<0.5%
EB_n130_018_a75_054,EB,130,2,0.75,0.152705,Euclidean,<0.5%
EB_n130_019_a25_055,EB,130,2,0.25,0.689899,Euclidean,0.5-1%
EB_n130_019_a50_056,EB,130,2,0.5,1.068354,Euclidean,1-2%
EB_n130_019_a75_057,EB,130,2,0.75,0.169811,Euclidean,<0.5%
EB_n130_020_a25_058,EB,130,2,0.25,0.170068,Euclidean,<0.5%
EB_n130_020_a50_059,EB,130,2,0.5,1.41153,Euclidean,1-2%
EB_n130_020_a75_060,EB,130,2,0.75,0.206814,Euclidean,<0.5%
EB_n140_021_a25_061,EB,140,2,0.25,0.404191,Euclidean,<0.5%
EB_n140_021_a50_062,EB,140,2,0.5,1.718288,Euclidean,1-2%
EB_n140_021_a75_063,EB,140,2,0.75,0.288066,Euclidean,<0.5%
EB_n140_022_a25_064,EB,140,2,0.25,1.01986,Euclidean,1-2%
EB_n140_022_a50_065,EB,140,2,0.5,1.75509,Euclidean,1-2%
EB_n140_022_a75_066,EB,140,2,0.75,0.086948,Euclidean,<0.5%
EB_n140_023_a25_067,EB,140,2,0.25,1.037344,Euclidean,1-2%
EB_n140_023_a50_068,EB,140,2,0.5,1.316715,Euclidean,1-2%
EB_n140_023_a75_069,EB,140,2,0.75,0.176401,Euclidean,<0.5%
EB_n140_024_a25_070,EB,140,2,0.25,0.212842,Euclidean,<0.5%
EB_n140_024_a50_071,EB,140,2,0.5,0.960761,Euclidean,0.5-1%
EB_n140_024_a75_072,EB,140,2,0.75,0.02649,Euclidean,<0.5%
EB_n140_025_a25_073,EB,140,2,0.25,0.02542,Euclidean,<0.5%
EB_n140_025_a50_074,EB,140,2,0.5,0.991379,Euclidean,0.5-1%
EB_n140_025_a75_075,EB,140,2,0.75,0.101133,Euclidean,<0.5%
EB_n150_026_a25_076,EB,150,2,0.25,0.747314,Euclidean,0.5-1%
EB_n150_026_a50_077,EB,150,2,0.5,1.816697,Euclidean,1-2%
EB_n150_026_a75_078,EB,150,2,0.75,0.365736,Euclidean,<0.5%
EB_n150_027_a25_079,EB,150,2,0.25,1.060828,Euclidean,1-2%
EB_n150_027_a50_080,EB,150,2,0.5,0.410088,Euclidean,<0.5%
EB_n150_027_a75_081,EB,150,2,0.75,0.110824,Euclidean,<0.5%
EB_n150_028_a25_082,EB,150,2,0.25,0.91954,Euclidean,0.5-1%
EB_n150_028_a50_083,EB,150,2,0.5,1.92064,Euclidean,1-2%
EB_n150_028_a75_084,EB,150,2,0.75,0.187371,Euclidean,<0.5%
EB_n150_029_a25_085,EB,150,2,0.25,0.613046,Euclidean,0.5-1%
EB_n150_029_a50_086,EB,150,2,0.5,0.762108,Euclidean,0.5-1%
EB_n150_029_a75_087,EB,150,2,0.75,0.016166,Euclidean,<0.5%
EB_n150_030_a25_088,EB,150,2,0.25,0.043752,Euclidean,<0.5%
EB_n150_030_a50_089,EB,150,2,0.5,0.926859,Euclidean,0.5-1%
EB_n150_030_a75_090,EB,150,2,0.75,0.141898,Euclidean,<0.5%
EC_n050_001_a25_001,EC,50,3,0.25,0.118624,Euclidean,<0.5%
EC_n050_001_a50_002,EC,50,3,0.5,0.081529,Euclidean,<0.5%
EC_n050_001_a75_003,EC,50,3,0.75,0.069204,Euclidean,<0.5%
EC_n050_002_a25_004,EC,50,3,0.25,0.0,Euclidean,exact
EC_n050_002_a50_005,EC,50,3,0.5,0.638503,Euclidean,0.5-1%
EC_n050_002_a75_006,EC,50,3,0.75,0.047211,Euclidean,<0.5%
EC_n050_003_a25_007,EC,50,3,0.25,0.012935,Euclidean,<0.5%
EC_n050_003_a50_008,EC,50,3,0.5,1.452661,Euclidean,1-2%
EC_n050_003_a75_009,EC,50,3,0.75,0.0,Euclidean,exact
EC_n050_004_a25_010,EC,50,3,0.25,1.447922,Euclidean,1-2%
EC_n050_004_a50_011,EC,50,3,0.5,0.532953,Euclidean,0.5-1%
EC_n050_004_a75_012,EC,50,3,0.75,0.0,Euclidean,exact
EC_n050_005_a25_013,EC,50,3,0.25,0.373899,Euclidean,<0.5%
EC_n050_005_a50_014,EC,50,3,0.5,1.977804,Euclidean,1-2%
EC_n050_005_a75_015,EC,50,3,0.75,0.017368,Euclidean,<0.5%
EC_n055_006_a25_016,EC,55,3,0.25,0.01577,Euclidean,<0.5%
EC_n055_006_a50_017,EC,55,3,0.5,0.092752,Euclidean,<0.5%
EC_n055_006_a75_018,EC,55,3,0.75,0.031496,Euclidean,<0.5%
EC_n055_007_a25_019,EC,55,3,0.25,0.0,Euclidean,exact
EC_n055_007_a50_020,EC,55,3,0.5,0.694664,Euclidean,0.5-1%
EC_n055_007_a75_021,EC,55,3,0.75,0.043405,Euclidean,<0.5%
EC_n055_008_a25_022,EC,55,3,0.25,0.038795,Euclidean,<0.5%
EC_n055_008_a50_023,EC,55,3,0.5,1.277584,Euclidean,1-2%
EC_n055_008_a75_024,EC,55,3,0.75,0.0,Euclidean,exact
EC_n055_009_a25_025,EC,55,3,0.25,1.440802,Euclidean,1-2%
EC_n055_009_a50_026,EC,55,3,0.5,0.369372,Euclidean,<0.5%
EC_n055_009_a75_027,EC,55,3,0.75,0.0,Euclidean,exact
EC_n055_010_a25_028,EC,55,3,0.25,0.258788,Euclidean,<0.5%
EC_n055_010_a50_029,EC,55,3,0.5,1.782287,Euclidean,1-2%
EC_n055_010_a75_030,EC,55,3,0.75,0.014718,Euclidean,<0.5%
EC_n060_011_a25_031,EC,60,3,0.25,1.911981,Euclidean,1-2%
EC_n060_011_a50_032,EC,60,3,0.5,0.036088,Euclidean,<0.5%
EC_n060_011_a75_033,EC,60,3,0.75,0.058377,Euclidean,<0.5%
EC_n060_012_a25_034,EC,60,3,0.25,1.465888,Euclidean,1-2%
EC_n060_012_a50_035,EC,60,3,0.5,0.0,Euclidean,exact
EC_n060_012_a75_036,EC,60,3,0.75,0.0,Euclidean,exact
EC_n060_013_a25_037,EC,60,3,0.25,0.0,Euclidean,exact
EC_n060_013_a50_038,EC,60,3,0.5,1.189802,Euclidean,1-2%
EC_n060_013_a75_039,EC,60,3,0.75,0.0,Euclidean,exact
EC_n060_014_a25_040,EC,60,3,0.25,1.938534,Euclidean,1-2%
EC_n060_014_a50_041,EC,60,3,0.5,1.1249,Euclidean,1-2%
EC_n060_014_a75_042,EC,60,3,0.75,0.121114,Euclidean,<0.5%
EC_n060_015_a25_043,EC,60,3,0.25,0.912527,Euclidean,0.5-1%
EC_n060_015_a50_044,EC,60,3,0.5,0.0,Euclidean,exact
EC_n060_015_a75_045,EC,60,3,0.75,0.06854,Euclidean,<0.5%
EC_n065_016_a25_046,EC,65,3,0.25,0.092187,Euclidean,<0.5%
EC_n065_016_a50_047,EC,65,3,0.5,0.053937,Euclidean,<0.5%
EC_n065_016_a75_048,EC,65,3,0.75,0.083221,Euclidean,<0.5%
EC_n065_017_a25_049,EC,65,3,0.25,0.779376,Euclidean,0.5-1%
EC_n065_017_a50_050,EC,65,3,0.5,0.596421,Euclidean,0.5-1%
EC_n065_017_a75_051,EC,65,3,0.75,0.081276,Euclidean,<0.5%
EC_n065_018_a25_052,EC,65,3,0.25,0.579881,Euclidean,0.5-1%
EC_n065_018_a50_053,EC,65,3,0.5,1.706948,Euclidean,1-2%
EC_n065_018_a75_054,EC,65,3,0.75,0.0,Euclidean,exact
EC_n065_019_a25_055,EC,65,3,0.25,0.680469,Euclidean,0.5-1%
EC_n065_019_a50_056,EC,65,3,0.5,1.022598,Euclidean,1-2%
EC_n065_019_a75_057,EC,65,3,0.75,0.038476,Euclidean,<0.5%
EC_n065_020_a25_058,EC,65,3,0.25,1.601831,Euclidean,1-2%
EC_n065_020_a50_059,EC,65,3,0.5,0.125983,Euclidean,<0.5%
EC_n065_020_a75_060,EC,65,3,0.75,0.0,Euclidean,exact
EC_n070_021_a25_061,EC,70,3,0.25,0.595511,Euclidean,0.5-1%
EC_n070_021_a50_062,EC,70,3,0.5,0.158479,Euclidean,<0.5%
EC_n070_021_a75_063,EC,70,3,0.75,0.073764,Euclidean,<0.5%
EC_n070_022_a25_064,EC,70,3,0.25,0.527849,Euclidean,0.5-1%
EC_n070_022_a50_065,EC,70,3,0.5,0.074276,Euclidean,<0.5%
EC_n070_022_a75_066,EC,70,3,0.75,0.0,Euclidean,exact
EC_n070_023_a25_067,EC,70,3,0.25,0.465735,Euclidean,<0.5%
EC_n070_023_a50_068,EC,70,3,0.5,0.545512,Euclidean,0.5-1%
EC_n070_023_a75_069,EC,70,3,0.75,0.0,Euclidean,exact
EC_n070_024_a25_070,EC,70,3,0.25,0.423098,Euclidean,<0.5%
EC_n070_024_a50_071,EC,70,3,0.5,0.692841,Euclidean,0.5-1%
EC_n070_024_a75_072,EC,70,3,0.75,0.033245,Euclidean,<0.5%
EC_n070_025_a25_073,EC,70,3,0.25,0.650759,Euclidean,0.5-1%
EC_n070_025_a50_074,EC,70,3,0.5,0.157467,Euclidean,<0.5%
EC_n070_025_a75_075,EC,70,3,0.75,0.038476,Euclidean,<0.5%
EC_n075_026_a25_076,EC,75,3,0.25,0.655515,Euclidean,0.5-1%
EC_n075_026_a50_077,EC,75,3,0.5,0.217799,Euclidean,<0.5%
EC_n075_026_a75_078,EC,75,3,0.75,0.291404,Euclidean,<0.5%
EC_n075_027_a25_079,EC,75,3,0.25,0.902969,Euclidean,0.5-1%
EC_n075_027_a50_080,EC,75,3,0.5,0.0885,Euclidean,<0.5%
EC_n075_027_a75_081,EC,75,3,0.75,0.076484,Euclidean,<0.5%
EC_n075_028_a25_082,EC,75,3,0.25,0.404953,Euclidean,<0.5%
EC_n075_028_a50_083,EC,75,3,0.5,0.143472,Euclidean,<0.5%
EC_n075_028_a75_084,EC,75,3,0.75,0.077429,Euclidean,<0.5%
EC_n075_029_a25_085,EC,75,3,0.25,0.022787,Euclidean,<0.5%
EC_n075_029_a50_086,EC,75,3,0.5,0.699301,Euclidean,0.5-1%
EC_n075_029_a75_087,EC,75,3,0.75,0.031037,Euclidean,<0.5%
EC_n075_030_a25_088,EC,75,3,0.25,0.006738,Euclidean,<0.5%
EC_n075_030_a50_089,EC,75,3,0.5,0.437814,Euclidean,<0.5%
EC_n075_030_a75_090,EC,75,3,0.75,0.693937,Euclidean,0.5-1%
EC_n080_031_a25_091,EC,80,3,0.25,0.447427,Euclidean,<0.5%
EC_n080_031_a50_092,EC,80,3,0.5,1.744265,Euclidean,1-2%
EC_n080_031_a75_093,EC,80,3,0.75,0.295359,Euclidean,<0.5%
EC_n080_032_a25_094,EC,80,3,0.25,0.924888,Euclidean,0.5-1%
EC_n080_032_a50_095,EC,80,3,0.5,0.576873,Euclidean,0.5-1%
EC_n080_032_a75_096,EC,80,3,0.75,0.337632,Euclidean,<0.5%
EC_n080_033_a25_097,EC,80,3,0.25,0.430036,Euclidean,<0.5%
EC_n080_033_a50_098,EC,80,3,0.5,0.196138,Euclidean,<0.5%
EC_n080_033_a75_099,EC,80,3,0.75,0.071327,Euclidean,<0.5%
EC_n080_034_a25_100,EC,80,3,0.25,0.0,Euclidean,exact
EC_n080_034_a50_101,EC,80,3,0.5,0.461148,Euclidean,<0.5%
EC_n080_034_a75_102,EC,80,3,0.75,0.029197,Euclidean,<0.5%
EC_n080_035_a25_103,EC,80,3,0.25,0.308195,Euclidean,<0.5%
EC_n080_035_a50_104,EC,80,3,0.5,0.425627,Euclidean,<0.5%
EC_n080_035_a75_105,EC,80,3,0.75,0.881356,Euclidean,0.5-1%
ED_n040_001_a25_001,ED,40,4,0.25,0.0,Euclidean,exact
ED_n040_001_a50_002,ED,40,4,0.5,1.095462,Euclidean,1-2%
ED_n040_001_a75_003,ED,40,4,0.75,0.0,Euclidean,exact
ED_n040_002_a25_004,ED,40,4,0.25,0.0,Euclidean,exact
ED_n040_002_a50_005,ED,40,4,0.5,0.090591,Euclidean,<0.5%
ED_n040_002_a75_006,ED,40,4,0.75,0.34965,Euclidean,<0.5%
ED_n040_003_a25_007,ED,40,4,0.25,0.141844,Euclidean,<0.5%
ED_n040_003_a50_008,ED,40,4,0.5,0.480577,Euclidean,<0.5%
ED_n040_003_a75_009,ED,40,4,0.75,0.0,Euclidean,exact
ED_n040_004_a25_010,ED,40,4,0.25,0.0,Euclidean,exact
ED_n040_004_a50_011,ED,40,4,0.5,1.207088,Euclidean,1-2%
ED_n040_004_a75_012,ED,40,4,0.75,0.0,Euclidean,exact
ED_n040_005_a25_013,ED,40,4,0.25,0.0,Euclidean,exact
ED_n040_005_a50_014,ED,40,4,0.5,0.154799,Euclidean,<0.5%
ED_n040_005_a75_015,ED,40,4,0.75,0.0,Euclidean,exact
ED_n045_006_a25_016,ED,45,4,0.25,0.0,Euclidean,exact
ED_n045_006_a50_017,ED,45,4,0.5,0.136426,Euclidean,<0.5%
ED_n045_006_a75_018,ED,45,4,0.75,0.0,Euclidean,exact
ED_n045_007_a25_019,ED,45,4,0.25,0.0,Euclidean,exact
ED_n045_007_a50_020,ED,45,4,0.5,0.598151,Euclidean,0.5-1%
ED_n045_007_a75_021,ED,45,4,0.75,0.007824,Euclidean,<0.5%
ED_n045_008_a25_022,ED,45,4,0.25,0.218103,Euclidean,<0.5%
ED_n045_008_a50_023,ED,45,4,0.5,0.622049,Euclidean,0.5-1%
ED_n045_008_a75_024,ED,45,4,0.75,0.067935,Euclidean,<0.5%
ED_n045_009_a25_025,ED,45,4,0.25,0.881834,Euclidean,0.5-1%
ED_n045_009_a50_026,ED,45,4,0.5,0.080634,Euclidean,<0.5%
ED_n045_009_a75_027,ED,45,4,0.75,0.0,Euclidean,exact
ED_n045_010_a25_028,ED,45,4,0.25,0.208666,Euclidean,<0.5%
ED_n045_010_a50_029,ED,45,4,0.5,1.482187,Euclidean,1-2%
ED_n045_010_a75_030,ED,45,4,0.75,0.0,Euclidean,exact
ED_n050_011_a25_031,ED,50,4,0.25,0.0,Euclidean,exact
ED_n050_011_a50_032,ED,50,4,0.5,0.099442,Euclidean,<0.5%
ED_n050_011_a75_033,ED,50,4,0.75,0.0,Euclidean,exact
ED_n050_012_a25_034,ED,50,4,0.25,0.0,Euclidean,exact
ED_n050_012_a50_035,ED,50,4,0.5,0.675874,Euclidean,0.5-1%
ED_n050_012_a75_036,ED,50,4,0.75,0.217234,Euclidean,<0.5%
ED_n050_013_a25_037,ED,50,4,0.25,0.961025,Euclidean,0.5-1%
ED_n050_013_a50_038,ED,50,4,0.5,1.591043,Euclidean,1-2%
ED_n050_013_a75_039,ED,50,4,0.75,0.0,Euclidean,exact
ED_n050_014_a25_040,ED,50,4,0.25,0.048333,Euclidean,<0.5%
ED_n050_014_a50_041,ED,50,4,0.5,1.139633,Euclidean,1-2%
ED_n050_014_a75_042,ED,50,4,0.75,0.0,Euclidean,exact
ED_n050_015_a25_043,ED,50,4,0.25,1.148625,Euclidean,1-2%
ED_n050_015_a50_044,ED,50,4,0.5,0.161681,Euclidean,<0.5%
ED_n050_015_a75_045,ED,50,4,0.75,0.012299,Euclidean,<0.5%
ED_n055_016_a25_046,ED,55,4,0.25,0.588235,Euclidean,0.5-1%
ED_n055_016_a50_047,ED,55,4,0.5,0.062159,Euclidean,<0.5%
ED_n055_016_a75_048,ED,55,4,0.75,0.221581,Euclidean,<0.5%
ED_n055_017_a25_049,ED,55,4,0.25,0.0,Euclidean,exact
ED_n055_017_a50_050,ED,55,4,0.5,0.508415,Euclidean,0.5-1%
ED_n055_017_a75_051,ED,55,4,0.75,0.547689,Euclidean,0.5-1%
ED_n055_018_a25_052,ED,55,4,0.25,1.395349,Euclidean,1-2%
ED_n055_018_a50_053,ED,55,4,0.5,1.51349,Euclidean,1-2%
ED_n055_018_a75_054,ED,55,4,0.75,0.081133,Euclidean,<0.5%
ED_n055_019_a25_055,ED,55,4,0.25,0.240732,Euclidean,<0.5%
ED_n055_019_a50_056,ED,55,4,0.5,0.877835,Euclidean,0.5-1%
ED_n055_019_a75_057,ED,55,4,0.75,0.069109,Euclidean,<0.5%
ED_n055_020_a25_058,ED,55,4,0.25,0.752345,Euclidean,0.5-1%
ED_n055_020_a50_059,ED,55,4,0.5,0.055835,Euclidean,<0.5%
ED_n055_020_a75_060,ED,55,4,0.75,0.102249,Euclidean,<0.5%
ED_n060_021_a25_061,ED,60,4,0.25,1.82198,Euclidean,1-2%
ED_n060_021_a50_062,ED,60,4,0.5,0.079351,Euclidean,<0.5%
ED_n060_021_a75_063,ED,60,4,0.75,0.515887,Euclidean,0.5-1%
ED_n060_022_a25_064,ED,60,4,0.25,0.0,Euclidean,exact
ED_n060_022_a50_065,ED,60,4,0.5,1.764506,Euclidean,1-2%
ED_n060_022_a75_066,ED,60,4,0.75,0.613497,Euclidean,0.5-1%
ED_n060_023_a25_067,ED,60,4,0.25,0.095147,Euclidean,<0.5%
ED_n060_023_a50_068,ED,60,4,0.5,0.924552,Euclidean,0.5-1%
ED_n060_023_a75_069,ED,60,4,0.75,0.019976,Euclidean,<0.5%
ED_n060_024_a25_070,ED,60,4,0.25,1.104972,Euclidean,1-2%
ED_n060_024_a50_071,ED,60,4,0.5,0.922193,Euclidean,0.5-1%
ED_n060_024_a75_072,ED,60,4,0.75,0.146597,Euclidean,<0.5%
ED_n060_025_a25_073,ED,60,4,0.25,1.080326,Euclidean,1-2%
ED_n060_025_a50_074,ED,60,4,0.5,1.40983,Euclidean,1-2%
ED_n060_025_a75_075,ED,60,4,0.75,0.149819,Euclidean,<0.5%
ED_n065_026_a25_076,ED,65,4,0.25,1.684428,Euclidean,1-2%
ED_n065_026_a50_077,ED,65,4,0.5,0.065246,Euclidean,<0.5%
ED_n065_026_a75_078,ED,65,4,0.75,0.576218,Euclidean,0.5-1%
ED_n065_027_a25_079,ED,65,4,0.25,0.0,Euclidean,exact
ED_n065_027_a50_080,ED,65,4,0.5,1.154238,Euclidean,1-2%
ED_n065_027_a75_081,ED,65,4,0.75,0.714933,Euclidean,0.5-1%
ED_n065_028_a25_082,ED,65,4,0.25,0.466563,Euclidean,<0.5%
ED_n065_028_a50_083,ED,65,4,0.5,0.102564,Euclidean,<0.5%
ED_n065_028_a75_084,ED,65,4,0.75,0.209546,Euclidean,<0.5%
ED_n065_029_a25_085,ED,65,4,0.25,1.235476,Euclidean,1-2%
ED_n065_029_a50_086,ED,65,4,0.5,0.046986,Euclidean,<0.5%
ED_n065_029_a75_087,ED,65,4,0.75,0.153905,Euclidean,<0.5%
ED_n065_030_a25_088,ED,65,4,0.25,1.117281,Euclidean,1-2%
ED_n065_030_a50_089,ED,65,4,0.5,1.830423,Euclidean,1-2%
ED_n065_030_a75_090,ED,65,4,0.75,0.458624,Euclidean,<0.5%
ED_n070_031_a25_091,ED,70,4,0.25,0.0,Euclidean,exact
ED_n070_031_a50_092,ED,70,4,0.5,1.510734,Euclidean,1-2%
ED_n070_031_a75_093,ED,70,4,0.75,0.515464,Euclidean,0.5-1%
ED_n070_032_a25_094,ED,70,4,0.25,0.0,Euclidean,exact
ED_n070_032_a50_095,ED,70,4,0.5,0.623103,Euclidean,0.5-1%
ED_n070_032_a75_096,ED,70,4,0.75,0.941602,Euclidean,0.5-1%
ED_n070_033_a25_097,ED,70,4,0.25,0.020225,Euclidean,<0.5%
ED_n070_033_a50_098,ED,70,4,0.5,0.517617,Euclidean,0.5-1%
ED_n070_033_a75_099,ED,70,4,0.75,0.360399,Euclidean,<0.5%
ED_n070_034_a25_100,ED,70,4,0.25,0.0,Euclidean,exact
ED_n070_034_a50_101,ED,70,4,0.5,0.435448,Euclidean,<0.5%
ED_n070_034_a75_102,ED,70,4,0.75,0.14437,Euclidean,<0.5%
ED_n070_035_a25_103,ED,70,4,0.25,1.090082,Euclidean,1-2%
ED_n070_035_a50_104,ED,70,4,0.5,0.369788,Euclidean,<0.5%
ED_n070_035_a75_105,ED,70,4,0.75,0.513834,Euclidean,0.5-1%
ED_n075_036_a25_106,ED,75,4,0.25,0.102126,Euclidean,<0.5%
ED_n075_036_a50_107,ED,75,4,0.5,0.420757,Euclidean,<0.5%
ED_n075_036_a75_108,ED,75,4,0.75,0.455433,Euclidean,<0.5%
ED_n075_037_a25_109,ED,75,4,0.25,0.933852,Euclidean,0.5-1%
ED_n075_037_a50_110,ED,75,4,0.5,0.450557,Euclidean,<0.5%
ED_n075_037_a75_111,ED,75,4,0.75,0.385439,Euclidean,<0.5%
ED_n075_038_a25_112,ED,75,4,0.25,0.295858,Euclidean,<0.5%
ED_n075_038_a50_113,ED,75,4,0.5,0.442021,Euclidean,<0.5%
ED_n075_038_a75_114,ED,75,4,0.75,0.193648,Euclidean,<0.5%
ED_n075_039_a25_115,ED,75,4,0.25,0.071232,Euclidean,<0.5%
ED_n075_039_a50_116,ED,75,4,0.5,0.894164,Euclidean,0.5-1%
ED_n075_039_a75_117,ED,75,4,0.75,0.038521,Euclidean,<0.5%
ED_n075_040_a25_118,ED,75,4,0.25,0.929565,Euclidean,0.5-1%
ED_n075_040_a50_119,ED,75,4,0.5,1.904543,Euclidean,1-2%
ED_n075_040_a75_120,ED,75,4,0.75,0.745319,Euclidean,0.5-1%
ED_n080_041_a25_121,ED,80,4,0.25,0.1792,Euclidean,<0.5%
ED_n080_041_a50_122,ED,80,4,0.5,1.000222,Euclidean,1-2%
ED_n080_041_a75_123,ED,80,4,0.75,0.570175,Euclidean,0.5-1%
ED_n080_042_a25_124,ED,80,4,0.25,1.128873,Euclidean,1-2%
ED_n080_042_a50_125,ED,80,4,0.5,0.704323,Euclidean,0.5-1%
ED_n080_042_a75_126,ED,80,4,0.75,0.364964,Euclidean,<0.5%
ED_n080_043_a25_127,ED,80,4,0.25,0.257041,Euclidean,<0.5%
ED_n080_043_a50_128,ED,80,4,0.5,0.242847,Euclidean,<0.5%
ED_n080_043_a75_129,ED,80,4,0.75,0.249732,Euclidean,<0.5%
ED_n080_044_a25_130,ED,80,4,0.25,0.324642,Euclidean,<0.5%
ED_n080_044_a50_131,ED,80,4,0.5,0.538657,Euclidean,0.5-1%
ED_n080_044_a75_132,ED,80,4,0.75,0.150331,Euclidean,<0.5%
ED_n080_045_a25_133,ED,80,4,0.25,0.562297,Euclidean,0.5-1%
ED_n080_045_a50_134,ED,80,4,0.5,0.287883,Euclidean,<0.5%
ED_n080_045_a75_135,ED,80,4,0.75,0.704416,Euclidean,0.5-1%
