instance,family,n,alpha,phase,tier,obj,ub,gap_pct,seeds,phase_rt,cumul_rt,event
D_n065_027_a50_080,D,65,0.5,1,1,1788.0,1828,2.1881838074398248,1,302.8705881999995,302.8706235000009,STALL→tier0→1 d_max=10
D_n065_027_a50_080,D,65,0.5,2,2,1788.0,1803,0.8319467554076538,1,300.98933729999953,610.5645088000001,STALL→tier1→2 d_max=14
D_n065_027_a50_080,D,65,0.5,3,3,1788.0,1801,0.7218212104386451,1,313.09045139999944,927.6895029999996,TIERS_EXHAUSTED
D_n070_035_a50_104,D,70,0.5,1,1,2350.0,2403,2.2055763628797336,1,302.3982279000011,302.3982655999989,STALL→tier0→1 d_max=13
D_n070_035_a50_104,D,70,0.5,2,2,2350.0,2382,1.343408900083963,1,316.6122860000014,635.5636326999993,STALL→tier1→2 d_max=18
D_n070_035_a50_104,D,70,0.5,3,3,2350.0,2368,0.7601351351351352,1,323.0165094999993,968.1723834999993,TIERS_EXHAUSTED
EB_n140_022_a50_065,EB,140,0.5,1,1,4900.0,4939,0.7896335290544645,1,300.31589560000066,300.3159198000012,STALL→tier0→1 d_max=25
EB_n140_022_a50_065,EB,140,0.5,2,2,4900.0,4926,0.5278116118554608,1,300.05694030000086,660.6196694999999,STALL→tier1→2 d_max=34
EB_n140_022_a50_065,EB,140,0.5,3,3,4900.0,4926,0.5278116118554608,1,318.9622330000002,1017.399030300001,TIERS_EXHAUSTED
D_n075_039_a50_116,D,75,0.5,1,1,3071.0,3082,0.3569110966904607,1,302.3397378999998,302.33977369999957,STALL→tier0→1 d_max=14
D_n075_039_a50_116,D,75,0.5,2,2,3071.0,3082,0.3569110966904607,1,300.0071047000001,619.0687548999995,STALL→tier1→2 d_max=18
D_n075_039_a50_116,D,75,0.5,3,3,3071.0,3082,0.3569110966904607,1,315.92265080000107,944.8309598999986,TIERS_EXHAUSTED
D_n075_040_a50_119,D,75,0.5,1,1,2568.0,2618,1.9098548510313216,1,301.83848959999887,301.8385247999995,STALL→tier0→1 d_max=14
D_n075_040_a50_119,D,75,0.5,2,2,2568.0,2600,1.2307692307692308,1,306.8273147,643.7146852999995,STALL→tier1→2 d_max=19
D_n075_040_a50_119,D,75,0.5,3,3,2568.0,2585,0.6576402321083172,1,319.04963360000147,983.3349315999985,TIERS_EXHAUSTED
ED_n080_045_a75_135,ED,80,0.75,1,1,2933.0,2942,0.30591434398368456,1,320.1206524999998,320.12067600000046,STALL→tier0→1 d_max=17
ED_n080_045_a75_135,ED,80,0.75,2,2,2933.0,2942,0.30591434398368456,1,301.2439040999998,667.3255406000007,STALL→tier1→2 d_max=23
ED_n080_045_a75_135,ED,80,0.75,3,3,2933.0,2942,0.30591434398368456,1,302.18337240000074,1001.3944838000007,TIERS_EXHAUSTED
D_n080_044_a50_131,D,80,0.5,1,1,3252.0,3273,0.6416131989000917,1,300.8541041999997,300.85413340000014,STALL→tier0→1 d_max=14
D_n080_044_a50_131,D,80,0.5,2,2,3252.0,3272,0.6112469437652812,1,304.5746092999998,629.2851572,STALL→tier1→2 d_max=19
D_n080_044_a50_131,D,80,0.5,3,3,3252.0,3272,0.6112469437652812,1,313.54303769999933,966.4382341,TIERS_EXHAUSTED
B_n140_024_a25_070,B,140,0.25,1,1,4264.0,4319,1.2734429266033804,1,300.0284319000002,300.0284574999987,STALL→tier0→1 d_max=17
B_n140_024_a25_070,B,140,0.25,2,2,4264.0,4315,1.1819235225955969,1,305.23433229999864,625.5420708000001,STALL→tier1→2 d_max=23
B_n140_024_a25_070,B,140,0.25,3,3,4264.0,4315,1.1819235225955969,1,307.5147333999994,959.0959214999984,TIERS_EXHAUSTED
ED_n075_039_a50_116,ED,75,0.5,1,1,3041.0,3052,0.36041939711664484,1,303.2373120000011,303.2393778000005,STALL→tier0→1 d_max=13
ED_n075_039_a50_116,ED,75,0.5,2,2,3041.0,3051,0.32776138970829233,1,301.28911309999967,622.6223993000003,STALL→tier1→2 d_max=17
ED_n075_039_a50_116,ED,75,0.5,3,3,3041.0,3051,0.32776138970829233,1,318.84971939999923,958.9858667000008,TIERS_EXHAUSTED
B_n150_028_a25_082,B,150,0.25,1,1,3890.0,3929,0.9926189870195978,1,308.16345699999874,308.16347959999985,STALL→tier0→1 d_max=16
B_n150_028_a25_082,B,150,0.25,2,2,3890.0,3917,0.6893030380393158,1,303.403111900001,655.2846697999994,STALL→tier1→2 d_max=21
B_n150_028_a25_082,B,150,0.25,3,3,3890.0,3907,0.43511645764013307,1,300.41633100000035,1009.4851010999992,TIERS_EXHAUSTED
ED_n075_040_a75_120,ED,75,0.75,1,1,2731.0,2741,0.36483035388544327,1,303.17886179999914,303.1788886000013,STALL→tier0→1 d_max=16
ED_n075_040_a75_120,ED,75,0.75,2,2,2731.0,2740,0.3284671532846715,1,300.284551499999,650.3165729000011,STALL→tier1→2 d_max=22
ED_n075_040_a75_120,ED,75,0.75,3,3,2731.0,2740,0.3284671532846715,1,323.7759783999991,1034.3258418000005,TIERS_EXHAUSTED
D_n080_045_a50_134,D,80,0.5,1,1,2749.0,2803,1.9265073135925792,1,326.84915009999895,326.8491823000004,STALL→tier0→1 d_max=14
D_n080_045_a50_134,D,80,0.5,2,2,2749.0,2785,1.2926391382405744,1,336.5223681999996,708.715783399999,STALL→tier1→2 d_max=19
D_n080_045_a50_134,D,80,0.5,3,3,2749.0,2771,0.7939372067845544,1,312.1174353999995,1074.6539656999994,TIERS_EXHAUSTED
EC_n080_032_a50_095,EC,80,0.5,1,1,2275.0,2316,1.770293609671848,1,301.49021639999955,301.4902648999996,STALL→tier0→1 d_max=15
EC_n080_032_a50_095,EC,80,0.5,2,2,2275.0,2295,0.8714596949891068,1,304.6855813000002,621.8163879999993,STALL→tier1→2 d_max=20
EC_n080_032_a50_095,EC,80,0.5,3,3,2275.0,2286,0.4811898512685914,1,305.77260019999994,942.6369212999998,TIERS_EXHAUSTED
ED_n070_035_a25_103,ED,70,0.25,1,1,1479.0,1511,2.1178027796161483,1,301.9552906000008,301.9553197999994,STALL→tier0→1 d_max=7
ED_n070_035_a25_103,ED,70,0.25,2,2,1479.0,1498,1.268357810413885,1,300.33536390000154,624.7941073999991,STALL→tier1→2 d_max=10
ED_n070_035_a25_103,ED,70,0.25,3,3,1479.0,1489,0.6715916722632639,1,300.9032812000005,949.3478747999998,TIERS_EXHAUSTED
B_n140_023_a25_067,B,140,0.25,1,1,3781.0,3821,1.0468463752944255,1,301.9996969999993,301.99974400000065,STALL→tier0→1 d_max=16
B_n140_023_a25_067,B,140,0.25,2,2,3781.0,3804,0.6046267087276551,1,305.1226048999997,655.7843522000003,STALL→tier1→2 d_max=21
B_n140_023_a25_067,B,140,0.25,3,3,3781.0,3798,0.44760400210637175,1,304.7826570999987,1008.2802883999993,TIERS_EXHAUSTED
ED_n060_025_a50_074,ED,60,0.5,1,1,2014.0,2057,2.0904229460379193,1,300.08375420000084,300.0837809000004,STALL→tier0→1 d_max=10
ED_n060_025_a50_074,ED,60,0.5,2,2,2014.0,2042,1.3712047012732616,1,309.5244867000001,618.3066292000003,STALL→tier1→2 d_max=14
ED_n060_025_a50_074,ED,60,0.5,3,3,2014.0,2034,0.983284169124877,1,312.5252238000012,940.3311910000011,TIERS_EXHAUSTED
ED_n070_032_a75_096,ED,70,0.75,1,1,2083.0,2097,0.6676204101096805,1,300.3533186000004,300.3533649000001,STALL→tier0→1 d_max=14
ED_n070_032_a75_096,ED,70,0.75,2,2,2083.0,2096,0.6202290076335878,1,317.6647073000004,637.1120487000007,STALL→tier1→2 d_max=19
ED_n070_032_a75_096,ED,70,0.75,3,3,2083.0,2096,0.6202290076335878,1,302.37935520000065,957.7721440000005,TIERS_EXHAUSTED
EC_n080_035_a50_104,EC,80,0.5,1,1,2667.0,2695,1.0389610389610389,1,305.9632163999995,305.96413740000025,STALL→tier0→1 d_max=14
EC_n080_035_a50_104,EC,80,0.5,2,2,2667.0,2680,0.4850746268656716,1,300.0840700000008,613.9144964000006,STALL→tier1→2 d_max=19
EC_n080_035_a50_104,EC,80,0.5,3,3,2667.0,2678,0.4107542942494399,1,300.6008469999997,923.5617168000008,TIERS_EXHAUSTED
D_n070_032_a75_096,D,70,0.75,1,1,2098.0,2106,0.3798670465337132,1,303.2378503,303.2378914000001,STALL→tier0→1 d_max=16
D_n070_032_a75_096,D,70,0.75,2,2,2098.0,2106,0.3798670465337132,1,313.47544890000063,637.2030013999993,STALL→tier1→2 d_max=21
D_n070_032_a75_096,D,70,0.75,3,3,2098.0,2106,0.3798670465337132,1,302.0885376999995,957.8077933999994,TIERS_EXHAUSTED
D_n080_042_a25_124,D,80,0.25,1,1,1537.0,1593,3.515379786566227,1,300.77027420000013,300.77032099999997,STALL→tier0→1 d_max=8
D_n080_042_a25_124,D,80,0.25,2,2,1537.0,1560,1.4743589743589742,1,303.0662907999995,663.9114209999989,STALL→tier1→2 d_max=11
D_n080_042_a25_124,D,80,0.25,3,3,1537.0,1551,0.9026434558349452,1,300.8795600000012,1024.961647099999,TIERS_EXHAUSTED
B_n150_026_a25_076,B,150,0.25,1,1,3246.0,3363,3.479036574487065,1,303.30545249999886,303.3054991000008,STALL→tier0→1 d_max=15
B_n150_026_a25_076,B,150,0.25,2,2,3246.0,3331,2.5517862503752626,1,300.0889017999998,663.7817916000004,STALL→tier1→2 d_max=20
B_n150_026_a25_076,B,150,0.25,3,3,3246.0,3314,2.051901025950513,1,306.31085970000095,1030.1845666000008,TIERS_EXHAUSTED
D_n075_040_a25_118,D,75,0.25,1,1,1820.0,1861,2.203116603976357,1,304.78783529999964,304.78787340000054,STALL→tier0→1 d_max=9
D_n075_040_a25_118,D,75,0.25,2,2,1820.0,1835,0.8174386920980926,1,301.0728074999988,662.5106491000006,STALL→tier1→2 d_max=12
D_n075_040_a25_118,D,75,0.25,3,3,1820.0,1828,0.437636761487965,1,301.4924809999993,1018.4577867999997,TIERS_EXHAUSTED
D_n080_045_a25_133,D,80,0.25,1,1,1910.0,1959,2.501276161306789,1,300.7283772999999,300.7283985000013,STALL→tier0→1 d_max=9
D_n080_045_a25_133,D,80,0.25,2,2,1910.0,1933,1.189860320744956,1,307.3760459999994,668.3913956000015,STALL→tier1→2 d_max=12
D_n080_045_a25_133,D,80,0.25,3,3,1910.0,1924,0.7276507276507277,1,300.8537554000013,1023.8115569000001,TIERS_EXHAUSTED
ED_n080_045_a25_133,ED,80,0.25,1,1,1681.0,1710,1.6959064327485378,1,300.83716450000065,300.83719029999884,STALL→tier0→1 d_max=8
ED_n080_045_a25_133,ED,80,0.25,2,2,1681.0,1692,0.6501182033096926,1,300.5191027000001,654.9364439000001,STALL→tier1→2 d_max=11
ED_n080_045_a25_133,ED,80,0.25,3,3,1681.0,1687,0.35566093657379966,1,303.4387296999994,1014.3928078999998,TIERS_EXHAUSTED
D_n070_032_a25_094,D,70,0.25,1,1,1196.0,1239,3.470540758676352,1,301.6900440999998,301.69007610000153,STALL→tier0→1 d_max=6
D_n070_032_a25_094,D,70,0.25,2,2,1196.0,1212,1.3201320132013201,1,300.1433784000001,621.8859464000016,STALL→tier1→2 d_max=8
D_n070_032_a25_094,D,70,0.25,3,3,1196.0,1202,0.49916805324459235,1,300.9834912999995,941.6233591,TIERS_EXHAUSTED
D_n065_030_a50_089,D,65,0.5,1,1,2337.0,2387,2.094679514034353,1,302.2648575000003,302.2648795999994,STALL→tier0→1 d_max=12
D_n065_030_a50_089,D,65,0.5,2,2,2337.0,2366,1.2256973795435333,1,309.2700335999998,633.8048921999998,STALL→tier1→2 d_max=17
D_n065_030_a50_089,D,65,0.5,3,3,2337.0,2350,0.5531914893617021,1,300.20930469999803,952.2394384000017,TIERS_EXHAUSTED
ED_n055_019_a50_056,ED,55,0.5,1,1,1897.0,1908,0.5765199161425576,1,304.32026659999974,304.32029220000004,STALL→tier0→1 d_max=8
ED_n055_019_a50_056,ED,55,0.5,2,2,1897.0,1907,0.5243838489774515,1,305.0892180999981,612.3065422,STALL→tier1→2 d_max=11
ED_n055_019_a50_056,ED,55,0.5,3,3,1897.0,1907,0.5243838489774515,1,300.6448780999999,916.1323841999983,TIERS_EXHAUSTED
D_n070_032_a50_095,D,70,0.5,1,1,1908.0,1940,1.6494845360824744,1,300.7290496000005,300.7290866000003,STALL→tier0→1 d_max=11
D_n070_032_a50_095,D,70,0.5,2,2,1908.0,1920,0.625,1,301.08215480000035,616.8440513000005,STALL→tier1→2 d_max=15
D_n070_032_a50_095,D,70,0.5,3,3,1908.0,1919,0.5732152162584679,1,302.225835199999,935.8198744999991,TIERS_EXHAUSTED
ED_n075_040_a25_118,ED,75,0.25,1,1,1588.0,1620,1.9753086419753085,1,300.1089413999998,300.1089799000001,STALL→tier0→1 d_max=7
ED_n075_040_a25_118,ED,75,0.25,2,2,1588.0,1600,0.75,1,305.65285349999976,642.1918241000021,STALL→tier1→2 d_max=10
ED_n075_040_a25_118,ED,75,0.25,3,3,1588.0,1595,0.438871473354232,1,301.1158527000007,994.7217560999998,TIERS_EXHAUSTED
B_n140_021_a25_061,B,140,0.25,1,1,3142.0,3235,2.874806800618238,1,303.71626819999983,303.7162920999999,STALL→tier0→1 d_max=13
B_n140_021_a25_061,B,140,0.25,2,2,3142.0,3198,1.7510944340212633,1,300.00233559999833,663.8538509999998,STALL→tier1→2 d_max=18
B_n140_021_a25_061,B,140,0.25,3,3,3142.0,3197,1.7203628401626525,1,303.7174152999978,1027.7788729999993,TIERS_EXHAUSTED
D_n075_036_a25_106,D,75,0.25,1,1,1378.0,1421,3.0260380014074597,1,303.6860837999993,303.6861086000026,STALL→tier0→1 d_max=7
D_n075_036_a25_106,D,75,0.25,2,2,1378.0,1393,1.0768126346015794,1,301.41907770000034,631.150999700003,STALL→tier1→2 d_max=9
D_n075_036_a25_106,D,75,0.25,3,3,1378.0,1383,0.3615328994938539,1,303.09357340000133,959.963281100001,TIERS_EXHAUSTED
ED_n065_030_a25_088,ED,65,0.25,1,1,1478.0,1506,1.859229747675963,1,304.9634518000021,304.9634790000018,STALL→tier0→1 d_max=7
ED_n065_030_a25_088,ED,65,0.25,2,2,1478.0,1493,1.0046885465505693,1,301.98737840000103,629.9519862000016,STALL→tier1→2 d_max=9
ED_n065_030_a25_088,ED,65,0.25,3,3,1478.0,1488,0.6720430107526881,1,300.22708010000133,948.6607633000021,TIERS_EXHAUSTED
EB_n140_022_a25_064,EB,140,0.25,1,1,2767.0,2811,1.5652792600498042,1,299.3295174999985,299.32954640000025,STALL→tier0→1 d_max=12
EB_n140_022_a25_064,EB,140,0.25,2,2,2767.0,2799,1.143265451947124,2,300.1371579000006,659.8655126999984,STALL→tier1→2 d_max=16
EB_n140_022_a25_064,EB,140,0.25,3,3,2767.0,2787,0.7176175098672408,2,300.2992391000007,1020.4662578999996,TIERS_EXHAUSTED
ED_n070_032_a50_095,ED,70,0.5,1,1,1867.0,1885,0.9549071618037135,1,300.15744659999837,300.15749610000057,STALL→tier0→1 d_max=10
ED_n070_032_a50_095,ED,70,0.5,2,2,1867.0,1878,0.5857294994675186,1,302.7789649000006,617.5970737999996,STALL→tier1→2 d_max=13
ED_n070_032_a50_095,ED,70,0.5,3,3,1867.0,1877,0.5327650506126799,1,302.64140430000043,933.7517796000029,TIERS_EXHAUSTED
EB_n150_027_a25_079,EB,150,0.25,1,1,2771.0,2820,1.7375886524822697,1,300.064609699999,300.06465820000085,STALL→tier0→1 d_max=13
EB_n150_027_a25_079,EB,150,0.25,2,2,2771.0,2805,1.2121212121212122,1,301.11139769999863,661.518218600002,STALL→tier1→2 d_max=17
EB_n150_027_a25_079,EB,150,0.25,3,3,2771.0,2795,0.8586762075134168,1,300.7216554000006,1022.2580812000015,TIERS_EXHAUSTED
ED_n080_042_a25_124,ED,80,0.25,1,1,1305.0,1363,4.25531914893617,1,300.091902199998,300.0919286000026,STALL→tier0→1 d_max=6
ED_n080_042_a25_124,ED,80,0.25,2,2,1305.0,1327,1.6578749058025624,1,305.0713886000012,665.5542129000023,STALL→tier1→2 d_max=9
ED_n080_042_a25_124,ED,80,0.25,3,3,1305.0,1313,0.6092916984006093,1,300.1620331000013,1025.9009700000024,TIERS_EXHAUSTED
D_n060_022_a50_065,D,60,0.5,1,1,1777.0,1813,1.9856591285162712,1,300.86385879999943,300.86391509999885,STALL→tier0→1 d_max=10
D_n060_022_a50_065,D,60,0.5,2,2,1777.0,1792,0.8370535714285714,1,304.20211850000123,610.7685110999992,STALL→tier1→2 d_max=13
D_n060_022_a50_065,D,60,0.5,3,3,1777.0,1790,0.7262569832402235,1,300.7120556000009,917.2125573999983,TIERS_EXHAUSTED
EC_n065_017_a50_050,EC,65,0.5,1,1,1900.0,1909,0.47145102147721324,2,300.2328617999992,300.2328926000009,STALL→tier0→1 d_max=11
EC_n065_017_a50_050,EC,65,0.5,2,2,1900.0,1909,0.47145102147721324,1,301.6215536999989,605.1359030999993,STALL→tier1→2 d_max=15
EC_n065_017_a50_050,EC,65,0.5,3,3,1900.0,1909,0.47145102147721324,2,300.4872847000006,909.1822881000007,TIERS_EXHAUSTED
D_n070_035_a25_103,D,70,0.25,1,1,1701.0,1737,2.072538860103627,1,300.66542039999695,300.6654466,STALL→tier0→1 d_max=9
D_n070_035_a25_103,D,70,0.25,2,2,1701.0,1720,1.1046511627906976,1,300.59149519999846,624.3382892000009,STALL→tier1→2 d_max=12
D_n070_035_a25_103,D,70,0.25,3,3,1701.0,1708,0.4098360655737705,1,300.0362979999991,950.340793299998,TIERS_EXHAUSTED
ED_n065_027_a50_080,ED,65,0.5,1,1,1747.0,1770,1.2994350282485876,1,300.1746306999994,300.1746692000015,STALL→tier0→1 d_max=9
ED_n065_027_a50_080,ED,65,0.5,2,2,1747.0,1767,1.1318619128466327,1,309.5947410000008,615.7463543999984,STALL→tier1→2 d_max=12
ED_n065_027_a50_080,ED,65,0.5,3,3,1747.0,1766,1.0758776896942241,1,301.7567788999986,924.1466930999995,TIERS_EXHAUSTED
ED_n075_037_a25_109,ED,75,0.25,1,1,1273.0,1309,2.750190985485103,2,300.01800229999935,300.0180317999984,STALL→tier0→1 d_max=5
ED_n075_037_a25_109,ED,75,0.25,2,2,1273.0,1285,0.933852140077821,2,300.188214400001,631.0390736000008,STALL→tier1→2 d_max=7
ED_n075_037_a25_109,ED,75,0.25,3,3,1273.0,1282,0.702028081123245,2,300.19166269999914,962.1013248999989,TIERS_EXHAUSTED
EB_n150_026_a25_076,EB,150,0.25,1,1,2550.0,2596,1.7719568567026194,2,301.347572900002,301.34762630000114,STALL→tier0→1 d_max=12
EB_n150_026_a25_076,EB,150,0.25,2,2,2550.0,2574,0.9324009324009324,2,300.06049989999883,661.4120302999982,STALL→tier1→2 d_max=16
EB_n150_026_a25_076,EB,150,0.25,3,3,2550.0,2565,0.5847953216374269,2,300.2478325000011,1021.9390941999991,TIERS_EXHAUSTED
ED_n060_022_a50_065,ED,60,0.5,1,1,1737.0,1770,1.864406779661017,1,300.41536300000007,300.41539940000075,STALL→tier0→1 d_max=9
ED_n060_022_a50_065,ED,60,0.5,2,2,1737.0,1768,1.753393665158371,1,303.98232369999823,609.0648359000006,STALL→tier1→2 d_max=12
ED_n060_022_a50_065,ED,60,0.5,3,3,1737.0,1766,1.6421291053227631,1,309.292064199999,924.281793099999,TIERS_EXHAUSTED
EC_n080_033_a25_097,EC,80,0.25,1,1,1806.0,1823,0.9325287986834888,2,301.38946120000037,301.38949539999885,STALL→tier0→1 d_max=8
EC_n080_033_a25_097,EC,80,0.25,2,2,1806.0,1814,0.4410143329658214,2,302.2798287000005,616.4911118999989,STALL→tier1→2 d_max=11
EC_n080_033_a25_097,EC,80,0.25,3,3,1806.0,1812,0.33112582781456956,2,300.20956039999874,932.3382970999992,TIERS_EXHAUSTED
ED_n050_014_a50_041,ED,50,0.5,1,1,1787.0,1799,0.6670372429127293,1,300.0678630000002,300.06789539999954,STALL→tier0→1 d_max=8
ED_n050_014_a50_041,ED,50,0.5,2,2,1787.0,1797,0.5564830272676683,1,302.6702007999993,604.820494399999,STALL→tier1→2 d_max=10
ED_n050_014_a50_041,ED,50,0.5,3,3,1787.0,1797,0.5564830272676683,1,300.20431370000006,907.3651987999983,TIERS_EXHAUSTED
ED_n065_027_a75_081,ED,65,0.75,1,1,1972.0,1983,0.5547150781643975,1,300.67267979999815,300.67271790000086,STALL→tier0→1 d_max=13
ED_n065_027_a75_081,ED,65,0.75,2,2,1972.0,1982,0.5045408678102926,1,300.5721564000014,608.9270523000014,STALL→tier1→2 d_max=18
ED_n065_027_a75_081,ED,65,0.75,3,3,1972.0,1982,0.5045408678102926,1,312.4473085999998,934.0493079000007,TIERS_EXHAUSTED
C_n070_022_a50_065,C,70,0.5,1,1,2052.0,2062,0.4849660523763337,1,300.38837010000134,300.38839550000193,STALL→tier0→1 d_max=13
C_n070_022_a50_065,C,70,0.5,2,2,2052.0,2061,0.43668122270742354,1,300.27145050000036,608.5811616999999,STALL→tier1→2 d_max=18
C_n070_022_a50_065,C,70,0.5,3,3,2052.0,2060,0.3883495145631068,1,301.03737750000073,917.6537315000023,TIERS_EXHAUSTED
EB_n130_017_a50_050,EB,130,0.5,1,1,4421.0,4462,0.9188704616763783,1,310.5355275999973,310.5355614,STALL→tier0→1 d_max=25
EB_n130_017_a50_050,EB,130,0.5,2,2,4421.0,4448,0.6070143884892086,1,303.8077912000008,674.5663687999986,STALL→tier1→2 d_max=33
EB_n130_017_a50_050,EB,130,0.5,3,3,4421.0,4447,0.5846638183044749,1,300.2441390999993,1035.1972473999995,TIERS_EXHAUSTED
B_n120_012_a25_034,B,120,0.25,1,1,2871.0,2900,1.0,1,304.01705920000313,304.01708529999814,STALL→tier0→1 d_max=15
B_n120_012_a25_034,B,120,0.25,2,2,2871.0,2883,0.41623309053069724,1,302.02369270000054,638.8623043999978,STALL→tier1→2 d_max=21
B_n120_012_a25_034,B,120,0.25,3,3,2871.0,2883,0.41623309053069724,1,303.0653811000011,967.2634440000002,TIERS_EXHAUSTED
B_n120_014_a25_040,B,120,0.25,1,1,3242.0,3333,2.7302730273027302,2,300.61565679999694,300.6156869999977,STALL→tier0→1 d_max=14
B_n120_014_a25_040,B,120,0.25,2,2,3242.0,3299,1.7277963019096696,1,300.20653010000024,612.5799437999995,STALL→tier1→2 d_max=18
B_n120_014_a25_040,B,120,0.25,3,3,3242.0,3294,1.5786278081360048,1,301.73585979999916,927.9703270999998,TIERS_EXHAUSTED
ED_n065_029_a25_085,ED,65,0.25,1,1,1343.0,1378,2.539912917271408,2,301.311957599999,301.3119856000012,STALL→tier0→1 d_max=5
ED_n065_029_a25_085,ED,65,0.25,2,2,1343.0,1360,1.25,2,300.1991393999997,613.066540900003,STALL→tier1→2 d_max=6
ED_n065_029_a25_085,ED,65,0.25,3,3,1343.0,1351,0.5921539600296076,2,300.04802720000225,921.776128700003,TIERS_EXHAUSTED
B_n120_011_a25_031,B,120,0.25,1,1,2526.0,2598,2.771362586605081,2,300.6904547000013,300.6904792000023,STALL→tier0→1 d_max=12
B_n120_011_a25_031,B,120,0.25,2,2,2526.0,2581,2.1309569934134056,2,300.0173926999996,660.9089499000002,STALL→tier1→2 d_max=17
B_n120_011_a25_031,B,120,0.25,3,3,2526.0,2575,1.9029126213592233,1,301.457852800002,1022.630055900001,TIERS_EXHAUSTED
ED_n060_022_a75_066,ED,60,0.75,1,1,1944.0,1955,0.5626598465473146,1,301.6857622999996,301.6857866999999,STALL→tier0→1 d_max=13
ED_n060_022_a75_066,ED,60,0.75,2,2,1944.0,1954,0.511770726714432,1,301.2207559999988,610.7374952000027,STALL→tier1→2 d_max=18
ED_n060_022_a75_066,ED,60,0.75,3,3,1944.0,1954,0.511770726714432,1,303.2954204999987,924.5190533000023,TIERS_EXHAUSTED
EC_n070_023_a50_068,EC,70,0.5,1,1,2206.0,2236,1.3416815742397137,1,300.43579229999887,300.4358275000013,STALL→tier0→1 d_max=13
EC_n070_023_a50_068,EC,70,0.5,2,2,2206.0,2219,0.5858494817485354,1,300.5339292999997,608.0725831000018,STALL→tier1→2 d_max=18
EC_n070_023_a50_068,EC,70,0.5,3,3,2206.0,2217,0.49616599007668016,1,308.22563889999947,924.7193350999987,TIERS_EXHAUSTED
C_n070_023_a25_067,C,70,0.25,1,1,1628.0,1639,0.6711409395973155,1,303.1311932999997,303.1312407000005,STALL→tier0→1 d_max=8
C_n070_023_a25_067,C,70,0.25,2,2,1628.0,1633,0.3061849357011635,1,300.3238401999988,612.5915750999993,STALL→tier1→2 d_max=11
C_n070_023_a25_067,C,70,0.25,3,3,1628.0,1633,0.3061849357011635,1,300.6094692000006,921.4425303999997,TIERS_EXHAUSTED
D_n055_019_a25_055,D,55,0.25,1,1,1147.0,1179,2.7141645462256148,2,300.07616840000264,300.0762173999974,STALL→tier0→1 d_max=5
D_n055_019_a25_055,D,55,0.25,2,2,1147.0,1164,1.4604810996563573,2,300.154093000001,605.1856439999974,STALL→tier1→2 d_max=7
D_n055_019_a25_055,D,55,0.25,3,3,1147.0,1157,0.864304235090752,2,300.84087799999907,910.9609297999996,TIERS_EXHAUSTED
ED_n060_024_a25_070,ED,60,0.25,1,1,1253.0,1283,2.338269680436477,2,300.8823771000025,300.8824062999993,STALL→tier0→1 d_max=5
ED_n060_024_a25_070,ED,60,0.25,2,2,1253.0,1266,1.0268562401263823,2,300.2172563999993,613.9769278999993,STALL→tier1→2 d_max=6
ED_n060_024_a25_070,ED,60,0.25,3,3,1253.0,1260,0.5555555555555556,2,300.12227770000027,927.3313554000015,TIERS_EXHAUSTED
ED_n065_028_a25_082,ED,65,0.25,1,1,1152.0,1161,0.7751937984496124,2,300.0448515999997,300.0448848999986,STALL→tier0→1 d_max=4
ED_n065_028_a25_082,ED,65,0.25,2,2,1152.0,1157,0.432152117545376,2,301.0523848999983,612.2653205999995,STALL→tier1→2 d_max=6
ED_n065_028_a25_082,ED,65,0.25,3,3,1152.0,1157,0.432152117545376,2,300.18891650000296,921.2784066999993,TIERS_EXHAUSTED
EB_n120_014_a25_040,EB,120,0.25,1,1,2707.0,2755,1.7422867513611617,2,300.286107099997,300.28613659999974,STALL→tier0→1 d_max=10
EB_n120_014_a25_040,EB,120,0.25,2,2,2707.0,2730,0.8424908424908425,2,300.0056723000016,619.0005396999986,STALL→tier1→2 d_max=14
EB_n120_014_a25_040,EB,120,0.25,3,3,2707.0,2721,0.5145167217934583,2,300.98415899999964,936.2761214999991,TIERS_EXHAUSTED
B_n130_017_a25_049,B,130,0.25,1,1,3062.0,3113,1.6382910375843238,1,300.7990056999988,300.79903600000034,STALL→tier0→1 d_max=16
B_n130_017_a25_049,B,130,0.25,2,2,3062.0,3084,0.7133592736705577,1,303.20482339999944,664.1978268999992,STALL→tier1→2 d_max=21
B_n130_017_a25_049,B,130,0.25,3,3,3062.0,3074,0.3903708523096942,1,304.34860299999855,1028.6389961999994,TIERS_EXHAUSTED
D_n065_030_a25_088,D,65,0.25,1,1,1698.0,1734,2.0761245674740483,1,305.14903200000117,305.14906650000194,STALL→tier0→1 d_max=8
D_n065_030_a25_088,D,65,0.25,2,2,1698.0,1716,1.048951048951049,1,300.0362316999999,643.7655249000018,STALL→tier1→2 d_max=11
D_n065_030_a25_088,D,65,0.25,3,3,1698.0,1707,0.5272407732864675,1,300.3558861999991,980.9624498000012,TIERS_EXHAUSTED
EC_n075_030_a50_089,EC,75,0.5,1,1,2456.0,2482,1.04754230459307,1,304.99793729999874,304.9979665999999,STALL→tier0→1 d_max=13
EC_n075_030_a50_089,EC,75,0.5,2,2,2456.0,2468,0.48622366288492713,1,309.1374834999988,623.4732768999966,STALL→tier1→2 d_max=17
EC_n075_030_a50_089,EC,75,0.5,3,3,2456.0,2465,0.36511156186612576,1,301.28497309999875,933.8096848999994,TIERS_EXHAUSTED
B_n130_019_a25_055,B,130,0.25,1,1,3359.0,3441,2.383028189479802,1,300.20609709999917,300.2061297,STALL→tier0→1 d_max=14
B_n130_019_a25_055,B,130,0.25,2,2,3359.0,3413,1.5821857603281568,1,300.1764394999991,618.6053016000005,STALL→tier1→2 d_max=18
B_n130_019_a25_055,B,130,0.25,3,3,3359.0,3410,1.4956011730205279,1,302.5402830000021,939.9562428999998,TIERS_EXHAUSTED
EC_n070_023_a25_067,EC,70,0.25,1,1,1496.0,1505,0.5980066445182725,2,300.1272534999989,300.1273046000024,STALL→tier0→1 d_max=7
EC_n070_023_a25_067,EC,70,0.25,2,2,1496.0,1502,0.3994673768308922,2,301.5638261000022,611.5519509000005,STALL→tier1→2 d_max=9
EC_n070_023_a25_067,EC,70,0.25,3,3,1496.0,1501,0.3331112591605596,2,300.9488672999978,922.5762128000024,TIERS_EXHAUSTED
B_n110_006_a25_016,B,110,0.25,1,1,2434.0,2477,1.7359709325797335,1,301.38398869999946,301.38403910000125,STALL→tier0→1 d_max=12
B_n110_006_a25_016,B,110,0.25,2,2,2434.0,2474,1.6168148746968474,2,301.67825789999915,639.9708663999991,STALL→tier1→2 d_max=16
B_n110_006_a25_016,B,110,0.25,3,3,2434.0,2473,1.5770319450060657,2,300.0958834999983,986.6494964000012,TIERS_EXHAUSTED
EC_n075_028_a25_082,EC,75,0.25,1,1,1697.0,1712,0.8761682242990654,2,301.75342190000083,301.75344869999753,STALL→tier0→1 d_max=8
EC_n075_028_a25_082,EC,75,0.25,2,2,1697.0,1704,0.41079812206572774,2,300.18981099999655,621.1610672999996,STALL→tier1→2 d_max=10
EC_n075_028_a25_082,EC,75,0.25,3,3,1697.0,1703,0.35231943628890194,2,300.46570840000277,943.9940337000007,TIERS_EXHAUSTED
D_n065_028_a25_082,D,65,0.25,1,1,1383.0,1393,0.7178750897343862,1,300.16400649999923,300.16405459999805,STALL→tier0→1 d_max=6
D_n065_028_a25_082,D,65,0.25,2,2,1383.0,1388,0.36023054755043227,1,300.0313688000024,611.6212313999968,STALL→tier1→2 d_max=8
D_n065_028_a25_082,D,65,0.25,3,3,1383.0,1388,0.36023054755043227,2,300.28053590000127,921.2991427999987,TIERS_EXHAUSTED
EB_n130_019_a25_055,EB,130,0.25,1,1,2807.0,2855,1.6812609457092822,2,301.0311021000016,301.0311269999984,STALL→tier0→1 d_max=11
EB_n130_019_a25_055,EB,130,0.25,2,2,2807.0,2826,0.6723283793347488,2,300.4838536999996,622.2817918000001,STALL→tier1→2 d_max=14
EB_n130_019_a25_055,EB,130,0.25,3,3,2807.0,2819,0.4256828662646328,2,301.3079189000018,934.4296566999983,TIERS_EXHAUSTED
B_n130_016_a25_046,B,130,0.25,1,1,2744.0,2837,3.2781106802960878,1,300.20117649999884,300.2012121000007,STALL→tier0→1 d_max=13
B_n130_016_a25_046,B,130,0.25,2,2,2744.0,2802,2.0699500356887937,1,302.77130430000034,663.2329452999984,STALL→tier1→2 d_max=17
B_n130_016_a25_046,B,130,0.25,3,3,2744.0,2797,1.8948873793350018,2,300.42187019999983,1023.9373076000011,TIERS_EXHAUSTED
ED_n040_004_a50_011,ED,40,0.5,1,1,1154.0,1165,0.944206008583691,2,299.3072704999977,299.307319800002,STALL→tier0→1 d_max=5
ED_n040_004_a50_011,ED,40,0.5,2,2,1154.0,1165,0.944206008583691,3,300.0097127000008,600.3826242000032,STALL→tier1→2 d_max=6
ED_n040_004_a50_011,ED,40,0.5,3,3,1154.0,1165,0.944206008583691,5,300.0020831999973,901.2633087000031,TIERS_EXHAUSTED
