instance,family,n,alpha,group_id,bks,master_obj,master_rt_s,master_cert_gap_pct,master_status,beta_obj,beta_ub,beta_gap_pct,beta_ec_gain,beta_phases,beta_stop_reason,beta_total_rt_s,beta_raw_ub,beta_num_ub_refreshes,beta_num_lag_iters,beta_no_refresh,beta_vs_master,beta_vs_bks,beta_status
D_n065_027_a50_080,D,65,0.5,027,,1788.0,2810.0,0.732845,NA,1788.0,1801,0.7218,0,3,TIERS_EXHAUSTED,978.2,1801.4775,2,600,0,0.0,,NA
D_n070_035_a50_104,D,70,0.5,035,,2348.0,5482.0,1.178451,NA,2350.0,2368,0.7601,0,3,TIERS_EXHAUSTED,1067.6,2368.4917,2,600,0,2.0,,NA
EB_n140_022_a50_065,EB,140,0.5,022,4503.0,4898.0,3926.0,1.75509,BEAT,4900.0,4926,0.5278,0,3,TIERS_EXHAUSTED,1093.2,4926.0136,2,557,0,2.0,397.0,BEAT
D_n075_039_a50_116,D,75,0.5,039,,3071.0,2795.0,0.711284,NA,3071.0,3082,0.3569,0,3,TIERS_EXHAUSTED,1111.7,3082.1909,1,600,0,0.0,,NA
D_n075_040_a50_119,D,75,0.5,040,,2568.0,2838.0,0.876211,NA,2568.0,2585,0.6576,0,3,TIERS_EXHAUSTED,1131.3,2585.0169,2,600,0,0.0,,NA
ED_n080_045_a75_135,ED,80,0.75,045,,2932.0,2703.0,0.704416,NA,2933.0,2942,0.3059,0,3,TIERS_EXHAUSTED,1176.3,2942.3949,1,587,0,1.0,,NA
D_n080_044_a50_131,D,80,0.5,044,,3261.0,2652.0,0.760803,NA,3252.0,3272,0.6112,0,3,TIERS_EXHAUSTED,1174.3,3272.6520,2,600,0,-9.0,,NA
B_n140_024_a25_070,B,140,0.25,024,4264.0,4264.0,2528.0,1.186504,TIE,4264.0,4315,1.1819,0,3,TIERS_EXHAUSTED,991.8,4315.4783,1,600,0,0.0,0.0,TIE
ED_n075_039_a50_116,ED,75,0.5,039,,3048.0,2634.0,0.894164,NA,3041.0,3051,0.3278,0,3,TIERS_EXHAUSTED,1095.7,3051.7781,2,600,0,-7.0,,NA
B_n150_028_a25_082,B,150,0.25,028,,3888.0,2536.0,1.954356,NA,3890.0,3907,0.4351,0,3,TIERS_EXHAUSTED,1066.1,3907.0099,3,600,0,2.0,,NA
ED_n075_040_a75_120,ED,75,0.75,040,,2730.0,2649.0,0.745319,NA,2731.0,2740,0.3285,0,3,TIERS_EXHAUSTED,1203.6,2740.5587,2,584,0,1.0,,NA
D_n080_045_a50_134,D,80,0.5,045,,2749.0,2632.0,0.765288,NA,2749.0,2771,0.7939,0,3,TIERS_EXHAUSTED,1274.4,2771.5334,2,600,0,0.0,,NA
EC_n080_032_a50_095,EC,80,0.5,032,,2275.0,2452.0,0.576873,NA,2275.0,2286,0.4812,0,3,TIERS_EXHAUSTED,980.4,2286.9922,2,600,0,0.0,,NA
ED_n070_035_a25_103,ED,70,0.25,035,,1479.0,2293.0,1.090082,NA,1479.0,1489,0.6716,0,3,TIERS_EXHAUSTED,994.8,1489.9016,2,600,0,0.0,,NA
B_n140_023_a25_067,B,140,0.25,023,3781.0,3781.0,2103.0,0.630749,TIE,3781.0,3798,0.4476,0,3,TIERS_EXHAUSTED,1066.1,3798.2270,2,600,0,0.0,0.0,TIE
ED_n060_025_a50_074,ED,60,0.5,025,2014.0,2014.0,1900.0,1.40983,TIE,2014.0,2034,0.9833,0,3,TIERS_EXHAUSTED,1000.7,2034.8363,2,600,0,0.0,0.0,TIE
ED_n070_032_a75_096,ED,70,0.75,032,,2083.0,2033.0,0.941602,NA,2083.0,2096,0.6202,0,3,TIERS_EXHAUSTED,1091.8,2096.0631,2,600,0,0.0,,NA
EC_n080_035_a50_104,EC,80,0.5,035,,2667.0,1776.0,0.425627,NA,2667.0,2678,0.4108,0,3,TIERS_EXHAUSTED,949.5,2678.1027,2,600,0,0.0,,NA
D_n070_032_a75_096,D,70,0.75,032,,2105.0,1713.0,0.142315,NA,2098.0,2106,0.3799,0,3,TIERS_EXHAUSTED,1041.5,2106.2402,1,600,0,-7.0,,NA
D_n080_042_a25_124,D,80,0.25,042,,1537.0,1629.0,1.240121,NA,1537.0,1551,0.9026,0,3,TIERS_EXHAUSTED,1110.4,1551.7480,2,505,0,0.0,,NA
B_n150_026_a25_076,B,150,0.25,026,,3246.0,1580.0,1.895004,NA,3246.0,3314,2.0519,0,3,TIERS_EXHAUSTED,1095.0,3314.6682,2,431,0,0.0,,NA
D_n075_040_a25_118,D,75,0.25,040,,1820.0,1581.0,1.097707,NA,1820.0,1828,0.4376,0,3,TIERS_EXHAUSTED,1132.2,1828.4784,2,575,0,0.0,,NA
D_n080_045_a25_133,D,80,0.25,045,,1910.0,1564.0,1.200083,NA,1910.0,1924,0.7277,0,3,TIERS_EXHAUSTED,1130.3,1924.2495,2,576,0,0.0,,NA
ED_n080_045_a25_133,ED,80,0.25,045,,1680.0,1556.0,0.562297,NA,1681.0,1687,0.3557,0,3,TIERS_EXHAUSTED,1107.3,1687.7589,2,599,0,1.0,,NA
D_n070_032_a25_094,D,70,0.25,032,,1196.0,1471.0,1.385224,NA,1196.0,1202,0.4992,0,3,TIERS_EXHAUSTED,966.8,1202.0280,2,600,0,0.0,,NA
D_n065_030_a50_089,D,65,0.5,030,,2337.0,1399.0,0.890585,NA,2337.0,2350,0.5532,0,3,TIERS_EXHAUSTED,1036.5,2350.1984,2,600,0,0.0,,NA
ED_n055_019_a50_056,ED,55,0.5,019,1897.0,1897.0,1104.0,0.877835,TIE,1897.0,1907,0.5244,0,3,TIERS_EXHAUSTED,936.7,1907.3690,2,600,0,0.0,0.0,TIE
D_n070_032_a50_095,D,70,0.5,032,,1908.0,1124.0,0.63535,NA,1908.0,1919,0.5732,0,3,TIERS_EXHAUSTED,1016.4,1919.7646,2,600,0,0.0,,NA
ED_n075_040_a25_118,ED,75,0.25,040,,1588.0,1207.0,0.929565,NA,1588.0,1595,0.4389,0,3,TIERS_EXHAUSTED,1072.2,1595.9967,2,600,0,0.0,,NA
B_n140_021_a25_061,B,140,0.25,021,3142.0,3142.0,1258.0,1.649607,TIE,3142.0,3197,1.7204,0,3,TIERS_EXHAUSTED,1092.6,3197.5702,2,410,0,0.0,0.0,TIE
D_n075_036_a25_106,D,75,0.25,036,,1378.0,1084.0,0.941701,NA,1378.0,1383,0.3615,0,3,TIERS_EXHAUSTED,995.5,1383.1231,2,600,0,0.0,,NA
ED_n065_030_a25_088,ED,65,0.25,030,,1478.0,1018.0,1.117281,NA,1478.0,1488,0.6720,0,3,TIERS_EXHAUSTED,980.1,1488.6260,2,600,0,0.0,,NA
EB_n140_022_a25_064,EB,140,0.25,022,2767.0,2766.0,1027.0,1.01986,GAP,2767.0,2787,0.7176,0,3,TIERS_EXHAUSTED,1082.2,2787.5371,2,523,0,1.0,0.0,TIE
ED_n070_032_a50_095,ED,70,0.5,032,,1866.0,956.0,0.623103,NA,1867.0,1877,0.5328,0,3,TIERS_EXHAUSTED,979.4,1877.0579,2,600,0,1.0,,NA
EB_n150_027_a25_079,EB,150,0.25,027,,2770.0,990.0,1.060828,NA,2771.0,2795,0.8587,0,3,TIERS_EXHAUSTED,1084.5,2795.8671,2,507,0,1.0,,NA
ED_n080_042_a25_124,ED,80,0.25,042,,1305.0,990.0,1.128873,NA,1305.0,1313,0.6093,0,3,TIERS_EXHAUSTED,1093.6,1313.6374,2,529,0,0.0,,NA
D_n060_022_a50_065,D,60,0.5,022,1778.0,1777.0,944.0,0.914464,GAP,1777.0,1790,0.7263,0,3,TIERS_EXHAUSTED,948.8,1790.4038,2,600,0,0.0,-1.0,GAP
EC_n065_017_a50_050,EC,65,0.5,017,1900.0,1900.0,898.0,0.596421,TIE,1900.0,1909,0.4715,0,3,TIERS_EXHAUSTED,917.4,1909.1761,1,600,0,0.0,0.0,TIE
D_n070_035_a25_103,D,70,0.25,035,,1701.0,944.0,1.116149,NA,1701.0,1708,0.4098,0,3,TIERS_EXHAUSTED,1005.8,1708.7555,2,600,0,0.0,,NA
ED_n065_027_a50_080,ED,65,0.5,027,1747.0,1747.0,898.0,1.154238,TIE,1747.0,1766,1.0759,0,3,TIERS_EXHAUSTED,951.3,1766.8443,2,600,0,0.0,0.0,TIE
ED_n075_037_a25_109,ED,75,0.25,037,,1273.0,794.0,0.933852,NA,1273.0,1282,0.7020,0,3,TIERS_EXHAUSTED,995.0,1282.5607,2,600,0,0.0,,NA
EB_n150_026_a25_076,EB,150,0.25,026,2550.0,2550.0,890.0,0.747314,TIE,2550.0,2565,0.5848,0,3,TIERS_EXHAUSTED,1084.3,2565.2579,2,475,0,0.0,0.0,TIE
ED_n060_022_a50_065,ED,60,0.5,022,1728.0,1737.0,775.0,1.764506,BEAT,1737.0,1766,1.6421,0,3,TIERS_EXHAUSTED,958.2,1766.6233,2,600,0,0.0,9.0,BEAT
EC_n080_033_a25_097,EC,80,0.25,033,,1806.0,773.0,0.430036,NA,1806.0,1812,0.3311,0,3,TIERS_EXHAUSTED,955.3,1812.2903,2,600,0,0.0,,NA
ED_n050_014_a50_041,ED,50,0.5,014,1787.0,1787.0,767.0,1.139633,TIE,1787.0,1797,0.5565,0,3,TIERS_EXHAUSTED,922.8,1797.6412,2,600,0,0.0,0.0,TIE
ED_n065_027_a75_081,ED,65,0.75,027,1972.0,1972.0,718.0,0.714933,TIE,1972.0,1982,0.5045,0,3,TIERS_EXHAUSTED,1017.4,1982.9815,2,600,0,0.0,0.0,TIE
C_n070_022_a50_065,C,70,0.5,022,,2052.0,698.0,1.203659,NA,2052.0,2060,0.3883,0,3,TIERS_EXHAUSTED,936.4,2060.9209,3,600,0,0.0,,NA
EB_n130_017_a50_050,EB,130,0.5,017,4402.0,4420.0,704.0,1.37671,BEAT,4421.0,4447,0.5847,0,3,TIERS_EXHAUSTED,1109.3,4447.7773,3,453,0,1.0,19.0,BEAT
B_n120_012_a25_034,B,120,0.25,012,2871.0,2871.0,633.0,0.485269,TIE,2871.0,2883,0.4162,0,3,TIERS_EXHAUSTED,991.3,2883.1379,1,600,0,0.0,0.0,TIE
B_n120_014_a25_040,B,120,0.25,014,3242.0,3242.0,586.0,1.581616,TIE,3242.0,3294,1.5786,0,3,TIERS_EXHAUSTED,948.1,3294.4618,2,600,0,0.0,0.0,TIE
ED_n065_029_a25_085,ED,65,0.25,029,,1343.0,577.0,1.235476,NA,1343.0,1351,0.5922,0,3,TIERS_EXHAUSTED,936.1,1351.7497,2,600,0,0.0,,NA
B_n120_011_a25_031,B,120,0.25,011,2526.0,2526.0,560.0,1.796128,TIE,2526.0,2575,1.9029,0,3,TIERS_EXHAUSTED,1086.6,2575.3666,2,449,0,0.0,0.0,TIE
ED_n060_022_a75_066,ED,60,0.75,022,1944.0,1944.0,559.0,0.613497,TIE,1944.0,1954,0.5118,0,3,TIERS_EXHAUSTED,983.5,1954.6449,2,600,0,0.0,0.0,TIE
EC_n070_023_a50_068,EC,70,0.5,023,2206.0,2206.0,532.0,0.545512,TIE,2206.0,2217,0.4962,0,3,TIERS_EXHAUSTED,953.5,2217.4738,2,600,0,0.0,0.0,TIE
C_n070_023_a25_067,C,70,0.25,023,1628.0,1628.0,520.0,0.324496,TIE,1628.0,1633,0.3062,0,3,TIERS_EXHAUSTED,933.4,1633.2543,1,600,0,0.0,0.0,TIE
D_n055_019_a25_055,D,55,0.25,019,1147.0,1147.0,513.0,1.256887,TIE,1147.0,1157,0.8643,0,3,TIERS_EXHAUSTED,918.4,1157.4316,2,600,0,0.0,0.0,TIE
ED_n060_024_a25_070,ED,60,0.25,024,1253.0,1253.0,507.0,1.104972,TIE,1253.0,1260,0.5556,0,3,TIERS_EXHAUSTED,942.8,1260.5936,2,600,0,0.0,0.0,TIE
ED_n065_028_a25_082,ED,65,0.25,028,,1152.0,497.0,0.466563,NA,1152.0,1157,0.4322,0,3,TIERS_EXHAUSTED,931.5,1157.1589,1,600,0,0.0,,NA
EB_n120_014_a25_040,EB,120,0.25,014,2707.0,2707.0,469.0,0.864279,TIE,2707.0,2721,0.5145,0,3,TIERS_EXHAUSTED,952.6,2721.5417,2,600,0,0.0,0.0,TIE
B_n130_017_a25_049,B,130,0.25,017,3062.0,3061.0,462.0,0.409943,GAP,3062.0,3074,0.3904,0,3,TIERS_EXHAUSTED,1074.7,3074.3887,2,444,0,1.0,0.0,TIE
D_n065_030_a25_088,D,65,0.25,030,,1698.0,435.0,0.811963,NA,1698.0,1707,0.5272,0,3,TIERS_EXHAUSTED,1066.5,1707.0872,2,600,0,0.0,,NA
EC_n075_030_a50_089,EC,75,0.5,030,,2456.0,412.0,0.437814,NA,2456.0,2465,0.3651,0,3,TIERS_EXHAUSTED,958.6,2465.7581,2,600,0,0.0,,NA
B_n130_019_a25_055,B,130,0.25,019,3359.0,3359.0,401.0,1.521593,TIE,3359.0,3410,1.4956,0,3,TIERS_EXHAUSTED,961.8,3410.8117,2,600,0,0.0,0.0,TIE
EC_n070_023_a25_067,EC,70,0.25,023,1496.0,1496.0,347.0,0.465735,TIE,1496.0,1501,0.3331,0,3,TIERS_EXHAUSTED,932.6,1501.8950,2,600,0,0.0,0.0,TIE
B_n110_006_a25_016,B,110,0.25,006,2434.0,2434.0,374.0,1.577032,TIE,2434.0,2473,1.5770,0,3,TIERS_EXHAUSTED,1033.3,2473.3150,2,600,0,0.0,0.0,TIE
EC_n075_028_a25_082,EC,75,0.25,028,,1697.0,322.0,0.404953,NA,1697.0,1703,0.3523,0,3,TIERS_EXHAUSTED,965.2,1703.4260,2,600,0,0.0,,NA
D_n065_028_a25_082,D,65,0.25,028,,1383.0,266.0,0.374586,NA,1383.0,1388,0.3602,0,3,TIERS_EXHAUSTED,929.9,1388.2076,1,600,0,0.0,,NA
EB_n130_019_a25_055,EB,130,0.25,019,2807.0,2807.0,266.0,0.689899,TIE,2807.0,2819,0.4257,0,3,TIERS_EXHAUSTED,942.0,2819.9263,2,600,0,0.0,0.0,TIE
B_n130_016_a25_046,B,130,0.25,016,2744.0,2744.0,311.0,1.8598,TIE,2744.0,2797,1.8949,0,3,TIERS_EXHAUSTED,1076.7,2797.9348,2,502,0,0.0,0.0,TIE
ED_n040_004_a50_011,ED,40,0.5,004,1154.0,1154.0,210.0,1.207088,TIE,1154.0,1165,0.9442,0,3,TIERS_EXHAUSTED,902.5,1165.1444,1,600,0,0.0,0.0,TIE
