instance,family,n,alpha,phase,tier,obj,ub,stall_run,obj_improved,gap_pct,seeds,alns_iters,n_new_best,n_improve,n_accept_worse,d_weights,r_weights,d_weights_best,r_weights_best,d_usage,r_usage,seed_list,seed_iters,best_seed,n_best_events,first_best_s,last_best_s,lag_s,phase_rt,cumul_rt,event
B_n140_023_a25_067,B,140,0.25,1,1,3781.0,3821,1,0,1.0468463752944255,2,789,0,24,385,"[3.9805, 6.7794, 5.2547]","[7.9256, 5.3776, 3.8942, 2.4639]",,,"[181, 320, 287]","[254, 224, 177, 133]","[42, 123]","[500, 289]",,0,,,15.88,300.45484460005537,316.33106709993444,STALL→tier0→1 d_max=16
B_n140_023_a25_067,B,140,0.25,2,2,3781.0,3804,2,0,0.6046267087276551,2,852,0,32,347,"[2.8886, 5.4924, 4.0718]","[6.9105, 3.8583, 2.5522, 2.2533]",,,"[260, 333, 258]","[325, 220, 153, 153]","[42, 123]","[500, 352]",,0,,,15.68,301.9041464999318,633.9103218000382,STALL→tier1→2 d_max=21
B_n140_023_a25_067,B,140,0.25,3,3,3781.0,3798,3,0,0.44760400210637175,2,800,0,43,278,"[3.978, 6.5054, 5.0221]","[7.5967, 5.7524, 2.7974, 2.1786]",,,"[222, 295, 282]","[287, 231, 147, 134]","[42, 123]","[500, 300]",,0,,,15.64,301.00876929983497,950.5588704999536,TIERS_EXHAUSTED
D_n075_039_a50_116,D,75,0.5,1,1,3071.0,3082,1,0,0.3569110966904607,1,116,0,18,74,"[4.5413, 5.618, 4.4644]","[5.9367, 5.2347, 3.9455, 3.9156]",,,"[37, 38, 40]","[36, 30, 27, 22]",[42],[116],,0,,,6.85,301.1935768998228,308.03929190011695,STALL→tier0→1 d_max=14
D_n075_039_a50_116,D,75,0.5,2,2,3071.0,3082,2,0,0.3569110966904607,1,117,0,20,72,"[3.9114, 6.1155, 3.6197]","[5.6152, 5.44, 4.015, 3.673]",,,"[31, 44, 41]","[32, 33, 22, 29]",[42],[117],,0,,,6.44,305.0999281001277,619.5799179000314,STALL→tier1→2 d_max=18
D_n075_039_a50_116,D,75,0.5,3,3,3071.0,3082,3,0,0.3569110966904607,1,94,0,14,50,"[2.4667, 3.7294, 2.925]","[3.5556, 2.9833, 3.04, 2.2182]",,,"[36, 31, 26]","[28, 22, 23, 20]",[42],[94],,0,,,6.59,301.65919080004096,927.8309190999717,TIERS_EXHAUSTED
D_n080_044_a50_131,D,80,0.5,1,1,3252.0,3273,1,0,0.6416131989000917,1,82,0,3,57,"[2.3889, 3.5167, 2.4762]","[3.5, 2.8, 2.1867, 1.9143]",,,"[28, 22, 31]","[22, 24, 24, 11]",[42],[82],,0,,,8.49,301.8944206999149,310.38644849997945,STALL→tier0→1 d_max=14
D_n080_044_a50_131,D,80,0.5,2,2,3252.0,3272,2,0,0.6112469437652812,1,105,0,14,68,"[3.42, 5.9055, 3.8041]","[5.1788, 5.031, 3.9945, 3.89]",,,"[23, 44, 37]","[33, 28, 19, 24]",[42],[105],,0,,,7.86,300.19657209981233,618.4430271999445,STALL→tier1→2 d_max=19
D_n080_044_a50_131,D,80,0.5,3,3,3252.0,3272,3,0,0.6112469437652812,1,94,0,18,47,"[1.8625, 3.96, 2.1867]","[3.0353, 2.6667, 2.275, 2.8571]",,,"[25, 41, 27]","[26, 26, 17, 24]",[42],[94],,0,,,8.05,301.04258359991945,927.5346074998379,TIERS_EXHAUSTED
EB_n140_022_a50_065,EB,140,0.5,1,1,4900.0,4939,1,0,0.7896335290544645,1,422,0,37,141,"[2.8954, 5.0065, 4.1884]","[5.9148, 4.4488, 2.2781, 3.0249]",,,"[91, 185, 145]","[148, 130, 73, 70]",[42],[422],,0,,,25.31,300.0255932,325.3370683998801,STALL→tier0→1 d_max=25
EB_n140_022_a50_065,EB,140,0.5,2,2,4900.0,4926,2,0,0.5278116118554608,1,410,0,40,117,"[2.3252, 4.5898, 3.2633]","[4.4841, 4.2106, 2.1684, 0.7459]",,,"[118, 182, 109]","[150, 147, 69, 43]",[42],[410],,0,,,26.55,304.35385489999317,656.2399118000176,STALL→tier1→2 d_max=34
EB_n140_022_a50_065,EB,140,0.5,3,3,4900.0,4925,3,0,0.5076142131979695,1,312,0,41,91,"[3.0395, 4.97, 3.3363]","[5.753, 4.6905, 2.1236, 2.2713]",,,"[86, 132, 93]","[112, 84, 72, 43]",[42],[312],,0,,,26.43,304.6869234999176,987.3605605999473,TIERS_EXHAUSTED
ED_n080_045_a75_135,ED,80,0.75,1,1,2933.0,2943,1,0,0.33978933061501865,1,106,0,14,71,"[3.936, 5.8256, 4.662]","[5.1833, 5.2615, 4.5241, 4.2006]",,,"[40, 35, 30]","[22, 26, 28, 29]",[42],[106],,0,,,19.08,301.12360939988866,320.1993764999788,STALL→tier0→1 d_max=17
ED_n080_045_a75_135,ED,80,0.75,2,2,2933.0,2942,2,0,0.30591434398368456,1,88,0,14,56,"[2.9077, 3.6333, 2.9]","[3.24, 3.3, 2.9231, 3.2]",,,"[21, 34, 32]","[22, 21, 25, 19]",[42],[88],,0,,,20.54,300.3534858999774,641.090735899983,STALL→tier1→2 d_max=23
ED_n080_045_a75_135,ED,80,0.75,3,3,2933.0,2942,3,0,0.30591434398368456,1,80,0,16,50,"[2.7571, 3.5579, 3.1333]","[3.7231, 3.82, 2.8154, 2.6267]",,,"[19, 32, 28]","[23, 19, 19, 18]",[42],[80],,0,,,21.76,300.11206230008975,962.9664036000613,TIERS_EXHAUSTED
ED_n075_040_a75_120,ED,75,0.75,1,1,2731.0,2741,1,0,0.36483035388544327,1,136,0,21,95,"[5.4806, 5.9837, 4.964]","[5.8287, 5.9733, 4.5862, 5.12]",,,"[40, 48, 47]","[42, 28, 31, 34]",[42],[136],,0,,,16.34,307.70784120005555,324.0460965000093,STALL→tier0→1 d_max=16
ED_n075_040_a75_120,ED,75,0.75,2,2,2731.0,2740,2,0,0.3284671532846715,1,130,0,20,88,"[4.172, 5.6233, 4.9717]","[5.5284, 5.4362, 4.1527, 3.8982]",,,"[45, 42, 42]","[40, 31, 31, 27]",[42],[130],,0,,,18.1,314.7905230000615,656.9397501000203,STALL→tier1→2 d_max=22
ED_n075_040_a75_120,ED,75,0.75,3,3,2731.0,2740,3,0,0.3284671532846715,1,94,0,20,51,"[2.6667, 3.925, 2.6571]","[3.75, 3.4154, 2.6154, 2.5077]",,,"[32, 37, 24]","[25, 25, 19, 24]",[42],[94],,0,,,18.16,300.4037997999694,975.507219000021,TIERS_EXHAUSTED
ED_n070_032_a75_096,ED,70,0.75,1,1,2083.0,2097,1,0,0.6676204101096805,1,138,0,22,85,"[3.8433, 6.0036, 4.2694]","[5.4383, 5.848, 3.8348, 4.615]",,,"[37, 52, 48]","[30, 33, 47, 27]",[42],[138],,0,,,5.79,300.7990580999758,306.58425229997374,STALL→tier0→1 d_max=14
ED_n070_032_a75_096,ED,70,0.75,2,2,2083.0,2096,2,0,0.6202290076335878,1,143,0,30,85,"[4.1945, 6.1902, 4.515]","[5.9933, 5.9422, 4.7331, 2.0333]",,,"[40, 52, 50]","[53, 36, 31, 22]",[42],[143],,0,,,6.22,300.9854537998326,613.7940857999492,STALL→tier1→2 d_max=19
ED_n070_032_a75_096,ED,70,0.75,3,3,2083.0,2094,3,0,0.5253104106972302,1,147,0,33,83,"[3.6469, 5.9, 5.2674]","[6.1787, 5.9204, 3.6389, 2.12]",,,"[41, 46, 59]","[49, 48, 26, 23]",[42],[147],,0,,,5.7,300.593706500018,920.0884785000235,TIERS_EXHAUSTED
ED_n060_025_a50_074,ED,60,0.5,1,1,2014.0,2057,1,0,2.0904229460379193,1,315,0,33,176,"[5.2841, 7.4656, 7.0344]","[9.3509, 7.0109, 4.5631, 4.071]",,,"[84, 121, 109]","[99, 88, 50, 77]",[42],[315],,0,,,2.53,302.7700058000628,305.3023302999791,STALL→tier0→1 d_max=10
ED_n060_025_a50_074,ED,60,0.5,2,2,2014.0,2043,2,0,1.4194811551639746,1,219,0,37,108,"[4.3049, 8.0303, 5.0864]","[8.9376, 6.3013, 5.1647, 4.5329]",,,"[55, 94, 69]","[46, 56, 59, 57]",[42],[219],,0,,,2.48,300.359979899833,608.1440110998228,STALL→tier1→2 d_max=14
ED_n060_025_a50_074,ED,60,0.5,3,3,2014.0,2033,3,0,0.9345794392523363,1,245,0,32,131,"[4.8908, 7.8171, 5.5764]","[9.0074, 7.5927, 3.6018, 4.1449]",,,"[76, 96, 72]","[70, 69, 56, 49]",[42],[245],,0,,,2.78,304.236357799964,915.1588084998075,TIERS_EXHAUSTED
D_n070_032_a75_096,D,70,0.75,1,1,2098.0,2106,1,0,0.3798670465337132,1,181,0,30,109,"[4.3888, 7.8183, 6.6756]","[6.8191, 6.7272, 6.1111, 6.2013]",,,"[56, 69, 55]","[42, 58, 36, 44]",[42],[181],,0,,,5.85,316.97971699992195,322.8258420000784,STALL→tier0→1 d_max=16
D_n070_032_a75_096,D,70,0.75,2,2,2098.0,2106,2,0,0.3798670465337132,1,162,0,27,99,"[4.1685, 7.2495, 6.6495]","[7.1309, 7.6323, 4.5153, 5.0631]",,,"[47, 63, 51]","[46, 45, 31, 39]",[42],[162],,0,,,5.82,309.09504369995557,637.7359524001367,STALL→tier1→2 d_max=21
D_n070_032_a75_096,D,70,0.75,3,3,2098.0,2106,3,0,0.3798670465337132,1,136,0,31,73,"[4.1957, 5.7876, 4.2331]","[5.9234, 4.7069, 5.0, 3.9046]",,,"[39, 59, 37]","[35, 37, 28, 35]",[42],[136],,0,,,5.98,306.8804421001114,950.5927475001663,TIERS_EXHAUSTED
D_n065_030_a50_089,D,65,0.5,1,1,2337.0,2387,1,0,2.094679514034353,1,187,0,17,140,"[5.5122, 7.2014, 6.2468]","[7.4253, 6.3072, 6.4253, 5.884]",,,"[44, 75, 67]","[36, 42, 53, 55]",[42],[187],,0,,,6.0,302.9881538001355,308.9844244001433,STALL→tier0→1 d_max=12
D_n065_030_a50_089,D,65,0.5,2,2,2337.0,2365,2,0,1.1839323467230445,1,177,0,19,119,"[4.6417, 7.1469, 5.689]","[7.1923, 6.3889, 4.3687, 5.4228]",,,"[51, 63, 62]","[47, 42, 40, 47]",[42],[177],,0,,,6.14,305.30526390019804,620.4297672000248,STALL→tier1→2 d_max=17
D_n065_030_a50_089,D,65,0.5,3,3,2337.0,2348,3,0,0.46848381601362865,1,177,0,17,121,"[4.6639, 7.4808, 5.7237]","[6.88, 7.1427, 4.779, 5.3986]",,,"[48, 76, 52]","[46, 51, 34, 45]",[42],[177],,0,,,7.42,308.2296148999594,936.0752469999716,TIERS_EXHAUSTED
D_n075_040_a25_118,D,75,0.25,1,1,1820.0,1861,1,0,2.203116603976357,1,259,0,27,151,"[5.6905, 6.8213, 5.7991]","[7.0313, 7.038, 4.9312, 5.0416]",,,"[74, 90, 94]","[58, 78, 56, 66]",[42],[259],,0,,,16.54,302.81860890006647,319.35799170006067,STALL→tier0→1 d_max=9
D_n075_040_a25_118,D,75,0.25,2,2,1820.0,1835,2,0,0.8174386920980926,1,222,0,21,130,"[4.7541, 7.7302, 5.481]","[6.6893, 7.6541, 5.5761, 4.7797]",,,"[62, 91, 68]","[41, 62, 56, 62]",[42],[222],,0,,,20.75,303.8592821001075,643.9711824001279,STALL→tier1→2 d_max=12
D_n075_040_a25_118,D,75,0.25,3,3,1820.0,1828,3,0,0.437636761487965,1,243,0,22,127,"[4.1871, 7.0451, 5.3108]","[6.85, 6.9426, 4.1674, 4.1305]",,,"[62, 109, 71]","[71, 66, 50, 55]",[42],[243],,0,,,23.23,300.03300890000537,967.2371771000326,TIERS_EXHAUSTED
D_n080_045_a25_133,D,80,0.25,1,1,1910.0,1956,1,0,2.3517382413087935,1,226,0,23,144,"[5.4112, 7.3492, 6.7537]","[7.453, 7.2508, 5.661, 6.273]",,,"[64, 83, 78]","[52, 71, 48, 54]",[42],[226],,0,,,20.71,301.4601596998982,322.1712810001336,STALL→tier0→1 d_max=9
D_n080_045_a25_133,D,80,0.25,2,2,1910.0,1932,2,0,1.1387163561076603,1,189,0,16,129,"[5.7995, 7.2402, 6.0709]","[7.068, 6.9077, 5.8127, 5.4104]",,,"[53, 68, 67]","[55, 47, 52, 34]",[42],[189],,0,,,20.37,300.19064309983514,642.7361111000646,STALL→tier1→2 d_max=12
D_n080_045_a25_133,D,80,0.25,3,3,1910.0,1923,3,0,0.6760270410816432,1,205,0,27,107,"[4.5794, 6.4175, 5.2801]","[6.6849, 6.7544, 4.7478, 4.191]",,,"[52, 79, 73]","[53, 51, 48, 52]",[42],[205],,0,,,20.74,302.24173950008117,965.7137556001544,TIERS_EXHAUSTED
ED_n075_040_a25_118,ED,75,0.25,1,1,1588.0,1615,1,0,1.671826625386997,1,406,0,25,187,"[4.5556, 5.9209, 3.637]","[5.8852, 6.0251, 3.3656, 3.5367]",,,"[114, 184, 107]","[115, 114, 104, 72]",[42],[406],,0,,,13.32,300.430637100013,313.7493114999961,STALL→tier0→1 d_max=7
ED_n075_040_a25_118,ED,75,0.25,2,2,1588.0,1601,2,0,0.8119925046845722,2,510,0,32,166,"[1.0, 1.0, 1.0]","[1.0, 1.0, 1.0, 1.0]",,,"[136, 214, 159]","[148, 154, 115, 92]","[42, 123]","[500, 10]",,0,,,15.53,300.36572859995067,629.6440359000117,STALL→tier1→2 d_max=10
ED_n075_040_a25_118,ED,75,0.25,3,3,1588.0,1597,3,0,0.5635566687539135,1,455,0,30,152,"[3.9104, 4.2117, 2.8899]","[4.214, 4.5048, 1.9804, 3.0997]",,,"[165, 168, 121]","[133, 138, 99, 84]",[42],[455],,0,,,15.88,300.14037779998034,945.6677244999446,TIERS_EXHAUSTED
ED_n055_019_a50_056,ED,55,0.5,1,1,1897.0,1908,1,0,0.5765199161425576,2,527,0,17,243,"[1.0, 1.0, 1.0]","[1.0, 1.0, 1.0, 1.0]",,,"[182, 211, 133]","[164, 122, 130, 110]","[42, 123]","[500, 27]",,0,,,0.93,301.065951500088,301.9926931001246,STALL→tier0→1 d_max=8
ED_n055_019_a50_056,ED,55,0.5,2,2,1897.0,1907,2,0,0.5243838489774515,2,558,0,29,203,"[3.1882, 3.6333, 2.1875]","[3.8421, 2.75, 2.8182, 2.2]",,,"[143, 241, 173]","[163, 153, 112, 129]","[42, 123]","[500, 58]",,0,,,0.9,300.015152500011,602.9083390000742,STALL→tier1→2 d_max=11
ED_n055_019_a50_056,ED,55,0.5,3,3,1897.0,1907,3,0,0.5243838489774515,2,508,0,29,147,"[1.0, 1.0, 1.0]","[1.0, 1.0, 1.0, 1.0]",,,"[167, 191, 149]","[151, 137, 119, 100]","[42, 123]","[500, 8]",,0,,,0.99,301.5725716999732,905.4691802000161,TIERS_EXHAUSTED
ED_n065_030_a25_088,ED,65,0.25,1,1,1478.0,1509,1,0,2.054340622929092,2,729,0,48,372,"[5.6391, 7.6073, 5.3435]","[7.4023, 7.3419, 4.6547, 4.8631]",,,"[229, 282, 217]","[191, 254, 159, 124]","[42, 123]","[500, 229]",,0,,,6.58,300.1507890999783,306.73467630008236,STALL→tier0→1 d_max=7
ED_n065_030_a25_088,ED,65,0.25,2,2,1478.0,1492,2,0,0.938337801608579,2,877,0,68,375,"[4.8865, 7.1067, 3.9354]","[6.0765, 7.5386, 2.2881, 2.8119]",,,"[270, 358, 248]","[275, 309, 129, 163]","[42, 123]","[500, 377]",,0,,,6.73,300.1406135999132,613.6074822000228,STALL→tier1→2 d_max=9
ED_n065_030_a25_088,ED,65,0.25,3,3,1478.0,1489,3,0,0.7387508394895903,2,774,0,59,361,"[5.1479, 7.0917, 5.1792]","[6.8191, 8.4334, 2.7308, 3.7821]",,,"[225, 316, 232]","[195, 267, 156, 155]","[42, 123]","[500, 274]",,0,,,7.49,300.1076972000301,921.2008801000193,TIERS_EXHAUSTED
B_n140_021_a25_061,B,140,0.25,1,1,3142.0,3226,1,0,2.603843769373838,3,1279,0,58,588,"[4.7454, 7.1877, 5.53]","[7.7451, 7.0686, 4.3339, 3.6854]",,,"[326, 552, 400]","[377, 419, 234, 248]","[42, 123, 456]","[500, 500, 279]",,0,,,26.23,300.6361740999855,326.87119280011393,STALL→tier0→1 d_max=13
B_n140_021_a25_061,B,140,0.25,2,2,3142.0,3197,2,0,1.7203628401626525,3,1217,0,93,487,"[4.3623, 7.3253, 5.913]","[7.539, 7.7702, 3.2543, 4.0161]",,,"[341, 539, 336]","[398, 403, 216, 199]","[42, 123, 456]","[500, 500, 217]",,0,,,30.88,301.2879404001869,659.0363004000392,STALL→tier1→2 d_max=18
B_n140_021_a25_061,B,140,0.25,3,3,3142.0,3195,3,0,1.6588419405320816,3,1249,0,90,470,"[5.083, 6.6394, 5.3987]","[7.905, 7.3485, 3.2509, 2.4213]",,,"[380, 519, 349]","[411, 433, 198, 206]","[42, 123, 456]","[500, 500, 249]",,0,,,30.94,300.0093212998472,989.9892132999375,TIERS_EXHAUSTED
D_n060_022_a50_065,D,60,0.5,1,1,1777.0,1815,1,0,2.09366391184573,1,353,0,19,157,"[3.079, 5.6671, 4.5539]","[6.0457, 5.0915, 3.0728, 3.9393]",,,"[95, 127, 130]","[90, 108, 77, 77]",[42],[353],,0,,,2.07,303.4165825000964,305.4880723999813,STALL→tier0→1 d_max=10
D_n060_022_a50_065,D,60,0.5,2,2,1777.0,1792,2,0,0.8370535714285714,1,315,0,24,139,"[3.4126, 6.2485, 4.1464]","[7.0434, 5.7217, 3.2309, 3.2615]",,,"[75, 135, 104]","[82, 90, 70, 72]",[42],[315],,0,,,2.14,300.97562110004947,608.600425099954,STALL→tier1→2 d_max=13
D_n060_022_a50_065,D,60,0.5,3,3,1777.0,1790,3,0,0.7262569832402235,1,321,0,35,158,"[5.1142, 7.2505, 5.8654]","[8.45, 8.1257, 2.3499, 3.7619]",,,"[87, 132, 101]","[92, 103, 66, 59]",[42],[321],,0,,,2.12,302.9626458999701,913.6834178001154,TIERS_EXHAUSTED
EB_n150_027_a25_079,EB,150,0.25,1,1,2771.0,2817,1,0,1.632942847000355,3,1244,0,51,504,"[4.0751, 6.8831, 4.9139]","[6.3929, 6.5851, 4.8294, 3.9798]",,,"[325, 548, 370]","[362, 387, 251, 243]","[42, 123, 456]","[500, 500, 244]",,0,,,26.6,301.2608231001068,327.8609048000071,STALL→tier0→1 d_max=13
EB_n150_027_a25_079,EB,150,0.25,2,2,2771.0,2802,2,0,1.1063526052819415,3,1161,0,66,412,"[3.8415, 7.2737, 4.3077]","[6.6455, 6.9538, 4.5937, 3.5608]",,,"[309, 505, 346]","[341, 326, 252, 241]","[42, 123, 456]","[500, 500, 161]",,0,,,27.36,300.75162830017507,655.9676671000198,STALL→tier1→2 d_max=17
EB_n150_027_a25_079,EB,150,0.25,3,3,2771.0,2792,3,0,0.7521489971346704,3,1155,0,74,356,"[4.2091, 6.4719, 4.6126]","[5.8215, 6.9747, 4.1258, 3.1425]",,,"[307, 540, 307]","[336, 384, 228, 206]","[42, 123, 456]","[500, 500, 155]",,0,,,27.86,301.3022133000195,985.1309067001566,TIERS_EXHAUSTED
ED_n060_022_a50_065,ED,60,0.5,1,1,1737.0,1770,1,0,1.864406779661017,2,549,0,43,202,"[1.0, 1.0, 1.0]","[1.0, 1.0, 1.0, 1.0]",,,"[181, 177, 190]","[186, 179, 84, 99]","[42, 123]","[500, 49]",,0,,,1.79,301.7653441999573,303.55495849996805,STALL→tier0→1 d_max=9
ED_n060_022_a50_065,ED,60,0.5,2,2,1737.0,1768,2,0,1.753393665158371,2,514,0,33,166,"[1.0, 1.0, 1.0]","[1.0, 1.0, 1.0, 1.0]",,,"[139, 211, 163]","[160, 179, 89, 85]","[42, 123]","[500, 14]",,0,,,2.19,300.14001330011524,605.8812883000355,STALL→tier1→2 d_max=12
ED_n060_022_a50_065,ED,60,0.5,3,3,1737.0,1766,3,0,1.6421291053227631,2,527,0,44,175,"[1.0, 1.0, 1.0]","[1.0, 1.0, 1.0, 1.0]",,,"[146, 208, 172]","[161, 176, 94, 95]","[42, 123]","[500, 27]",,0,,,2.31,300.1481133000925,908.3414431998972,TIERS_EXHAUSTED
ED_n050_014_a50_041,ED,50,0.5,1,1,1787.0,1799,1,0,0.6670372429127293,2,773,0,22,339,"[4.608, 5.9095, 5.3941]","[7.7883, 5.6425, 3.3548, 3.8827]",,,"[204, 291, 277]","[234, 215, 161, 162]","[42, 123]","[500, 273]",,0,,,0.78,300.4772423999384,301.25519539997913,STALL→tier0→1 d_max=8
ED_n050_014_a50_041,ED,50,0.5,2,2,1787.0,1797,2,0,0.5564830272676683,2,739,0,29,309,"[4.6345, 6.8188, 4.0698]","[6.6745, 5.5809, 4.1956, 3.1573]",,,"[218, 294, 226]","[265, 191, 164, 118]","[42, 123]","[500, 239]",,0,,,0.83,300.7253396001179,602.8146685000975,STALL→tier1→2 d_max=10
ED_n050_014_a50_041,ED,50,0.5,3,3,1787.0,1797,3,0,0.5564830272676683,2,617,0,35,239,"[3.1455, 5.664, 3.3005]","[5.5607, 5.16, 3.9467, 3.6959]",,,"[183, 280, 153]","[180, 152, 177, 107]","[42, 123]","[500, 117]",,0,,,0.79,300.5957047000993,904.1983676999807,TIERS_EXHAUSTED
EC_n080_033_a25_097,EC,80,0.25,1,1,1806.0,1822,1,0,0.8781558726673985,4,1833,0,70,828,"[6.7964, 5.54, 3.6308]","[6.3836, 5.6024, 3.4787, 4.1317]",,,"[535, 757, 540]","[599, 528, 343, 362]","[42, 123, 456, 789]","[500, 500, 500, 333]",,0,,,4.87,300.0348771000281,304.9094279999845,STALL→tier0→1 d_max=8
EC_n080_033_a25_097,EC,80,0.25,2,2,1806.0,1813,2,0,0.3861003861003861,4,1847,0,111,753,"[4.5801, 6.6829, 5.0123]","[6.4244, 7.4504, 3.0105, 3.834]",,,"[524, 757, 565]","[574, 571, 322, 379]","[42, 123, 456, 789]","[500, 500, 500, 347]",,0,,,4.33,300.8046723001171,610.0401302999817,STALL→tier1→2 d_max=11
EC_n080_033_a25_097,EC,80,0.25,3,3,1806.0,1812,3,0,0.33112582781456956,4,1942,0,99,707,"[3.4809, 5.1391, 3.6896]","[5.4314, 5.3525, 1.6864, 2.42]",,,"[621, 756, 564]","[608, 683, 303, 347]","[42, 123, 456, 789]","[500, 500, 500, 442]",,0,,,4.04,300.04551059985533,914.1236838998739,TIERS_EXHAUSTED
ED_n065_027_a75_081,ED,65,0.75,1,1,1972.0,1983,1,0,0.5547150781643975,1,178,0,21,124,"[4.7175, 7.1511, 6.4686]","[7.3333, 6.5557, 6.0949, 5.1322]",,,"[50, 80, 47]","[42, 50, 53, 32]",[42],[178],,0,,,2.86,300.0313136000186,302.8875344998669,STALL→tier0→1 d_max=13
ED_n065_027_a75_081,ED,65,0.75,2,2,1972.0,1982,2,0,0.5045408678102926,1,196,0,35,111,"[4.981, 7.6027, 6.7489]","[7.4107, 7.6823, 5.5941, 5.3611]",,,"[44, 81, 70]","[58, 59, 36, 42]",[42],[196],,0,,,3.08,300.49812180013396,606.4643578999676,STALL→tier1→2 d_max=18
ED_n065_027_a75_081,ED,65,0.75,3,3,1972.0,1982,3,0,0.5045408678102926,1,138,0,33,71,"[4.0853, 5.8719, 3.8552]","[6.3043, 4.5257, 5.2255, 2.8429]",,,"[39, 63, 35]","[39, 24, 44, 30]",[42],[138],,0,,,3.05,304.0180764000397,913.5307797999121,TIERS_EXHAUSTED
EB_n150_026_a25_076,EB,150,0.25,1,1,2550.0,2590,1,0,1.5444015444015444,4,1663,0,94,695,"[5.48, 7.7526, 5.381]","[7.472, 7.7053, 4.9674, 5.5106]",,,"[505, 619, 538]","[550, 507, 313, 292]","[42, 123, 456, 789]","[500, 500, 500, 163]",,0,,,29.2,300.29144289996475,329.4904147000052,STALL→tier0→1 d_max=12
EB_n150_026_a25_076,EB,150,0.25,2,2,2550.0,2570,2,0,0.7782101167315175,4,1525,0,82,542,"[1.0, 1.0, 1.0]","[1.0, 1.0, 1.0, 1.0]",,,"[443, 632, 449]","[519, 423, 273, 309]","[42, 123, 456, 789]","[500, 500, 500, 25]",,0,,,32.62,300.8741409999784,662.9890351002105,STALL→tier1→2 d_max=16
EB_n150_026_a25_076,EB,150,0.25,3,3,2550.0,2560,3,0,0.390625,3,1431,0,94,454,"[3.9056, 4.1289, 3.1083]","[4.1191, 5.0412, 1.4342, 2.6328]",,,"[425, 592, 413]","[498, 454, 274, 204]","[42, 123, 456]","[500, 500, 431]",,0,,,32.02,300.2872874001041,995.2966519000474,TIERS_EXHAUSTED
C_n070_022_a50_065,C,70,0.5,1,1,2052.0,2061,1,0,0.43668122270742354,2,843,0,28,410,"[4.0698, 5.9028, 6.1792]","[8.3157, 5.213, 3.6112, 3.5711]",,,"[191, 336, 315]","[291, 241, 173, 137]","[42, 123]","[500, 343]",,0,,,2.59,301.5356835001148,304.12345079984516,STALL→tier0→1 d_max=13
C_n070_022_a50_065,C,70,0.5,2,2,2052.0,2060,2,0,0.3883495145631068,2,721,0,56,300,"[3.5539, 7.1262, 5.6996]","[8.4544, 5.9494, 3.6323, 3.588]",,,"[181, 295, 244]","[245, 195, 175, 105]","[42, 123]","[500, 221]",,0,,,2.61,301.66066220006905,608.3911776000168,STALL→tier1→2 d_max=18
C_n070_022_a50_065,C,70,0.5,3,3,2052.0,2060,3,0,0.3883495145631068,2,818,0,45,301,"[3.2492, 4.5887, 5.0618]","[5.9638, 4.4588, 3.981, 1.8208]",,,"[231, 337, 249]","[286, 228, 150, 153]","[42, 123]","[500, 318]",,0,,,2.66,300.97238630009815,912.0219643998425,TIERS_EXHAUSTED
EC_n070_023_a50_068,EC,70,0.5,1,1,2206.0,2235,1,0,1.2975391498881432,2,797,0,52,391,"[5.7525, 7.8436, 5.7979]","[8.8214, 6.4037, 4.7452, 4.8666]",,,"[231, 315, 250]","[267, 199, 151, 179]","[42, 123]","[500, 297]",,0,,,1.62,302.1079798999708,303.7240383999888,STALL→tier0→1 d_max=13
EC_n070_023_a50_068,EC,70,0.5,2,2,2206.0,2218,2,0,0.5410279531109108,2,722,0,65,315,"[4.4274, 7.5454, 5.6854]","[7.8965, 6.946, 4.5654, 3.4443]",,,"[179, 288, 254]","[265, 181, 136, 139]","[42, 123]","[500, 222]",,0,,,1.93,302.2825191000011,607.9402471999638,STALL→tier1→2 d_max=18
EC_n070_023_a50_068,EC,70,0.5,3,3,2206.0,2217,3,0,0.49616599007668016,2,670,0,79,250,"[4.5198, 7.5148, 4.8006]","[7.5033, 7.0523, 4.4955, 4.4724]",,,"[187, 277, 205]","[216, 181, 124, 148]","[42, 123]","[500, 170]",,0,,,2.04,301.8609694999177,911.8385258999187,TIERS_EXHAUSTED
D_n055_019_a25_055,D,55,0.25,1,1,1147.0,1179,1,0,2.7141645462256148,5,2055,0,96,1280,"[3.2588, 3.4, 3.5474]","[3.7733, 3.4, 3.1833, 3.1636]",,,"[670, 695, 689]","[641, 529, 435, 449]","[42, 123, 456, 789, 1337]","[500, 500, 500, 500, 55]",,0,,,1.21,300.2351562001277,301.4468231999781,STALL→tier0→1 d_max=5
D_n055_019_a25_055,D,55,0.25,2,2,1147.0,1164,2,0,1.4604810996563573,5,2245,0,151,1353,"[6.9145, 7.8809, 6.6067]","[8.6162, 7.6912, 5.96, 6.0742]",,,"[721, 813, 710]","[783, 569, 435, 457]","[42, 123, 456, 789, 1337]","[500, 500, 500, 500, 245]",,0,,,1.15,300.00902480003424,602.608989499975,STALL→tier1→2 d_max=7
D_n055_019_a25_055,D,55,0.25,3,3,1147.0,1157,3,0,0.864304235090752,5,2330,0,154,1402,"[6.7071, 7.48, 8.1677]","[11.0166, 7.532, 3.5192, 4.3696]",,,"[726, 885, 718]","[816, 627, 447, 439]","[42, 123, 456, 789, 1337]","[500, 500, 500, 500, 330]",,0,,,1.16,300.0228340001777,903.7951615999918,TIERS_EXHAUSTED
B_n130_017_a25_049,B,130,0.25,1,1,3062.0,3089,1,0,0.8740692780835222,2,895,0,21,380,"[3.7175, 5.8653, 3.365]","[6.0699, 5.3239, 3.3241, 2.9562]",,,"[266, 353, 275]","[270, 234, 198, 192]","[42, 123]","[500, 395]",,0,,,25.22,300.8734134999104,326.0943002998829,STALL→tier0→1 d_max=16
B_n130_017_a25_049,B,130,0.25,2,2,3062.0,3074,2,0,0.3903708523096942,2,987,0,34,338,"[2.5939, 3.546, 3.1829]","[4.0448, 3.3327, 2.7502, 1.836]",,,"[252, 357, 377]","[339, 293, 168, 186]","[42, 123]","[500, 487]",,0,,,12.67,300.4893631001469,639.2547865000088,STALL→tier1→2 d_max=21
B_n130_017_a25_049,B,130,0.25,3,3,3062.0,3073,3,0,0.35795639440286364,2,960,0,53,271,"[1.4713, 3.559, 1.7095]","[3.8245, 2.315, 1.753, 1.5147]",,,"[283, 424, 252]","[314, 288, 167, 190]","[42, 123]","[500, 460]",,0,,,7.38,300.02325389999896,946.661108299857,TIERS_EXHAUSTED
EC_n075_030_a50_089,EC,75,0.5,1,1,2456.0,2482,1,0,1.04754230459307,2,678,0,66,326,"[4.8652, 7.4279, 5.1045]","[7.201, 6.7647, 3.9319, 4.9595]",,,"[181, 299, 197]","[196, 203, 144, 134]","[42, 123]","[500, 178]",,0,,,2.11,300.12307259999216,302.2327829999849,STALL→tier0→1 d_max=13
EC_n075_030_a50_089,EC,75,0.5,2,2,2456.0,2468,2,0,0.48622366288492713,2,693,0,69,296,"[4.8195, 7.5196, 5.1384]","[7.1942, 6.8171, 4.3301, 5.3029]",,,"[163, 289, 240]","[231, 173, 131, 157]","[42, 123]","[500, 193]",,0,,,2.15,302.2134243999608,606.591403399827,STALL→tier1→2 d_max=17
EC_n075_030_a50_089,EC,75,0.5,3,3,2456.0,2465,3,0,0.36511156186612576,2,670,0,65,288,"[4.2664, 7.4683, 5.3408]","[7.1455, 6.8023, 4.9062, 4.5832]",,,"[158, 288, 223]","[208, 203, 126, 132]","[42, 123]","[500, 170]",,0,,,1.7,301.2604029001668,909.5495831000153,TIERS_EXHAUSTED
B_n130_019_a25_055,B,130,0.25,1,1,3359.0,3441,1,0,2.383028189479802,3,1391,0,57,633,"[4.6995, 6.6112, 4.6549]","[7.925, 5.6912, 3.2011, 2.8585]",,,"[416, 557, 417]","[521, 383, 245, 241]","[42, 123, 456]","[500, 500, 391]",,0,,,4.47,300.06830539996736,304.53468079981394,STALL→tier0→1 d_max=14
B_n130_019_a25_055,B,130,0.25,2,2,3359.0,3413,2,0,1.5821857603281568,3,1471,0,59,549,"[3.3891, 5.3188, 3.818]","[5.2267, 5.368, 1.667, 2.0299]",,,"[453, 554, 463]","[517, 526, 209, 218]","[42, 123, 456]","[500, 500, 471]",,0,,,4.24,300.2511645001359,609.0306114999112,STALL→tier1→2 d_max=18
B_n130_019_a25_055,B,130,0.25,3,3,3359.0,3410,3,0,1.4956011730205279,3,1364,0,75,466,"[3.4773, 5.3989, 3.992]","[4.3493, 6.6314, 2.1785, 1.6518]",,,"[386, 578, 399]","[453, 490, 225, 195]","[42, 123, 456]","[500, 500, 364]",,0,,,2.69,300.1327565999236,911.8529194998555,TIERS_EXHAUSTED
B_n130_016_a25_046,B,130,0.25,1,1,2744.0,2820,1,0,2.6950354609929077,4,1507,0,84,671,"[1.0, 1.0, 1.0]","[1.0, 1.0, 1.0, 1.0]",,,"[411, 590, 505]","[488, 465, 258, 295]","[42, 123, 456, 789]","[500, 500, 500, 7]",,0,,,23.0,300.11127179977484,323.1081332999747,STALL→tier0→1 d_max=13
B_n130_016_a25_046,B,130,0.25,2,2,2744.0,2800,2,0,2.0,4,1541,0,88,680,"[1.0, 1.0, 1.0]","[1.0, 1.0, 1.0, 1.0]",,,"[435, 660, 445]","[499, 541, 229, 271]","[42, 123, 456, 789]","[500, 500, 500, 41]",,0,,,28.53,300.0583615999203,651.6951888001058,STALL→tier1→2 d_max=17
B_n130_016_a25_046,B,130,0.25,3,3,2744.0,2799,3,0,1.9649874955341193,4,1759,0,122,795,"[4.9607, 7.2211, 6.4087]","[7.2419, 8.4253, 3.967, 3.5455]",,,"[482, 710, 566]","[579, 643, 263, 273]","[42, 123, 456, 789]","[500, 500, 500, 259]",,0,,,17.95,300.35938279982656,970.0013772000093,TIERS_EXHAUSTED
