instance,family,obj,published_ub,published_gap_pct,lag_raw,lag_ub,new_ub,new_gap_pct,improved,iterations,converged,refine_s,guard
B_n100_001_a25_001,B,2142.0,2144.0,0.0933,2142.0030027709367,2142,2142,0.0,1,3000,0,75.5,
B_n100_001_a50_002,B,3025.0,3026.0,0.033,3025.0019523941824,3025,3025,0.0,1,3000,0,76.6,
B_n100_002_a25_004,B,2364.0,2366.0,0.0845,2364.000000102694,2364,2364,0.0,1,3000,0,25.1,
B_n100_003_a25_007,B,2312.0,2313.0,0.0432,2312.5065619142274,2312,2312,0.0,1,3000,0,24.6,
B_n100_004_a25_010,B,2831.0,2839.0,0.2818,2831.0008004655288,2831,2831,0.0,1,3000,0,15.0,
B_n100_005_a25_013,B,2241.0,2242.0,0.0446,2241.0000001002904,2241,2241,0.0,1,3000,0,13.7,
B_n100_005_a50_014,B,3344.0,3352.0,0.2387,3344.0000000026484,3344,3344,0.0,1,3000,0,14.4,
B_n110_006_a25_016,B,2434.0,2473.0,1.577,2469.245950434787,2469,2469,1.417578,1,3000,0,167.9,
B_n110_006_a50_017,B,3465.0,3475.0,0.2878,3465.007739291603,3465,3465,0.0,1,3000,0,191.2,
B_n110_007_a25_019,B,2510.0,2515.0,0.1988,2510.0055765189627,2510,2510,0.0,1,3000,0,27.4,
B_n110_007_a50_020,B,3603.0,3605.0,0.0555,3603.0000000777595,3603,3603,0.0,1,3000,0,47.1,
B_n110_008_a25_022,B,2531.0,2535.0,0.1578,2531.513142809742,2531,2531,0.0,1,3000,0,41.5,
B_n110_009_a25_025,B,3221.0,3226.0,0.155,3221.0006272715127,3221,3221,0.0,1,3000,0,30.4,
B_n110_009_a50_026,B,4524.0,4526.0,0.0442,4524.00000000105,4524,4524,0.0,1,3000,0,29.5,
B_n110_010_a25_028,B,2549.0,2553.0,0.1567,2549.0000000041537,2549,2549,0.0,1,3000,0,27.2,
B_n110_010_a50_029,B,3674.0,3684.0,0.2714,3674.0000000024265,3674,3674,0.0,1,3000,0,43.2,
B_n120_011_a25_031,B,2526.0,2574.0,1.8648,2566.3599783601044,2566,2566,1.558846,1,3000,0,366.3,
B_n120_011_a50_032,B,3899.0,3909.0,0.2558,3899.0000000785817,3899,3899,0.0,1,3000,0,361.5,
B_n120_012_a25_034,B,2871.0,2883.0,0.4162,2881.43728796472,2881,2881,0.347102,1,3000,0,93.9,
B_n120_013_a25_037,B,2942.0,2949.0,0.2374,2945.5848446823006,2945,2945,0.101868,1,3000,0,72.7,
B_n120_014_a25_040,B,3242.0,3294.0,1.5786,3287.3279266230547,3287,3287,1.36903,1,3000,0,65.3,
B_n120_015_a25_043,B,2579.0,2583.0,0.1549,2579.000019606994,2579,2579,0.0,1,3000,0,54.1,
B_n130_016_a25_046,B,2744.0,2799.0,1.965,2789.504259969735,2789,2789,1.613482,1,3000,0,437.7,
B_n130_016_a50_047,B,4156.0,4163.0,0.1681,4157.035878153613,4157,4157,0.024056,1,3000,0,385.6,
B_n130_016_a75_048,B,4333.0,4334.0,0.0231,4334.020224579596,4334,4334.0,0.023073,0,3000,0,419.9,
B_n130_017_a25_049,B,3062.0,3073.0,0.358,3072.2113620421137,3072,3072,0.325521,1,3000,0,141.4,
B_n130_017_a50_050,B,4594.0,4595.0,0.0218,4595.014975867768,4595,4595.0,0.021763,0,3000,0,212.7,
B_n130_018_a25_052,B,3192.0,3197.0,0.1564,3196.678434221631,3196,3196,0.125156,1,3000,0,85.9,
B_n130_019_a25_055,B,3359.0,3410.0,1.4956,3404.0409188374315,3404,3404,1.321974,1,3000,0,67.8,
B_n130_020_a25_058,B,2680.0,2684.0,0.149,2680.000380979664,2680,2680,0.0,1,3000,0,63.5,
B_n130_020_a75_060,B,4596.0,4597.0,0.0218,4597.0126565353385,4597,4597.0,0.021753,0,3000,0,66.8,
B_n140_021_a25_061,B,3142.0,3195.0,1.6588,3187.388897934404,3187,3187,1.411986,1,3000,0,527.3,
B_n140_021_a50_062,B,4654.0,4660.0,0.1288,4655.034065978309,4655,4655,0.021482,1,3000,0,418.0,
B_n140_021_a75_063,B,4850.0,4853.0,0.0618,4852.531029003115,4852,4852,0.04122,1,3000,0,462.1,
B_n140_022_a25_064,B,3392.0,3395.0,0.0884,3392.0000000030805,3392,3392,0.0,1,3000,0,172.6,
B_n140_022_a50_065,B,5080.0,5081.0,0.0197,5081.019867346784,5081,5081.0,0.019681,0,3000,0,229.7,
B_n140_023_a25_067,B,3781.0,3798.0,0.4476,3784.1351232651123,3784,3784,0.079281,1,3000,0,319.5,
B_n140_023_a50_068,B,4942.0,4949.0,0.1414,4943.027616601688,4943,4943,0.020231,1,3000,0,243.0,
B_n140_024_a25_070,B,4264.0,4315.0,1.1819,4309.329789158626,4309,4309,1.044326,1,3000,0,120.1,
B_n140_024_a50_071,B,5577.0,5578.0,0.0179,5578.031740756492,5578,5578.0,0.017928,0,3000,0,123.9,
B_n140_025_a25_073,B,3331.0,3335.0,0.1199,3331.511604148222,3331,3331,0.0,1,3000,0,89.5,
B_n140_025_a50_074,B,4639.0,4642.0,0.0646,4639.000007799796,4639,4639,0.0,1,3000,0,123.7,
B_n150_026_a25_076,B,3246.0,3307.0,1.8446,3296.6875486948074,3296,3296,1.51699,1,3000,0,495.3,
B_n150_026_a50_077,B,4973.0,4982.0,0.1807,4974.037171593449,4974,4974,0.020105,1,3000,0,415.0,
B_n150_026_a75_078,B,5191.0,5194.0,0.0578,5193.539188039292,5193,5193,0.038513,1,3000,0,472.6,
B_n150_027_a25_079,B,3500.0,3510.0,0.2849,3500.0000909090954,3500,3500,0.0,1,3000,0,221.5,
B_n150_027_a50_080,B,5275.0,5288.0,0.2458,5286.181166112309,5286,5286,0.208097,1,3000,0,263.0,
B_n150_027_a75_081,B,5420.0,5421.0,0.0184,5421.007187955003,5421,5421.0,0.018447,0,3000,0,399.5,
B_n150_028_a25_082,B,3890.0,3907.0,0.4351,3893.141150520407,3893,3893,0.077061,1,3000,0,420.3,
B_n150_028_a50_083,B,5073.0,5086.0,0.2556,5077.1050709135625,5077,5077,0.078787,1,3000,0,246.3,
B_n150_029_a25_085,B,4595.0,4607.0,0.2605,4599.698512319162,4599,4599,0.086975,1,3000,0,215.9,
B_n150_030_a25_088,B,3550.0,3553.0,0.0844,3550.001305923389,3550,3550,0.0,1,3000,0,127.8,
B_n150_030_a50_089,B,4973.0,4980.0,0.1406,4974.540129527522,4974,4974,0.020105,1,3000,0,171.9,
B_n150_030_a75_090,B,5281.0,5286.0,0.0946,5282.0283485223235,5282,5282,0.018932,1,3000,0,177.3,
C_n050_003_a25_007,C,994.0,995.0,0.1005,994.0000000029149,994,994,0.0,1,3000,0,6.1,
C_n050_003_a50_008,C,1362.0,1363.0,0.0734,1362.000000079955,1362,1362,0.0,1,3000,0,6.2,
C_n050_004_a25_010,C,1242.0,1243.0,0.0805,1242.0000000028997,1242,1242,0.0,1,3000,0,5.2,
C_n050_004_a50_011,C,2016.0,2017.0,0.0496,2017.0195413562847,2017,2017.0,0.049579,0,3000,0,5.1,
C_n050_005_a25_013,C,1077.0,1078.0,0.0928,1077.000000004174,1077,1077,0.0,1,3000,0,6.1,
C_n055_008_a50_023,C,1381.0,1382.0,0.0724,1381.000000096857,1381,1381,0.0,1,3000,0,11.2,
C_n055_009_a25_025,C,1353.0,1354.0,0.0739,1353.0000000021978,1353,1353,0.0,1,3000,0,6.2,
C_n055_009_a50_026,C,2225.0,2226.0,0.0449,2226.0096484266905,2226,2226.0,0.044924,0,3000,0,5.4,
C_n055_010_a25_028,C,1186.0,1187.0,0.0842,1186.00000000661,1186,1186,0.0,1,3000,0,6.5,
C_n060_011_a25_031,C,1212.0,1213.0,0.0824,1212.6793031215616,1212,1212,0.0,1,3000,0,11.2,
C_n060_012_a25_034,C,1113.0,1115.0,0.1794,1113.0000001827943,1113,1113,0.0,1,3000,0,18.2,
C_n060_013_a50_038,C,1784.0,1786.0,0.112,1784.0000000036912,1784,1784,0.0,1,3000,0,27.2,
C_n060_014_a25_040,C,1544.0,1545.0,0.0647,1544.0000000670786,1544,1544,0.0,1,3000,0,7.7,
C_n060_015_a25_043,C,1466.0,1468.0,0.1362,1466.0000000012735,1466,1466,0.0,1,3000,0,6.3,
C_n065_016_a25_046,C,1312.0,1313.0,0.0762,1312.6793963079797,1312,1312,0.0,1,3000,0,18.9,
C_n065_017_a25_049,C,1302.0,1303.0,0.0767,1302.0000000023908,1302,1302,0.0,1,3000,0,20.6,
C_n065_018_a50_053,C,1905.0,1908.0,0.1572,1906.0073444939571,1906,1906,0.052466,1,3000,0,31.6,
C_n065_019_a50_056,C,2464.0,2465.0,0.0406,2464.000000007935,2464,2464,0.0,1,3000,0,13.1,
C_n065_020_a25_058,C,1566.0,1568.0,0.1276,1566.0000000011519,1566,1566,0.0,1,3000,0,15.1,
C_n065_020_a50_059,C,2323.0,2325.0,0.086,2323.001578173492,2323,2323,0.0,1,3000,0,20.0,
C_n070_021_a25_061,C,1314.0,1317.0,0.2278,1314.6891571956924,1314,1314,0.0,1,3000,0,22.8,
C_n070_021_a50_062,C,1964.0,1965.0,0.0509,1964.0000000037712,1964,1964,0.0,1,3000,0,22.7,
C_n070_022_a25_064,C,1413.0,1415.0,0.1413,1413.50819028312,1413,1413,0.0,1,3000,0,40.2,
C_n070_022_a50_065,C,2052.0,2060.0,0.3883,2060.1415301569837,2060,2060.0,0.38835,0,3000,0,44.5,
C_n070_023_a25_067,C,1628.0,1633.0,0.3062,1632.580542970164,1632,1632,0.245098,1,3000,0,27.4,
C_n070_025_a25_073,C,1680.0,1681.0,0.0595,1680.0000000041198,1680,1680,0.0,1,3000,0,26.8,
C_n070_025_a50_074,C,2449.0,2451.0,0.0816,2449.000000115782,2449,2449,0.0,1,3000,0,28.0,
C_n075_026_a25_076,C,1316.0,1317.0,0.0759,1316.0011823731616,1316,1316,0.0,1,3000,0,43.0,
C_n075_026_a50_077,C,1977.0,1978.0,0.0506,1977.0011199480398,1977,1977,0.0,1,3000,0,40.5,
C_n075_027_a50_080,C,2184.0,2185.0,0.0458,2185.0374092766788,2185,2185.0,0.045767,0,3000,0,79.5,
C_n075_028_a25_082,C,1829.0,1834.0,0.2726,1833.669722898921,1833,1833,0.218221,1,3000,0,113.5,
C_n075_029_a25_085,C,2168.0,2172.0,0.1842,2168.000008525793,2168,2168,0.0,1,3000,0,25.7,
C_n075_029_a50_086,C,3004.0,3013.0,0.2987,3004.0000000009827,3004,3004,0.0,1,3000,0,26.3,
C_n075_030_a50_089,C,2568.0,2572.0,0.1555,2568.000000192467,2568,2568,0.0,1,3000,0,57.8,
C_n080_031_a25_091,C,1515.0,1516.0,0.066,1515.3482318910346,1515,1515,0.0,1,3000,0,45.2,
C_n080_031_a50_092,C,2287.0,2288.0,0.0437,2287.001114139859,2287,2287,0.0,1,3000,0,44.3,
C_n080_032_a50_095,C,2403.0,2404.0,0.0416,2404.026073116332,2404,2404.0,0.041597,0,3000,0,90.6,
C_n080_033_a25_097,C,2029.0,2035.0,0.2948,2033.6613625531018,2033,2033,0.196754,1,3000,0,65.4,
C_n080_034_a25_100,C,2268.0,2272.0,0.1761,2268.0003398555223,2268,2268,0.0,1,3000,0,32.9,
C_n080_034_a50_101,C,3205.0,3207.0,0.0624,3205.5119966623565,3205,3205,0.0,1,3000,0,29.4,
C_n080_035_a25_103,C,1897.0,1902.0,0.2629,1898.016194369437,1898,1898,0.052687,1,3000,0,48.4,
C_n080_035_a50_104,C,2778.0,2782.0,0.1438,2779.0271657118983,2779,2779,0.035984,1,3000,0,63.4,
D_n040_005_a50_014,D,1351.0,1353.0,0.1478,1351.0000000043963,1351,1351,0.0,1,3000,0,6.1,
D_n045_007_a25_019,D,662.0,663.0,0.1508,662.0000000627622,662,662,0.0,1,3000,0,7.3,
D_n045_008_a50_023,D,1337.0,1338.0,0.0747,1337.000000065183,1337,1337,0.0,1,3000,0,8.6,
D_n045_009_a25_025,D,936.0,938.0,0.2132,936.0000154748883,936,936,0.0,1,3000,0,13.0,
D_n045_010_a50_029,D,1462.0,1464.0,0.1366,1462.0000000019877,1462,1462,0.0,1,3000,0,8.8,
D_n050_012_a25_034,D,753.0,754.0,0.1326,753.0000000080496,753,753,0.0,1,3000,0,10.7,
D_n050_013_a50_038,D,1349.0,1352.0,0.2219,1349.0000001788296,1349,1349,0.0,1,3000,0,11.9,
D_n050_014_a25_040,D,1136.0,1138.0,0.1757,1136.0000040392588,1136,1136,0.0,1,3000,0,13.9,
D_n050_014_a50_041,D,1809.0,1813.0,0.2206,1809.0000011469397,1809,1809,0.0,1,3000,0,13.5,
D_n050_015_a25_043,D,968.0,969.0,0.1032,968.0001086119504,968,968,0.0,1,3000,0,15.5,
D_n055_016_a25_046,D,984.0,985.0,0.1015,984.000590058904,984,984,0.0,1,3000,0,26.6,
D_n055_018_a50_053,D,1368.0,1370.0,0.146,1368.0000001536664,1368,1368,0.0,1,3000,0,25.6,
D_n055_019_a25_055,D,1147.0,1157.0,0.8643,1147.0000165572835,1147,1147,0.0,1,3000,0,22.7,
D_n055_019_a50_056,D,1920.0,1925.0,0.2597,1920.508569569094,1920,1920,0.0,1,3000,0,21.0,
D_n055_020_a25_058,D,1157.0,1159.0,0.1726,1157.0004569682897,1157,1157,0.0,1,3000,0,17.4,
D_n060_021_a25_061,D,1084.0,1085.0,0.0922,1084.000109684677,1084,1084,0.0,1,3000,0,42.4,
D_n060_022_a25_064,D,1083.0,1084.0,0.0923,1083.0000001063788,1083,1083,0.0,1,3000,0,38.3,
D_n060_022_a50_065,D,1777.0,1790.0,0.7263,1787.983390099416,1787,1787,0.559597,1,3000,0,42.6,
D_n060_023_a25_067,D,1263.0,1265.0,0.1581,1263.000000142965,1263,1263,0.0,1,3000,0,29.5,
D_n060_023_a50_068,D,1767.0,1771.0,0.2259,1768.0147276094674,1768,1768,0.056561,1,3000,0,31.4,
D_n060_023_a75_069,D,2015.0,2018.0,0.1487,2016.0060599056574,2016,2016,0.049603,1,3000,0,44.0,
D_n060_024_a25_070,D,1583.0,1584.0,0.0631,1583.0000000003183,1583,1583,0.0,1,3000,0,32.4,
D_n060_025_a25_073,D,1559.0,1563.0,0.2559,1562.0976276022477,1562,1562,0.192061,1,3000,0,54.3,
D_n065_026_a25_076,D,1185.0,1186.0,0.0843,1185.0019626354772,1185,1185,0.0,1,3000,0,49.1,
D_n065_027_a25_079,D,1094.0,1096.0,0.1825,1094.0000000760804,1094,1094,0.0,1,3000,0,50.0,
D_n065_027_a50_080,D,1788.0,1801.0,0.7218,1798.507187634596,1798,1798,0.556174,1,3000,0,52.5,
D_n065_027_a75_081,D,1984.0,1985.0,0.0504,1985.0093512586923,1985,1985.0,0.050378,0,3000,0,50.1,
D_n065_028_a25_082,D,1383.0,1388.0,0.3602,1387.645470202972,1387,1387,0.288392,1,3000,0,36.3,
D_n065_028_a50_083,D,1970.0,1971.0,0.0507,1971.0019521808383,1971,1971.0,0.050736,0,3000,0,49.2,
D_n065_029_a25_085,D,1663.0,1668.0,0.2998,1663.001571235477,1663,1663,0.0,1,3000,0,27.3,
D_n065_029_a50_086,D,2449.0,2450.0,0.0408,2450.0145020061273,2450,2450.0,0.040816,0,3000,0,40.2,
D_n065_030_a25_088,D,1698.0,1707.0,0.5272,1699.0200373076182,1699,1699,0.058858,1,3000,0,160.7,
D_n065_030_a50_089,D,2337.0,2350.0,0.5532,2341.5788332093257,2341,2341,0.170867,1,3000,0,125.3,
D_n070_031_a50_092,D,1870.0,1872.0,0.1068,1872.0000000000007,1872,1872.0,0.106838,0,337,1,10.4,
D_n070_031_a75_093,D,1932.0,1934.0,0.1034,1934.0445763124128,1934,1934.0,0.103413,0,3000,0,137.3,
D_n070_032_a25_094,D,1196.0,1202.0,0.4992,1196.000002164033,1196,1196,0.0,1,3000,0,96.2,
D_n070_032_a50_095,D,1908.0,1919.0,0.5732,1918.2733207423555,1918,1918,0.521376,1,3000,0,77.3,
D_n070_032_a75_096,D,2098.0,2106.0,0.3799,2106.0792029009394,2106,2106.0,0.379867,0,3000,0,93.4,
D_n070_033_a25_097,D,1615.0,1618.0,0.1854,1615.5186253279126,1615,1615,0.0,1,3000,0,72.0,
D_n070_034_a50_101,D,2738.0,2739.0,0.0365,2739.012180389463,2739,2739.0,0.03651,0,3000,0,51.8,
D_n070_034_a75_102,D,2907.0,2909.0,0.0688,2909.016134460565,2909,2909.0,0.068752,0,3000,0,111.1,
D_n070_035_a25_103,D,1701.0,1708.0,0.4098,1702.0087138057147,1702,1702,0.058754,1,3000,0,169.0,
D_n070_035_a50_104,D,2350.0,2368.0,0.7601,2354.587022984116,2354,2354,0.169924,1,3000,0,173.1,
D_n075_036_a25_106,D,1378.0,1383.0,0.3615,1378.0000002434876,1378,1378,0.0,1,3000,0,117.0,
D_n075_036_a50_107,D,2101.0,2102.0,0.0476,2102.005574964576,2102,2102.0,0.047574,0,3000,0,134.0,
D_n075_036_a75_108,D,2145.0,2147.0,0.0932,2147.0218475646484,2147,2147.0,0.093153,0,3000,0,162.4,
D_n075_037_a25_109,D,1515.0,1516.0,0.066,1515.0000000744558,1515,1515,0.0,1,3000,0,189.7,
D_n075_037_a50_110,D,2229.0,2230.0,0.0448,2230.038970937011,2230,2230.0,0.044843,0,3000,0,175.8,
D_n075_037_a75_111,D,2337.0,2338.0,0.0428,2338.014299609298,2338,2338.0,0.042772,0,3000,0,193.3,
D_n075_038_a25_112,D,1815.0,1818.0,0.165,1816.5388986077169,1816,1816,0.055066,1,3000,0,102.6,
D_n075_039_a25_115,D,2266.0,2268.0,0.0882,2266.000000004925,2266,2266,0.0,1,3000,0,118.7,
D_n075_039_a50_116,D,3071.0,3082.0,0.3569,3082.1869051840513,3082,3082.0,0.356911,0,3000,0,95.0,
D_n075_040_a25_118,D,1820.0,1828.0,0.4376,1822.034793197569,1822,1822,0.109769,1,3000,0,536.7,
D_n075_040_a50_119,D,2568.0,2585.0,0.6576,2574.2805767982313,2574,2574,0.2331,1,3000,0,339.4,
D_n075_040_a75_120,D,2749.0,2750.0,0.0364,2750.999999999999,2751,2750.0,0.036364,0,43,1,5.1,
D_n080_041_a25_121,D,1725.0,1727.0,0.1158,1725.511226853865,1725,1725,0.0,1,3000,0,537.0,
D_n080_041_a50_122,D,2229.0,2235.0,0.2685,2234.1928093327047,2234,2234,0.223814,1,2402,0,600.1,
D_n080_041_a75_123,D,2270.0,2271.0,0.044,2271.0135846108287,2271,2271.0,0.044033,0,2733,0,600.1,
D_n080_042_a25_124,D,1537.0,1547.0,0.6464,1541.6861565134743,1541,1541,0.259572,1,3000,0,372.6,
D_n080_042_a50_125,D,2378.0,2381.0,0.126,2381.048254235316,2381,2381.0,0.125997,0,3000,0,406.6,
D_n080_042_a75_126,D,2468.0,2469.0,0.0405,2469.006613696993,2469,2469.0,0.040502,0,3000,0,392.3,
D_n080_043_a25_127,D,2006.0,2008.0,0.0996,2006.517542081337,2006,2006,0.0,1,3000,0,127.7,
D_n080_043_a50_128,D,2723.0,2724.0,0.0367,2724.0217061451517,2724,2724.0,0.036711,0,3000,0,142.4,
D_n080_044_a25_130,D,2265.0,2268.0,0.1323,2266.0376420996604,2266,2266,0.044131,1,3000,0,226.0,
D_n080_044_a50_131,D,3252.0,3272.0,0.6112,3271.493165737662,3271,3271,0.580862,1,3000,0,131.0,
D_n080_044_a75_132,D,3323.0,3326.0,0.0902,3325.052161724535,3325,3325,0.06015,1,3000,0,187.7,
D_n080_045_a25_133,D,1910.0,1923.0,0.676,1910.5249186652939,1910,1910,0.0,1,3000,0,266.9,
D_n080_045_a50_134,D,2749.0,2771.0,0.7939,2757.1259490052175,2757,2757,0.29017,1,3000,0,376.5,
D_n080_045_a75_135,D,2952.0,2956.0,0.1353,2953.0,2953,2953,0.033864,1,10,1,1.5,
EB_n100_001_a25_001,EB,1609.0,1611.0,0.1241,1609.003205694798,1609,1609,0.0,1,3000,0,77.5,
EB_n100_001_a50_002,EB,2822.0,2824.0,0.0708,2822.0000001406906,2822,2822,0.0,1,3000,0,73.1,
EB_n100_002_a25_004,EB,1859.0,1863.0,0.2147,1859.0000000836008,1859,1859,0.0,1,3000,0,38.6,
EB_n100_002_a50_005,EB,3052.0,3053.0,0.0328,3053.024549822529,3053,3053.0,0.032755,0,3000,0,47.0,
EB_n100_003_a25_007,EB,1616.0,1618.0,0.1236,1616.5111978256568,1616,1616,0.0,1,3000,0,26.1,
EB_n100_003_a50_008,EB,2947.0,2949.0,0.0678,2948.0400531631312,2948,2948,0.033921,1,3000,0,25.7,
EB_n100_004_a25_010,EB,2417.0,2418.0,0.0414,2417.0000000015784,2417,2417,0.0,1,3000,0,16.0,
EB_n100_004_a50_011,EB,3719.0,3720.0,0.0269,3719.0000000009945,3719,3719,0.0,1,3000,0,17.6,
EB_n110_006_a25_016,EB,1710.0,1711.0,0.0584,1710.0000001136586,1710,1710,0.0,1,3000,0,165.8,
EB_n110_006_a50_017,EB,3252.0,3259.0,0.2148,3252.0000001727913,3252,3252,0.0,1,3000,0,158.1,
EB_n110_007_a25_019,EB,2068.0,2070.0,0.0966,2068.0000000052296,2068,2068,0.0,1,3000,0,42.5,
EB_n110_007_a50_020,EB,3468.0,3474.0,0.1727,3472.123359682302,3472,3472,0.115207,1,3000,0,50.9,
EB_n110_008_a25_022,EB,1825.0,1829.0,0.2187,1825.5178738095153,1825,1825,0.0,1,3000,0,42.2,
EB_n110_008_a50_023,EB,3537.0,3538.0,0.0283,3538.02736766417,3538,3538.0,0.028265,0,3000,0,44.0,
EB_n110_009_a25_025,EB,2697.0,2698.0,0.0371,2697.000000001779,2697,2697,0.0,1,3000,0,29.5,
EB_n110_009_a50_026,EB,4219.0,4221.0,0.0474,4220.02062089514,4220,4220,0.023697,1,3000,0,31.1,
EB_n110_010_a25_028,EB,2128.0,2134.0,0.2812,2133.131689359574,2133,2133,0.234412,1,3000,0,30.8,
EB_n120_011_a25_031,EB,2028.0,2034.0,0.295,2032.640375901655,2032,2032,0.19685,1,3000,0,425.1,
EB_n120_011_a50_032,EB,3865.0,3874.0,0.2323,3865.000000108129,3865,3865,0.0,1,3000,0,375.1,
EB_n120_011_a75_033,EB,4071.0,4072.0,0.0246,4072.0097707964906,4072,4072.0,0.024558,0,3000,0,357.5,
EB_n120_012_a25_034,EB,2496.0,2501.0,0.1999,2497.04048282972,2497,2497,0.040048,1,3000,0,175.0,
EB_n120_012_a50_035,EB,4032.0,4044.0,0.2967,4043.302457689625,4043,4043,0.272075,1,3000,0,185.4,
EB_n120_013_a25_037,EB,2688.0,2693.0,0.1857,2692.5537247575953,2692,2692,0.148588,1,3000,0,73.6,
EB_n120_013_a50_038,EB,4040.0,4041.0,0.0247,4040.0000001908597,4040,4040,0.0,1,3000,0,69.2,
EB_n120_014_a25_040,EB,2707.0,2721.0,0.5145,2717.330105441716,2717,2717,0.368053,1,3000,0,57.1,
EB_n120_015_a25_043,EB,2247.0,2251.0,0.1777,2247.000000003461,2247,2247,0.0,1,3000,0,52.2,
EB_n120_015_a50_044,EB,3857.0,3858.0,0.0259,3858.018332449259,3858,3858.0,0.02592,0,3000,0,50.2,
EB_n130_016_a25_046,EB,2237.0,2242.0,0.223,2241.622269815057,2241,2241,0.178492,1,3000,0,446.0,
EB_n130_016_a50_047,EB,4095.0,4096.0,0.0244,4096.036361536261,4096,4096.0,0.024414,0,3000,0,366.3,
EB_n130_016_a75_048,EB,4329.0,4339.0,0.2305,4332.072774161409,4332,4332,0.069252,1,3000,0,454.4,
EB_n130_017_a25_049,EB,2678.0,2683.0,0.1864,2679.0212763371023,2679,2679,0.037327,1,3000,0,393.2,
EB_n130_017_a50_050,EB,4421.0,4446.0,0.5623,4443.6127313852185,4443,4443,0.495161,1,3000,0,401.7,
EB_n130_018_a25_052,EB,3020.0,3026.0,0.1983,3024.57003563314,3024,3024,0.132275,1,3000,0,86.0,
EB_n130_018_a50_053,EB,4465.0,4468.0,0.0671,4466.026182010705,4466,4466,0.022391,1,3000,0,125.2,
EB_n130_018_a75_054,EB,4577.0,4584.0,0.1527,4578.0088100236835,4578,4578,0.021844,1,3000,0,146.0,
EB_n130_019_a25_055,EB,2807.0,2819.0,0.4257,2816.304041941858,2816,2816,0.319602,1,3000,0,93.1,
EB_n130_019_a50_056,EB,4769.0,4770.0,0.021,4769.000000067843,4769,4769,0.0,1,3000,0,68.7,
EB_n130_019_a75_057,EB,5291.0,5300.0,0.1698,5291.000000035751,5291,5291,0.0,1,3000,0,86.8,
EB_n130_020_a25_058,EB,2348.0,2352.0,0.1701,2348.0000014433053,2348,2348,0.0,1,3000,0,65.2,
EB_n130_020_a50_059,EB,4058.0,4067.0,0.2213,4060.029862356189,4060,4060,0.049261,1,3000,0,62.8,
EB_n130_020_a75_060,EB,4584.0,4593.0,0.196,4584.000000071778,4584,4584,0.0,1,3000,0,70.2,
EB_n140_021_a25_061,EB,2538.0,2544.0,0.2358,2543.1297623067467,2543,2543,0.196618,1,3000,0,499.3,
EB_n140_021_a50_062,EB,4493.0,4505.0,0.2664,4493.000775194496,4493,4493,0.0,1,3000,0,404.3,
EB_n140_021_a75_063,EB,4847.0,4860.0,0.2675,4852.07859724183,4852,4852,0.10305,1,3000,0,448.4,
EB_n140_022_a25_064,EB,2767.0,2779.0,0.4318,2772.6924304335403,2772,2772,0.180375,1,3000,0,441.1,
EB_n140_022_a50_065,EB,4900.0,4925.0,0.5076,4922.679722396948,4922,4922,0.446973,1,3000,0,566.4,
EB_n140_023_a25_067,EB,3339.0,3343.0,0.1197,3340.0397544558136,3340,3340,0.02994,1,3000,0,132.4,
EB_n140_023_a50_068,EB,4919.0,4928.0,0.1826,4920.0636203633785,4920,4920,0.020325,1,3000,0,197.2,
EB_n140_023_a75_069,EB,5093.0,5102.0,0.1764,5094.015348017135,5094,5094,0.019631,1,3000,0,256.4,
EB_n140_024_a25_070,EB,3611.0,3617.0,0.1659,3613.0196641061657,3613,3613,0.055356,1,3000,0,99.7,
EB_n140_024_a50_071,EB,5525.0,5538.0,0.2347,5535.720526977712,5535,5535,0.180668,1,3000,0,133.2,
EB_n140_024_a75_072,EB,5661.0,5662.0,0.0177,5661.000000008117,5661,5661,0.0,1,3000,0,116.2,
EB_n140_025_a50_074,EB,4596.0,4606.0,0.2171,4605.189420366004,4605,4605,0.19544,1,3000,0,97.4,
EB_n150_026_a25_076,EB,2550.0,2560.0,0.3906,2554.582523646005,2554,2554,0.156617,1,3000,0,369.8,
EB_n150_026_a50_077,EB,4811.0,4822.0,0.2281,4811.000670741107,4811,4811,0.0,1,3000,0,413.7,
EB_n150_026_a75_078,EB,5175.0,5183.0,0.1544,5182.116897243143,5182,5182,0.135083,1,3000,0,457.9,
EB_n150_027_a25_079,EB,2771.0,2792.0,0.7521,2775.723508181588,2775,2775,0.144144,1,3000,0,437.4,
EB_n150_027_a50_080,EB,5040.0,5047.0,0.1387,5043.117866602869,5043,5043,0.059488,1,3000,0,442.6,
EB_n150_027_a75_081,EB,5408.0,5414.0,0.1108,5408.000000007613,5408,5408,0.0,1,3000,0,456.2,
EB_n150_028_a25_082,EB,3448.0,3451.0,0.0869,3449.0394462128056,3449,3449,0.028994,1,3000,0,137.7,
EB_n150_028_a50_083,EB,5045.0,5060.0,0.2964,5052.231422666753,5052,5052,0.138559,1,3000,0,202.8,
EB_n150_028_a75_084,EB,5329.0,5337.0,0.1499,5329.000000013034,5329,5329,0.0,1,3000,0,267.1,
EB_n150_029_a25_085,EB,4054.0,4063.0,0.2215,4054.5164498362324,4054,4054,0.0,1,3000,0,159.0,
EB_n150_029_a50_086,EB,6066.0,6078.0,0.1974,6076.246548238292,6076,6076,0.164582,1,3000,0,206.7,
EB_n150_029_a75_087,EB,6185.0,6186.0,0.0162,6185.000000000322,6185,6185,0.0,1,3000,0,181.7,
EB_n150_030_a25_088,EB,2970.0,2971.0,0.0337,2970.000000105322,2970,2970,0.0,1,3000,0,147.9,
EB_n150_030_a50_089,EB,4920.0,4932.0,0.2433,4930.8278642291625,4930,4930,0.20284,1,3000,0,137.6,
EB_n150_030_a75_090,EB,5278.0,5285.0,0.1325,5281.074427574713,5281,5281,0.056807,1,3000,0,171.1,
EC_n050_001_a75_003,EC,1444.0,1445.0,0.0692,1444.0000000016598,1444,1444,0.0,1,3000,0,7.2,
EC_n050_003_a50_008,EC,1350.0,1353.0,0.2217,1350.0000000009568,1350,1350,0.0,1,3000,0,5.8,
EC_n050_004_a50_011,EC,1885.0,1886.0,0.053,1885.0000000037319,1885,1885,0.0,1,3000,0,4.9,
EC_n055_006_a50_017,EC,1508.0,1509.0,0.0663,1509.0082725083284,1509,1509.0,0.066269,0,3000,0,7.5,
EC_n055_008_a50_023,EC,1360.0,1363.0,0.2201,1360.0000000926377,1360,1360,0.0,1,3000,0,9.6,
EC_n055_009_a50_026,EC,1996.0,1998.0,0.1001,1996.0000002045888,1996,1996,0.0,1,3000,0,5.8,
EC_n060_011_a25_031,EC,867.0,869.0,0.2301,867.6911916490636,867,867,0.0,1,3000,0,15.9,
EC_n060_011_a75_033,EC,1712.0,1713.0,0.0584,1713.0,1713,1713.0,0.058377,0,25,1,0.1,
EC_n060_013_a50_038,EC,1744.0,1746.0,0.1145,1744.0000000006155,1744,1744,0.0,1,3000,0,19.2,
EC_n060_014_a50_041,EC,2215.0,2221.0,0.2701,2215.0000000035784,2215,2215,0.0,1,3000,0,12.5,
EC_n060_014_a75_042,EC,2474.0,2477.0,0.1211,2475.999999999998,2476,2476,0.080775,1,39,1,0.1,
EC_n060_015_a75_045,EC,2187.0,2188.0,0.0457,2188.0009417377883,2188,2188.0,0.045704,0,3000,0,8.5,
EC_n065_016_a50_047,EC,1853.0,1854.0,0.0539,1853.0000000009097,1853,1853,0.0,1,3000,0,17.7,
EC_n065_016_a75_048,EC,1921.0,1922.0,0.052,1922.0113299771988,1922,1922.0,0.052029,0,3000,0,17.6,
EC_n065_017_a50_050,EC,1900.0,1909.0,0.4715,1909.0387770665352,1909,1909.0,0.471451,0,3000,0,21.9,
EC_n065_017_a75_051,EC,1967.0,1968.0,0.0508,1968.0120296781708,1968,1968.0,0.050813,0,3000,0,21.9,
EC_n065_018_a25_052,EC,1183.0,1186.0,0.253,1183.5089895237177,1183,1183,0.0,1,3000,0,17.9,
EC_n065_018_a50_053,EC,1883.0,1888.0,0.2648,1888.1369716272088,1888,1888.0,0.264831,0,3000,0,30.3,
EC_n065_020_a25_058,EC,1075.0,1076.0,0.0929,1075.0000101004184,1075,1075,0.0,1,3000,0,20.8,
EC_n065_020_a50_059,EC,2299.0,2301.0,0.0869,2301.0329584197116,2301,2301.0,0.086919,0,3000,0,22.5,
EC_n070_021_a25_061,EC,868.0,869.0,0.1151,868.6805527820829,868,868,0.0,1,3000,0,22.9,
EC_n070_021_a50_062,EC,1953.0,1956.0,0.1534,1953.0000001305093,1953,1953,0.0,1,3000,0,24.7,
EC_n070_021_a75_063,EC,2031.0,2033.0,0.0984,2033.0339615698524,2033,2033.0,0.098377,0,3000,0,23.3,
EC_n070_022_a25_064,EC,1093.0,1094.0,0.0914,1093.0000000028945,1093,1093,0.0,1,3000,0,31.9,
EC_n070_022_a50_065,EC,2018.0,2019.0,0.0495,2019.0064944043982,2019,2019.0,0.049529,0,3000,0,42.9,
EC_n070_023_a25_067,EC,1496.0,1501.0,0.3331,1501.0887084776846,1501,1501.0,0.333111,0,3000,0,23.9,
EC_n070_023_a50_068,EC,2206.0,2217.0,0.4962,2216.175527031692,2216,2216,0.451264,1,3000,0,30.8,
EC_n070_024_a50_071,EC,2752.0,2754.0,0.0726,2752.0000001425933,2752,2752,0.0,1,3000,0,15.2,
EC_n070_024_a75_072,EC,3007.0,3008.0,0.0332,3008.003562781927,3008,3008.0,0.033245,0,3000,0,14.2,
EC_n070_025_a25_073,EC,1374.0,1376.0,0.1453,1374.0000002613556,1374,1374,0.0,1,3000,0,28.2,
EC_n070_025_a50_074,EC,2346.0,2349.0,0.1277,2346.003944771323,2346,2346,0.0,1,3000,0,23.1,
EC_n075_026_a25_076,EC,879.0,880.0,0.1136,879.0000580530657,879,879,0.0,1,3000,0,49.8,
EC_n075_026_a50_077,EC,1970.0,1974.0,0.2026,1970.5235032356852,1970,1970,0.0,1,3000,0,41.3,
EC_n075_026_a75_078,EC,2053.0,2059.0,0.2914,2055.006212412967,2055,2055,0.097324,1,3000,0,42.2,
EC_n075_027_a25_079,EC,1304.0,1307.0,0.2295,1305.0308486902823,1305,1305,0.076628,1,3000,0,92.5,
EC_n075_027_a50_080,EC,2145.0,2146.0,0.0466,2145.5130479413783,2145,2145,0.0,1,3000,0,76.7,
EC_n075_027_a75_081,EC,2221.0,2222.0,0.045,2222.010941946605,2222,2222.0,0.045005,0,3000,0,79.7,
EC_n075_028_a25_082,EC,1697.0,1703.0,0.3523,1702.14775364881,1702,1702,0.293772,1,3000,0,80.5,
EC_n075_028_a50_083,EC,2435.0,2439.0,0.164,2436.0260179399443,2436,2436,0.041051,1,3000,0,58.1,
EC_n075_029_a50_086,EC,2982.0,2985.0,0.1005,2983.0260788557675,2983,2983,0.033523,1,3000,0,26.2,
EC_n075_029_a75_087,EC,3221.0,3222.0,0.031,3221.0000000006803,3221,3221,0.0,1,3000,0,25.7,
EC_n075_030_a50_089,EC,2456.0,2465.0,0.3651,2464.226585909353,2464,2464,0.324675,1,3000,0,35.2,
EC_n080_031_a25_091,EC,1068.0,1070.0,0.1869,1068.342832707436,1068,1068,0.0,1,3000,0,43.9,
EC_n080_031_a50_092,EC,2180.0,2181.0,0.0459,2180.5231123989306,2180,2180,0.0,1,3000,0,44.2,
EC_n080_031_a75_093,EC,2364.0,2370.0,0.2532,2365.0159055370405,2365,2365,0.042283,1,3000,0,48.1,
EC_n080_032_a25_094,EC,1423.0,1427.0,0.2803,1424.0273146518389,1424,1424,0.070225,1,3000,0,111.6,
EC_n080_032_a50_095,EC,2275.0,2286.0,0.4812,2283.164191360759,2283,2283,0.350416,1,3000,0,83.7,
EC_n080_033_a25_097,EC,1806.0,1812.0,0.3311,1811.1869612784017,1811,1811,0.276091,1,3000,0,60.5,
EC_n080_033_a50_098,EC,2646.0,2651.0,0.1886,2646.0000043044615,2646,2646,0.0,1,3000,0,62.9,
EC_n080_033_a75_099,EC,2802.0,2804.0,0.0713,2802.0000000008254,2802,2802,0.0,1,3000,0,115.3,
EC_n080_034_a50_101,EC,3174.0,3177.0,0.0944,3175.024986005571,3175,3175,0.031496,1,3000,0,32.3,
EC_n080_034_a75_102,EC,3424.0,3425.0,0.0292,3424.0000000006403,3424,3424,0.0,1,3000,0,36.4,
EC_n080_035_a25_103,EC,1585.0,1589.0,0.2517,1589.1083146463118,1589,1589.0,0.251731,0,3000,0,30.3,
EC_n080_035_a50_104,EC,2667.0,2678.0,0.4108,2676.2609255020743,2676,2676,0.336323,1,3000,0,43.3,
ED_n040_002_a75_006,ED,1026.0,1029.0,0.2915,1026.0000000069974,1026,1026,0.0,1,3000,0,4.0,
ED_n040_004_a50_011,ED,1154.0,1165.0,0.9442,1164.2414315035023,1164,1164,0.859107,1,3000,0,6.2,
ED_n040_005_a50_014,ED,1161.0,1162.0,0.0861,1161.0000001865797,1161,1161,0.0,1,3000,0,5.6,
ED_n045_007_a50_020,ED,914.0,915.0,0.1093,914.0000000310306,914,914,0.0,1,3000,0,6.1,
ED_n045_009_a50_026,ED,1487.0,1488.0,0.0672,1487.0000000027214,1487,1487,0.0,1,3000,0,10.2,
ED_n050_011_a50_032,ED,1306.0,1307.0,0.0765,1306.0000000017828,1306,1306,0.0,1,3000,0,18.4,
ED_n050_012_a50_035,ED,1014.0,1015.0,0.0985,1015.0232092844221,1015,1015.0,0.098522,0,3000,0,8.3,
ED_n050_012_a75_036,ED,1378.0,1381.0,0.2172,1378.0000002189809,1378,1378,0.0,1,3000,0,8.6,
ED_n050_013_a50_038,ED,1337.0,1340.0,0.2239,1338.0331675601046,1338,1338,0.074738,1,3000,0,11.6,
ED_n050_014_a50_041,ED,1787.0,1797.0,0.5565,1797.175394048697,1797,1797.0,0.556483,0,3000,0,12.4,
ED_n050_015_a25_043,ED,852.0,853.0,0.1172,853.0107677287285,853,853.0,0.117233,0,3000,0,15.7,
ED_n050_015_a50_044,ED,1482.0,1484.0,0.1348,1483.0105375266564,1483,1483,0.067431,1,3000,0,18.3,
ED_n055_016_a25_046,ED,845.0,846.0,0.1182,845.0000000908224,845,845,0.0,1,3000,0,27.0,
ED_n055_017_a50_050,ED,1135.0,1136.0,0.088,1136.0209789636838,1136,1136.0,0.088028,0,3000,0,11.3,
ED_n055_017_a75_051,ED,1489.0,1490.0,0.0671,1489.0000004297233,1489,1489,0.0,1,3000,0,11.1,
ED_n055_018_a25_052,ED,742.0,744.0,0.2688,742.0000000605403,742,742,0.0,1,3000,0,44.1,
ED_n055_018_a50_053,ED,1348.0,1351.0,0.2221,1348.0000001642918,1348,1348,0.0,1,3000,0,22.4,
ED_n055_018_a75_054,ED,1601.0,1602.0,0.0624,1602.0138189979166,1602,1602.0,0.062422,0,3000,0,33.0,
ED_n055_019_a25_055,ED,1036.0,1038.0,0.1927,1035.9999999999998,1036,1036,0.0,1,274,1,2.0,
ED_n055_019_a50_056,ED,1897.0,1907.0,0.5244,1907.0756019290511,1907,1907.0,0.524384,0,3000,0,14.9,
ED_n055_019_a75_057,ED,2169.0,2170.0,0.0461,2170.0112584555413,2170,2170.0,0.046083,0,3000,0,22.3,
ED_n055_020_a25_058,ED,963.0,964.0,0.1037,964.0091645856853,964,964.0,0.103734,0,3000,0,28.5,
ED_n055_020_a75_060,ED,1954.0,1956.0,0.1022,1955.0000000000007,1955,1955,0.051151,1,27,1,0.2,
ED_n060_021_a50_062,ED,1637.0,1638.0,0.0611,1637.0000010568,1637,1637,0.0,1,3000,0,45.1,
ED_n060_021_a75_063,ED,1698.0,1699.0,0.0589,1699.0297512357674,1699,1699.0,0.058858,0,3000,0,52.2,
ED_n060_022_a50_065,ED,1737.0,1766.0,1.6421,1764.4613307809707,1764,1764,1.530612,1,3000,0,28.2,
ED_n060_022_a75_066,ED,1944.0,1954.0,0.5118,1954.1033080488269,1954,1954.0,0.511771,0,3000,0,37.8,
ED_n060_023_a25_067,ED,1050.0,1051.0,0.0951,1050.9999999999998,1051,1051.0,0.095147,0,30,1,0.3,
ED_n060_023_a50_068,ED,1736.0,1739.0,0.1725,1737.0173518352462,1737,1737,0.057571,1,3000,0,28.5,
ED_n060_024_a25_070,ED,1253.0,1260.0,0.5556,1253.0000001250341,1253,1253,0.0,1,3000,0,48.7,
ED_n060_024_a50_071,ED,2138.0,2144.0,0.2799,2139.0199493598743,2139,2139,0.046751,1,3000,0,38.1,
ED_n060_024_a75_072,ED,2383.0,2387.0,0.1676,2386.042676816144,2386,2386,0.125733,1,3000,0,47.7,
ED_n060_025_a25_073,ED,1346.0,1348.0,0.1484,1346.000000004266,1346,1346,0.0,1,3000,0,64.6,
ED_n060_025_a50_074,ED,2014.0,2034.0,0.9833,2014.7015947959915,2014,2014,0.0,1,3000,0,70.5,
ED_n060_025_a75_075,ED,2268.0,2269.0,0.0441,2268.0000000007417,2268,2268,0.0,1,3000,0,67.8,
ED_n065_026_a25_076,ED,858.0,859.0,0.1164,858.0000001400215,858,858,0.0,1,3000,0,48.2,
ED_n065_026_a50_077,ED,1838.0,1839.0,0.0544,1838.0000001007065,1838,1838,0.0,1,3000,0,45.6,
ED_n065_026_a75_078,ED,1900.0,1901.0,0.0526,1901.0188653075131,1901,1901.0,0.052604,0,3000,0,59.6,
ED_n065_027_a50_080,ED,1747.0,1766.0,1.0759,1764.3165177584629,1764,1764,0.963719,1,3000,0,45.8,
ED_n065_027_a75_081,ED,1972.0,1982.0,0.5045,1982.2074570067143,1982,1982.0,0.504541,0,3000,0,45.9,
ED_n065_028_a25_082,ED,1152.0,1157.0,0.4322,1156.662424255013,1156,1156,0.346021,1,3000,0,56.3,
ED_n065_028_a50_083,ED,1948.0,1950.0,0.1026,1949.0374021536302,1949,1949,0.051308,1,3000,0,49.9,
ED_n065_028_a75_084,ED,2143.0,2147.0,0.1863,2144.02103422248,2144,2144,0.046642,1,3000,0,50.6,
ED_n065_029_a25_085,ED,1343.0,1351.0,0.5922,1343.0044802303967,1343,1343,0.0,1,3000,0,44.6,
ED_n065_029_a50_086,ED,2340.0,2341.0,0.0427,2341.015283907444,2341,2341.0,0.042717,0,3000,0,40.0,
ED_n065_029_a75_087,ED,2596.0,2599.0,0.1154,2597.0176877058766,2597,2597,0.038506,1,3000,0,65.9,
ED_n065_030_a25_088,ED,1478.0,1488.0,0.672,1478.0017822732132,1478,1478,0.0,1,3000,0,130.3,
ED_n065_030_a50_089,ED,2334.0,2340.0,0.2564,2339.0582976807395,2339,2339,0.213767,1,3000,0,119.5,
ED_n065_030_a75_090,ED,2496.0,2497.0,0.04,2497.0000000000005,2497,2497.0,0.040048,0,252,1,11.9,
ED_n070_031_a50_092,ED,1858.0,1859.0,0.0538,1859.021520099869,1859,1859.0,0.053792,0,3000,0,100.3,
ED_n070_031_a75_093,ED,1929.0,1932.0,0.1553,1932.086864489734,1932,1932.0,0.15528,0,3000,0,125.3,
ED_n070_032_a50_095,ED,1867.0,1877.0,0.5328,1875.9999999999998,1876,1876,0.479744,1,1369,1,38.5,
ED_n070_032_a75_096,ED,2083.0,2096.0,0.6202,2094.184741445128,2094,2094,0.52531,1,3000,0,95.6,
ED_n070_033_a50_098,ED,2197.0,2202.0,0.2271,2201.0550428718857,2201,2201,0.181736,1,3000,0,63.1,
ED_n070_034_a50_101,ED,2540.0,2546.0,0.2357,2540.533205786768,2540,2540,0.0,1,3000,0,59.0,
ED_n070_034_a75_102,ED,2904.0,2909.0,0.1719,2908.0086230489915,2908,2908,0.137552,1,3000,0,74.1,
ED_n070_035_a25_103,ED,1479.0,1489.0,0.6716,1479.43418110535,1479,1479,0.0,1,3000,0,151.6,
ED_n070_035_a50_104,ED,2347.0,2352.0,0.2126,2352.0445594046764,2352,2352.0,0.212585,0,3000,0,129.1,
ED_n070_035_a75_105,ED,2518.0,2519.0,0.0397,2519.000000000001,2519,2519.0,0.039698,0,246,1,12.1,
ED_n075_036_a25_106,ED,1076.0,1077.0,0.0929,1077.01061156662,1077,1077.0,0.092851,0,3000,0,119.5,
ED_n075_036_a50_107,ED,1988.0,1989.0,0.0503,1989.0215733824812,1989,1989.0,0.050277,0,3000,0,125.6,
ED_n075_036_a75_108,ED,2141.0,2144.0,0.1399,2143.0703159602476,2143,2143,0.093327,1,3000,0,160.2,
ED_n075_037_a25_109,ED,1273.0,1282.0,0.702,1282.1989635179248,1282,1282.0,0.702028,0,3000,0,190.5,
ED_n075_037_a50_110,ED,2099.0,2103.0,0.1902,2099.6974378587906,2099,2099,0.0,1,3000,0,172.7,
ED_n075_037_a75_111,ED,2326.0,2327.0,0.043,2327.013213782963,2327,2327.0,0.042974,0,3000,0,181.1,
ED_n075_038_a25_112,ED,1685.0,1690.0,0.2959,1685.0000017218952,1685,1685,0.0,1,3000,0,101.8,
ED_n075_038_a50_113,ED,2411.0,2415.0,0.1656,2413.0478955069507,2413,2413,0.082884,1,3000,0,101.8,
ED_n075_038_a75_114,ED,2577.0,2582.0,0.1936,2577.0000000319897,2577,2577,0.0,1,3000,0,101.9,
ED_n075_039_a25_115,ED,1964.0,1965.0,0.0509,1964.000006976633,1964,1964,0.0,1,3000,0,90.9,
ED_n075_039_a50_116,ED,3041.0,3051.0,0.3278,3051.153206519918,3051,3051.0,0.327761,0,3000,0,96.4,
ED_n075_039_a75_117,ED,3113.0,3115.0,0.0642,3113.9999999999986,3114,3114,0.032113,1,63,1,2.7,
ED_n075_040_a25_118,ED,1588.0,1595.0,0.4389,1589.0659995424255,1589,1589,0.062933,1,3000,0,500.9,
ED_n075_040_a50_119,ED,2565.0,2572.0,0.2722,2571.6016100342326,2571,2571,0.233372,1,3000,0,259.0,
ED_n075_040_a75_120,ED,2731.0,2740.0,0.3285,2740.0,2740,2740.0,0.328467,0,2131,1,199.1,
ED_n080_041_a25_121,ED,1504.0,1506.0,0.1328,1504.0000019419797,1504,1504,0.0,1,3000,0,518.6,
ED_n080_041_a50_122,ED,2227.0,2232.0,0.224,2232.180332705183,2232,2232.0,0.224014,0,2451,0,600.2,
ED_n080_041_a75_123,ED,2269.0,2271.0,0.0881,2271.046402406361,2271,2271.0,0.088067,0,2586,0,600.2,
ED_n080_042_a25_124,ED,1305.0,1311.0,0.4577,1305.0000000020566,1305,1305,0.0,1,3000,0,572.1,
ED_n080_042_a50_125,ED,2161.0,2165.0,0.1848,2162.0440742948504,2162,2162,0.046253,1,3000,0,364.2,
ED_n080_042_a75_126,ED,2457.0,2458.0,0.0407,2458.00454192943,2458,2458.0,0.040683,0,3000,0,389.1,
ED_n080_043_a25_127,ED,1785.0,1789.0,0.2236,1785.0000001510593,1785,1785,0.0,1,3000,0,113.5,
ED_n080_043_a50_128,ED,2628.0,2635.0,0.2657,2631.057313160138,2631,2631,0.114025,1,3000,0,120.5,
ED_n080_043_a75_129,ED,2797.0,2803.0,0.2141,2798.007619913192,2798,2798,0.03574,1,3000,0,140.4,
ED_n080_044_a25_130,ED,1965.0,1969.0,0.2031,1965.0046653910892,1965,1965,0.0,1,3000,0,141.5,
ED_n080_044_a50_131,ED,3148.0,3156.0,0.2535,3151.0438797456245,3151,3151,0.095208,1,3000,0,119.1,
ED_n080_044_a75_132,ED,3322.0,3326.0,0.1203,3324.526328769506,3324,3324,0.060168,1,3000,0,216.5,
ED_n080_045_a25_133,ED,1681.0,1687.0,0.3557,1685.1899020299998,1685,1685,0.237389,1,3000,0,311.8,
ED_n080_045_a50_134,ED,2666.0,2674.0,0.2992,2673.210611331036,2673,2673,0.261878,1,3000,0,238.6,
ED_n080_045_a75_135,ED,2933.0,2942.0,0.3059,2941.9999999999986,2942,2942.0,0.305914,0,2343,1,257.0,
