instance,family,incumbent,greedy,init_ub,init_raw,init_iters,refined_ub,refined_raw,refine_iters,refine_converged,final_ub,binding,final_gap_pct,cert_path,solve_s,error
B_n100_001_a25_001,B,2142.0,2121.0,2146,2146.565653,200,2142,2142.003003,3000,0,2142,refined,0.0,results/certificates/B_n100_001_a25_001.pkl,75.1,
B_n100_001_a50_002,B,3025.0,3023.0,3026,3026.735857,200,3025,3025.001952,3000,0,3025,refined,0.0,results/certificates/B_n100_001_a50_002.pkl,77.1,
B_n100_001_a75_003,B,3119.0,3114.0,3119,3119.276373,200,3119,3119.0,3000,0,3119,initial,0.0,results/certificates/B_n100_001_a75_003.pkl,80.0,
B_n100_002_a25_004,B,2364.0,2247.0,2386,2386.0,200,2364,2364.0,3000,0,2364,refined,0.0,results/certificates/B_n100_002_a25_004.pkl,21.8,
B_n100_002_a50_005,B,3173.0,3172.0,3185,3185.682781,200,3173,3173.0,3000,0,3173,refined,0.0,results/certificates/B_n100_002_a50_005.pkl,44.3,
B_n100_002_a75_006,B,3329.0,3328.0,3329,3329.0,6,3329,3329.0,16,1,3329,initial,0.0,results/certificates/B_n100_002_a75_006.pkl,0.3,
B_n100_003_a25_007,B,2312.0,2311.0,2323,2323.235222,200,2312,2312.506562,3000,0,2312,refined,0.0,results/certificates/B_n100_003_a25_007.pkl,21.8,
B_n100_003_a50_008,B,3179.0,3166.0,3182,3182.456505,200,3179,3179.0,3000,0,3179,refined,0.0,results/certificates/B_n100_003_a50_008.pkl,28.0,
B_n100_003_a75_009,B,3277.0,3267.0,3278,3278.801862,200,3277,3277.0,3000,0,3277,refined,0.0,results/certificates/B_n100_003_a75_009.pkl,31.8,
B_n100_004_a25_010,B,2831.0,2490.0,2852,2852.5,200,2831,2831.0008,3000,0,2831,refined,0.0,results/certificates/B_n100_004_a25_010.pkl,16.5,
B_n100_004_a50_011,B,4102.0,4091.0,4102,4102.007345,200,4102,4102.0,87,1,4102,initial,0.0,results/certificates/B_n100_004_a50_011.pkl,1.5,
B_n100_004_a75_012,B,4174.0,4173.0,4174,4174.160994,200,4174,4174.0,3000,0,4174,initial,0.0,results/certificates/B_n100_004_a75_012.pkl,22.5,
B_n100_005_a25_013,B,2241.0,2130.0,2248,2248.0,200,2241,2241.0,3000,0,2241,refined,0.0,results/certificates/B_n100_005_a25_013.pkl,15.5,
B_n100_005_a50_014,B,3344.0,3334.0,3349,3349.471908,200,3344,3344.0,3000,0,3344,refined,0.0,results/certificates/B_n100_005_a50_014.pkl,16.2,
B_n100_005_a75_015,B,3512.0,3500.0,3512,3512.590869,200,3512,3512.0,3000,0,3512,initial,0.0,results/certificates/B_n100_005_a75_015.pkl,16.3,
B_n110_006_a25_016,B,2434.0,2291.0,2482,2482.5,200,2469,2469.24595,3000,0,2469,refined,1.4175779667881734,results/certificates/B_n110_006_a25_016.pkl,176.7,
B_n110_006_a50_017,B,3465.0,3442.0,3486,3486.382527,200,3465,3465.007739,3000,0,3465,refined,0.0,results/certificates/B_n110_006_a50_017.pkl,170.7,
B_n110_006_a75_018,B,3614.0,3608.0,3614,3614.89258,200,3614,3614.0,3000,0,3614,initial,0.0,results/certificates/B_n110_006_a75_018.pkl,178.8,
B_n110_007_a25_019,B,2510.0,2365.0,2568,2568.0,200,2510,2510.005577,3000,0,2510,refined,0.0,results/certificates/B_n110_007_a25_019.pkl,29.8,
B_n110_007_a50_020,B,3603.0,3590.0,3615,3615.184089,200,3603,3603.0,3000,0,3603,refined,0.0,results/certificates/B_n110_007_a50_020.pkl,51.1,
B_n110_007_a75_021,B,3780.0,3779.0,3780,3780.0,6,3780,3780.0,18,1,3780,initial,0.0,results/certificates/B_n110_007_a75_021.pkl,0.5,
B_n110_008_a25_022,B,2531.0,2530.0,2546,2546.733197,200,2531,2531.513143,3000,0,2531,refined,0.0,results/certificates/B_n110_008_a25_022.pkl,42.9,
B_n110_008_a50_023,B,3700.0,3684.0,3703,3703.674578,200,3700,3700.0,3000,0,3700,refined,0.0,results/certificates/B_n110_008_a50_023.pkl,48.1,
B_n110_008_a75_024,B,3808.0,3795.0,3809,3809.108646,200,3808,3808.0,3000,0,3808,refined,0.0,results/certificates/B_n110_008_a75_024.pkl,47.9,
B_n110_009_a25_025,B,3221.0,2971.0,3259,3259.5,200,3221,3221.000627,3000,0,3221,refined,0.0,results/certificates/B_n110_009_a25_025.pkl,31.5,
B_n110_009_a50_026,B,4524.0,4490.0,4544,4544.57787,200,4524,4524.0,3000,0,4524,refined,0.0,results/certificates/B_n110_009_a50_026.pkl,33.1,
B_n110_009_a75_027,B,4696.0,4695.0,4696,4696.202413,200,4696,4696.0,3000,0,4696,initial,0.0,results/certificates/B_n110_009_a75_027.pkl,40.4,
B_n110_010_a25_028,B,2549.0,2438.0,2556,2556.0,200,2549,2549.0,3000,0,2549,refined,0.0,results/certificates/B_n110_010_a25_028.pkl,28.9,
B_n110_010_a50_029,B,3674.0,3662.0,3680,3680.092282,200,3674,3674.0,3000,0,3674,refined,0.0,results/certificates/B_n110_010_a50_029.pkl,29.8,
B_n110_010_a75_030,B,3853.0,3841.0,3854,3854.286774,200,3853,3853.0,3000,0,3853,refined,0.0,results/certificates/B_n110_010_a75_030.pkl,33.1,
B_n120_011_a25_031,B,2526.0,2502.0,2605,2605.989379,200,2566,2566.359978,3000,0,2566,refined,1.558846453624318,results/certificates/B_n120_011_a25_031.pkl,381.5,
B_n120_011_a50_032,B,3899.0,3894.0,3929,3929.076562,200,3899,3899.0,3000,0,3899,refined,0.0,results/certificates/B_n120_011_a50_032.pkl,385.3,
B_n120_011_a75_033,B,4074.0,4070.0,4075,4075.310463,200,4074,4074.0,3000,0,4074,refined,0.0,results/certificates/B_n120_011_a75_033.pkl,398.1,
B_n120_012_a25_034,B,2871.0,2729.0,2944,2944.0,200,2881,2881.437288,3000,0,2881,refined,0.3471017007983339,results/certificates/B_n120_012_a25_034.pkl,93.5,
B_n120_012_a50_035,B,4182.0,4179.0,4182,4182.800355,200,4182,4182.0,3000,0,4182,initial,0.0,results/certificates/B_n120_012_a50_035.pkl,117.8,
B_n120_012_a75_036,B,4222.0,4221.0,4222,4222.0,200,4222,4222.0,3000,0,4222,initial,0.0,results/certificates/B_n120_012_a75_036.pkl,210.8,
B_n120_013_a25_037,B,2942.0,2930.0,2966,2966.336838,200,2945,2945.584845,3000,0,2945,refined,0.10186757215619693,results/certificates/B_n120_013_a25_037.pkl,80.0,
B_n120_013_a50_038,B,4064.0,4020.0,4073,4073.353736,200,4064,4064.0,3000,0,4064,refined,0.0,results/certificates/B_n120_013_a50_038.pkl,76.9,
B_n120_013_a75_039,B,4147.0,4130.0,4148,4148.632077,200,4147,4147.0,3000,0,4147,refined,0.0,results/certificates/B_n120_013_a75_039.pkl,89.4,
B_n120_014_a25_040,B,3242.0,2992.0,3338,3338.5,200,3287,3287.327927,3000,0,3287,refined,1.369029510191664,results/certificates/B_n120_014_a25_040.pkl,77.3,
B_n120_014_a50_041,B,4855.0,4830.0,4859,4859.797722,200,4855,4855.0,3000,0,4855,refined,0.0,results/certificates/B_n120_014_a50_041.pkl,86.8,
B_n120_014_a75_042,B,5038.0,5036.0,5038,5038.186506,200,5038,5038.0,3000,0,5038,initial,0.0,results/certificates/B_n120_014_a75_042.pkl,92.6,
B_n120_015_a25_043,B,2579.0,2458.0,2619,2619.0,200,2579,2579.00002,3000,0,2579,refined,0.0,results/certificates/B_n120_015_a25_043.pkl,55.8,
B_n120_015_a50_044,B,4004.0,3991.0,4005,4005.612883,200,4004,4004.0,3000,0,4004,refined,0.0,results/certificates/B_n120_015_a50_044.pkl,58.5,
B_n120_015_a75_045,B,4282.0,4277.0,4282,4282.701892,200,4282,4282.0,3000,0,4282,initial,0.0,results/certificates/B_n120_015_a75_045.pkl,60.5,
B_n130_016_a25_046,B,2744.0,2720.0,2820,2820.6361,200,2789,2789.50426,3000,0,2789,refined,1.6134815346002152,results/certificates/B_n130_016_a25_046.pkl,463.5,
B_n130_016_a50_047,B,4156.0,4132.0,4180,4180.778397,200,4157,4157.035878,3000,0,4157,refined,0.024055809477988934,results/certificates/B_n130_016_a50_047.pkl,410.6,
B_n130_016_a75_048,B,4333.0,4329.0,4334,4334.769623,200,4334,4334.020225,3000,0,4334,initial,0.023073373327180433,results/certificates/B_n130_016_a75_048.pkl,476.7,
B_n130_017_a25_049,B,3062.0,2899.0,3128,3128.5,200,3072,3072.211362,3000,0,3072,refined,0.32552083333333337,results/certificates/B_n130_017_a25_049.pkl,183.2,
B_n130_017_a50_050,B,4594.0,4589.0,4596,4596.002682,200,4595,4595.014976,3000,0,4595,refined,0.02176278563656148,results/certificates/B_n130_017_a50_050.pkl,241.8,
B_n130_017_a75_051,B,4646.0,4644.0,4646,4646.0,200,4646,4646.0,3000,0,4646,initial,0.0,results/certificates/B_n130_017_a75_051.pkl,449.4,
B_n130_018_a25_052,B,3192.0,3081.0,3218,3218.0,200,3196,3196.678434,3000,0,3196,refined,0.1251564455569462,results/certificates/B_n130_018_a25_052.pkl,91.8,
B_n130_018_a50_053,B,4497.0,4451.0,4501,4501.134897,200,4497,4497.0,3000,0,4497,refined,0.0,results/certificates/B_n130_018_a50_053.pkl,138.0,
B_n130_018_a75_054,B,4578.0,4574.0,4578,4578.885527,200,4578,4578.0,3000,0,4578,initial,0.0,results/certificates/B_n130_018_a75_054.pkl,154.9,
B_n130_019_a25_055,B,3359.0,3109.0,3452,3452.0,200,3404,3404.040919,3000,0,3404,refined,1.3219741480611047,results/certificates/B_n130_019_a25_055.pkl,76.6,
B_n130_019_a50_056,B,5093.0,5049.0,5103,5103.573453,200,5093,5093.507924,3000,0,5093,refined,0.0,results/certificates/B_n130_019_a50_056.pkl,96.5,
B_n130_019_a75_057,B,5307.0,5303.0,5307,5307.497991,200,5307,5307.0,3000,0,5307,initial,0.0,results/certificates/B_n130_019_a75_057.pkl,102.9,
B_n130_020_a25_058,B,2680.0,2557.0,2738,2738.0,200,2680,2680.000381,3000,0,2680,refined,0.0,results/certificates/B_n130_020_a25_058.pkl,66.9,
B_n130_020_a50_059,B,4306.0,4278.0,4311,4311.54286,200,4306,4306.0,3000,0,4306,refined,0.0,results/certificates/B_n130_020_a50_059.pkl,72.2,
B_n130_020_a75_060,B,4596.0,4580.0,4598,4598.974627,200,4597,4597.012657,3000,0,4597,refined,0.021753317380900587,results/certificates/B_n130_020_a75_060.pkl,74.4,
B_n140_021_a25_061,B,3142.0,3108.0,3234,3234.768795,200,3187,3187.388898,3000,0,3187,refined,1.4119861939127707,results/certificates/B_n140_021_a25_061.pkl,505.6,
B_n140_021_a50_062,B,4654.0,4630.0,4683,4683.385849,200,4655,4655.034066,3000,0,4655,refined,0.021482277121374866,results/certificates/B_n140_021_a50_062.pkl,442.8,
B_n140_021_a75_063,B,4850.0,4846.0,4853,4853.798952,200,4852,4852.531029,3000,0,4852,refined,0.041220115416323165,results/certificates/B_n140_021_a75_063.pkl,512.5,
B_n140_022_a25_064,B,3392.0,3139.0,3445,3445.5,200,3392,3392.0,3000,0,3392,refined,0.0,results/certificates/B_n140_022_a25_064.pkl,206.1,
B_n140_022_a50_065,B,5080.0,5056.0,5086,5086.129086,200,5081,5081.019867,3000,0,5081,refined,0.0196811651249754,results/certificates/B_n140_022_a50_065.pkl,259.0,
B_n140_022_a75_066,B,5178.0,5166.0,5178,5178.0,200,5178,5178.0,3000,0,5178,initial,0.0,results/certificates/B_n140_022_a75_066.pkl,466.2,
B_n140_023_a25_067,B,3781.0,3669.0,3850,3850.5,200,3784,3784.135123,3000,0,3784,refined,0.07928118393234672,results/certificates/B_n140_023_a25_067.pkl,262.9,
B_n140_023_a50_068,B,4942.0,4914.0,4970,4970.198339,200,4943,4943.027617,3000,0,4943,refined,0.020230629172567266,results/certificates/B_n140_023_a50_068.pkl,255.5,
B_n140_023_a75_069,B,5095.0,5089.0,5095,5095.728481,200,5095,5095.0,3000,0,5095,initial,0.0,results/certificates/B_n140_023_a75_069.pkl,276.2,
B_n140_024_a25_070,B,4264.0,4130.0,4333,4333.0,200,4309,4309.329789,3000,0,4309,refined,1.0443258296588536,results/certificates/B_n140_024_a25_070.pkl,126.1,
B_n140_024_a50_071,B,5577.0,5551.0,5584,5584.789248,200,5578,5578.031741,3000,0,5578,refined,0.017927572606669058,results/certificates/B_n140_024_a50_071.pkl,137.6,
B_n140_024_a75_072,B,5663.0,5661.0,5663,5663.0,7,5663,5663.0,10,1,5663,initial,0.0,results/certificates/B_n140_024_a75_072.pkl,1.2,
B_n140_025_a25_073,B,3331.0,2958.0,3345,3345.0,200,3331,3331.511604,3000,0,3331,refined,0.0,results/certificates/B_n140_025_a25_073.pkl,95.2,
B_n140_025_a50_074,B,4639.0,4596.0,4654,4654.82338,200,4639,4639.000008,3000,0,4639,refined,0.0,results/certificates/B_n140_025_a50_074.pkl,134.7,
B_n140_025_a75_075,B,4941.0,4926.0,4943,4943.584308,200,4941,4941.0,3000,0,4941,refined,0.0,results/certificates/B_n140_025_a75_075.pkl,142.2,
B_n150_026_a25_076,B,3246.0,3208.0,3335,3335.839567,200,3296,3296.687549,3000,0,3296,refined,1.516990291262136,results/certificates/B_n150_026_a25_076.pkl,515.3,
B_n150_026_a50_077,B,4973.0,4949.0,4999,4999.829893,200,4974,4974.037172,3000,0,4974,refined,0.02010454362685967,results/certificates/B_n150_026_a50_077.pkl,448.8,
B_n150_026_a75_078,B,5191.0,5181.0,5195,5195.761197,200,5193,5193.539188,3000,0,5193,refined,0.03851338340073175,results/certificates/B_n150_026_a75_078.pkl,528.3,
B_n150_027_a25_079,B,3500.0,3238.0,3571,3571.0,200,3500,3500.000091,3000,0,3500,refined,0.0,results/certificates/B_n150_027_a25_079.pkl,210.9,
B_n150_027_a50_080,B,5275.0,5257.0,5291,5291.946263,200,5286,5286.181166,3000,0,5286,refined,0.20809685962920924,results/certificates/B_n150_027_a50_080.pkl,275.7,
B_n150_027_a75_081,B,5420.0,5416.0,5421,5421.18857,200,5421,5421.007188,3000,0,5421,initial,0.018446781036709093,results/certificates/B_n150_027_a75_081.pkl,484.5,
B_n150_028_a25_082,B,3890.0,3778.0,3955,3955.5,200,3893,3893.141151,3000,0,3893,refined,0.07706139224248652,results/certificates/B_n150_028_a25_082.pkl,272.8,
B_n150_028_a50_083,B,5073.0,5037.0,5109,5109.2084,200,5077,5077.105071,3000,0,5077,refined,0.07878668505022651,results/certificates/B_n150_028_a50_083.pkl,267.4,
B_n150_028_a75_084,B,5330.0,5324.0,5330,5330.991539,200,5330,5330.0,3000,0,5330,initial,0.0,results/certificates/B_n150_028_a75_084.pkl,287.2,
B_n150_029_a25_085,B,4595.0,4361.0,4637,4637.5,200,4599,4599.698512,3000,0,4599,refined,0.08697542944118286,results/certificates/B_n150_029_a25_085.pkl,231.0,
B_n150_029_a50_086,B,6102.0,6067.0,6109,6109.330634,200,6102,6102.0,3000,0,6102,refined,0.0,results/certificates/B_n150_029_a50_086.pkl,231.9,
B_n150_029_a75_087,B,6185.0,6183.0,6185,6185.242353,200,6185,6185.0,3000,0,6185,initial,0.0,results/certificates/B_n150_029_a75_087.pkl,241.1,
B_n150_030_a25_088,B,3550.0,3080.0,3571,3571.0,200,3550,3550.001306,3000,0,3550,refined,0.0,results/certificates/B_n150_030_a25_088.pkl,139.9,
B_n150_030_a50_089,B,4973.0,4912.0,4994,4994.259095,200,4974,4974.54013,3000,0,4974,refined,0.02010454362685967,results/certificates/B_n150_030_a50_089.pkl,177.6,
B_n150_030_a75_090,B,5281.0,5264.0,5285,5285.15935,200,5282,5282.028349,3000,0,5282,refined,0.01893222264293828,results/certificates/B_n150_030_a75_090.pkl,189.6,
C_n050_001_a25_001,C,735.0,734.0,735,735.344496,200,735,735.0,3000,0,735,initial,0.0,results/certificates/C_n050_001_a25_001.pkl,6.2,
C_n050_001_a50_002,C,1236.0,1226.0,1240,1240.939916,200,1236,1236.0,3000,0,1236,refined,0.0,results/certificates/C_n050_001_a50_002.pkl,6.7,
C_n050_001_a75_003,C,1445.0,1443.0,1445,1445.671446,200,1445,1445.0,3000,0,1445,initial,0.0,results/certificates/C_n050_001_a75_003.pkl,7.1,
C_n050_002_a25_004,C,783.0,774.0,784,784.935554,200,783,783.0,3000,0,783,refined,0.0,results/certificates/C_n050_002_a25_004.pkl,4.9,
C_n050_002_a50_005,C,1257.0,1249.0,1265,1265.939486,200,1257,1257.0,3000,0,1257,refined,0.0,results/certificates/C_n050_002_a50_005.pkl,4.5,
C_n050_002_a75_006,C,1495.0,1491.0,1495,1495.430219,200,1495,1495.0,3000,0,1495,initial,0.0,results/certificates/C_n050_002_a75_006.pkl,5.3,
C_n050_003_a25_007,C,994.0,994.0,995,995.409193,200,994,994.0,3000,0,994,refined,0.0,results/certificates/C_n050_003_a25_007.pkl,6.2,
C_n050_003_a50_008,C,1362.0,1361.0,1378,1378.464479,200,1362,1362.0,3000,0,1362,refined,0.0,results/certificates/C_n050_003_a50_008.pkl,6.8,
C_n050_003_a75_009,C,1595.0,1594.0,1595,1595.0,26,1595,1595.0,30,1,1595,initial,0.0,results/certificates/C_n050_003_a75_009.pkl,0.2,
C_n050_004_a25_010,C,1242.0,1232.0,1245,1245.281348,200,1242,1242.0,3000,0,1242,refined,0.0,results/certificates/C_n050_004_a25_010.pkl,5.8,
C_n050_004_a50_011,C,2016.0,2015.0,2017,2017.309461,200,2017,2017.019541,3000,0,2017,initial,0.04957858205255329,results/certificates/C_n050_004_a50_011.pkl,5.6,
C_n050_004_a75_012,C,2062.0,2061.0,2062,2062.139066,200,2062,2062.0,3000,0,2062,initial,0.0,results/certificates/C_n050_004_a75_012.pkl,5.6,
C_n050_005_a25_013,C,1077.0,1076.0,1078,1078.099385,200,1077,1077.0,3000,0,1077,refined,0.0,results/certificates/C_n050_005_a25_013.pkl,6.6,
C_n050_005_a50_014,C,1684.0,1683.0,1684,1684.128101,200,1684,1684.0,3000,0,1684,initial,0.0,results/certificates/C_n050_005_a50_014.pkl,5.7,
C_n050_005_a75_015,C,1737.0,1736.0,1737,1737.138787,200,1737,1737.0,3000,0,1737,initial,0.0,results/certificates/C_n050_005_a75_015.pkl,7.0,
C_n055_006_a25_016,C,975.0,973.0,975,975.0,111,975,975.0,134,1,975,initial,0.0,results/certificates/C_n055_006_a25_016.pkl,0.6,
C_n055_006_a50_017,C,1540.0,1529.0,1540,1540.574997,200,1540,1540.0,3000,0,1540,initial,0.0,results/certificates/C_n055_006_a50_017.pkl,8.6,
C_n055_006_a75_018,C,1589.0,1588.0,1589,1589.154643,200,1589,1589.0,3000,0,1589,initial,0.0,results/certificates/C_n055_006_a75_018.pkl,9.5,
C_n055_007_a25_019,C,804.0,794.0,806,806.984613,200,804,804.0,3000,0,804,refined,0.0,results/certificates/C_n055_007_a25_019.pkl,7.2,
C_n055_007_a50_020,C,1368.0,1359.0,1376,1376.636308,200,1368,1368.0,3000,0,1368,refined,0.0,results/certificates/C_n055_007_a50_020.pkl,6.1,
C_n055_007_a75_021,C,1623.0,1621.0,1623,1623.299258,200,1623,1623.0,3000,0,1623,initial,0.0,results/certificates/C_n055_007_a75_021.pkl,7.1,
C_n055_008_a25_022,C,1004.0,1004.0,1004,1004.913746,200,1004,1004.0,3000,0,1004,initial,0.0,results/certificates/C_n055_008_a25_022.pkl,13.2,
C_n055_008_a50_023,C,1381.0,1371.0,1391,1391.456809,200,1381,1381.0,3000,0,1381,refined,0.0,results/certificates/C_n055_008_a50_023.pkl,12.2,
C_n055_008_a75_024,C,1617.0,1613.0,1617,1617.357751,200,1617,1617.0,3000,0,1617,initial,0.0,results/certificates/C_n055_008_a75_024.pkl,19.8,
C_n055_009_a25_025,C,1353.0,1343.0,1355,1355.864059,200,1353,1353.0,3000,0,1353,refined,0.0,results/certificates/C_n055_009_a25_025.pkl,6.5,
C_n055_009_a50_026,C,2225.0,2225.0,2226,2226.302868,200,2226,2226.009648,3000,0,2226,initial,0.04492362982929021,results/certificates/C_n055_009_a50_026.pkl,6.0,
C_n055_009_a75_027,C,2373.0,2372.0,2373,2373.13906,200,2373,2373.0,3000,0,2373,initial,0.0,results/certificates/C_n055_009_a75_027.pkl,6.8,
C_n055_010_a25_028,C,1186.0,1185.0,1186,1186.957935,200,1186,1186.0,3000,0,1186,initial,0.0,results/certificates/C_n055_010_a25_028.pkl,7.6,
C_n055_010_a50_029,C,1894.0,1893.0,1902,1902.172407,200,1894,1894.0,3000,0,1894,refined,0.0,results/certificates/C_n055_010_a50_029.pkl,6.7,
C_n055_010_a75_030,C,2048.0,2047.0,2048,2048.205725,200,2048,2048.0,3000,0,2048,initial,0.0,results/certificates/C_n055_010_a75_030.pkl,7.5,
C_n060_011_a25_031,C,1212.0,1193.0,1218,1218.383165,200,1212,1212.679303,3000,0,1212,refined,0.0,results/certificates/C_n060_011_a25_031.pkl,12.5,
C_n060_011_a50_032,C,1664.0,1661.0,1664,1664.534626,200,1664,1664.0,3000,0,1664,initial,0.0,results/certificates/C_n060_011_a50_032.pkl,12.9,
C_n060_011_a75_033,C,1713.0,1712.0,1713,1713.11848,200,1713,1713.0,3000,0,1713,initial,0.0,results/certificates/C_n060_011_a75_033.pkl,13.6,
C_n060_012_a25_034,C,1113.0,1094.0,1124,1124.796269,200,1113,1113.0,3000,0,1113,refined,0.0,results/certificates/C_n060_012_a25_034.pkl,19.6,
C_n060_012_a50_035,C,1731.0,1712.0,1733,1733.152768,200,1731,1731.0,3000,0,1731,refined,0.0,results/certificates/C_n060_012_a50_035.pkl,19.9,
C_n060_012_a75_036,C,1759.0,1759.0,1759,1759.0,14,1759,1759.0,14,1,1759,initial,0.0,results/certificates/C_n060_012_a75_036.pkl,0.3,
C_n060_013_a25_037,C,1294.0,1284.0,1300,1300.972412,200,1294,1294.0,3000,0,1294,refined,0.0,results/certificates/C_n060_013_a25_037.pkl,16.3,
C_n060_013_a50_038,C,1784.0,1762.0,1795,1795.1359,200,1784,1784.0,3000,0,1784,refined,0.0,results/certificates/C_n060_013_a50_038.pkl,24.8,
C_n060_013_a75_039,C,2019.0,2013.0,2019,2019.732399,200,2019,2019.0,190,1,2019,initial,0.0,results/certificates/C_n060_013_a75_039.pkl,2.9,
C_n060_014_a25_040,C,1544.0,1434.0,1557,1557.0,200,1544,1544.0,3000,0,1544,refined,0.0,results/certificates/C_n060_014_a25_040.pkl,8.8,
C_n060_014_a50_041,C,2341.0,2337.0,2343,2343.233914,200,2341,2341.0,3000,0,2341,refined,0.0,results/certificates/C_n060_014_a50_041.pkl,9.2,
C_n060_014_a75_042,C,2476.0,2474.0,2476,2476.578105,200,2476,2476.0,3000,0,2476,initial,0.0,results/certificates/C_n060_014_a75_042.pkl,11.9,
C_n060_015_a25_043,C,1466.0,1466.0,1468,1468.260125,200,1466,1466.0,3000,0,1466,refined,0.0,results/certificates/C_n060_015_a25_043.pkl,7.3,
C_n060_015_a50_044,C,2123.0,2123.0,2123,2123.076154,200,2123,2123.0,3000,0,2123,initial,0.0,results/certificates/C_n060_015_a50_044.pkl,9.1,
C_n060_015_a75_045,C,2190.0,2169.0,2190,2190.0,12,2190,2190.0,38,1,2190,initial,0.0,results/certificates/C_n060_015_a75_045.pkl,0.3,
C_n065_016_a25_046,C,1312.0,1293.0,1318,1318.45375,200,1312,1312.679396,3000,0,1312,refined,0.0,results/certificates/C_n065_016_a25_046.pkl,19.3,
C_n065_016_a50_047,C,1863.0,1860.0,1863,1863.695548,200,1863,1863.0,3000,0,1863,initial,0.0,results/certificates/C_n065_016_a50_047.pkl,19.8,
C_n065_016_a75_048,C,1924.0,1922.0,1924,1924.36286,200,1924,1924.0,3000,0,1924,initial,0.0,results/certificates/C_n065_016_a75_048.pkl,19.7,
C_n065_017_a25_049,C,1302.0,1283.0,1312,1312.870066,200,1302,1302.0,3000,0,1302,refined,0.0,results/certificates/C_n065_017_a25_049.pkl,21.8,
C_n065_017_a50_050,C,1930.0,1911.0,1933,1933.471381,200,1930,1930.508437,3000,0,1930,refined,0.0,results/certificates/C_n065_017_a50_050.pkl,22.3,
C_n065_017_a75_051,C,1971.0,1969.0,1971,1971.0,6,1971,1971.0,16,1,1971,initial,0.0,results/certificates/C_n065_017_a75_051.pkl,0.3,
C_n065_018_a25_052,C,1386.0,1367.0,1389,1389.853152,200,1386,1386.0,3000,0,1386,refined,0.0,results/certificates/C_n065_018_a25_052.pkl,18.6,
C_n065_018_a50_053,C,1905.0,1900.0,1924,1924.837796,200,1906,1906.007344,3000,0,1906,refined,0.05246589716684155,results/certificates/C_n065_018_a50_053.pkl,33.0,
C_n065_018_a75_054,C,2146.0,2144.0,2146,2146.277564,200,2146,2146.0,3000,0,2146,initial,0.0,results/certificates/C_n065_018_a75_054.pkl,28.1,
C_n065_019_a25_055,C,1864.0,1755.0,1879,1879.333333,200,1864,1864.0,3000,0,1864,refined,0.0,results/certificates/C_n065_019_a25_055.pkl,10.1,
C_n065_019_a50_056,C,2464.0,2462.0,2465,2465.156898,200,2464,2464.0,3000,0,2464,refined,0.0,results/certificates/C_n065_019_a50_056.pkl,14.6,
C_n065_019_a75_057,C,2600.0,2598.0,2600,2600.182634,200,2600,2600.0,3000,0,2600,initial,0.0,results/certificates/C_n065_019_a75_057.pkl,15.1,
C_n065_020_a25_058,C,1566.0,1566.0,1568,1568.26042,200,1566,1566.0,3000,0,1566,refined,0.0,results/certificates/C_n065_020_a25_058.pkl,15.5,
C_n065_020_a50_059,C,2323.0,2322.0,2339,2339.448413,200,2323,2323.001578,3000,0,2323,refined,0.0,results/certificates/C_n065_020_a50_059.pkl,21.8,
C_n065_020_a75_060,C,2489.0,2466.0,2489,2489.909391,200,2489,2489.0,3000,0,2489,initial,0.0,results/certificates/C_n065_020_a75_060.pkl,22.8,
C_n070_021_a25_061,C,1314.0,1295.0,1326,1326.141919,200,1314,1314.689157,3000,0,1314,refined,0.0,results/certificates/C_n070_021_a25_061.pkl,24.3,
C_n070_021_a50_062,C,1964.0,1961.0,1965,1965.488847,200,1964,1964.0,3000,0,1964,refined,0.0,results/certificates/C_n070_021_a50_062.pkl,26.0,
C_n070_021_a75_063,C,2035.0,2033.0,2035,2035.731335,200,2035,2035.0,3000,0,2035,initial,0.0,results/certificates/C_n070_021_a75_063.pkl,25.6,
C_n070_022_a25_064,C,1413.0,1393.0,1429,1429.622061,200,1413,1413.50819,3000,0,1413,refined,0.0,results/certificates/C_n070_022_a25_064.pkl,43.6,
C_n070_022_a50_065,C,2052.0,2031.0,2064,2064.669925,200,2060,2060.14153,3000,0,2060,refined,0.3883495145631068,results/certificates/C_n070_022_a50_065.pkl,44.9,
C_n070_022_a75_066,C,2102.0,2101.0,2102,2102.0,6,2102,2102.0,16,1,2102,initial,0.0,results/certificates/C_n070_022_a75_066.pkl,0.6,
C_n070_023_a25_067,C,1628.0,1615.0,1640,1640.869884,200,1632,1632.580543,3000,0,1632,refined,0.24509803921568626,results/certificates/C_n070_023_a25_067.pkl,32.3,
C_n070_023_a50_068,C,2305.0,2304.0,2306,2306.041758,200,2305,2305.510912,3000,0,2305,refined,0.0,results/certificates/C_n070_023_a50_068.pkl,45.7,
C_n070_023_a75_069,C,2359.0,2359.0,2359,2359.0,200,2359,2359.0,3000,0,2359,initial,0.0,results/certificates/C_n070_023_a75_069.pkl,52.2,
C_n070_024_a25_070,C,2046.0,1936.0,2056,2056.333333,200,2046,2046.0,3000,0,2046,refined,0.0,results/certificates/C_n070_024_a25_070.pkl,14.2,
C_n070_024_a50_071,C,2863.0,2861.0,2863,2863.822085,200,2863,2863.0,3000,0,2863,initial,0.0,results/certificates/C_n070_024_a50_071.pkl,18.5,
C_n070_024_a75_072,C,3009.0,3007.0,3009,3009.291839,200,3009,3009.0,3000,0,3009,initial,0.0,results/certificates/C_n070_024_a75_072.pkl,20.0,
C_n070_025_a25_073,C,1680.0,1678.0,1689,1689.090479,200,1680,1680.0,3000,0,1680,refined,0.0,results/certificates/C_n070_025_a25_073.pkl,30.8,
C_n070_025_a50_074,C,2449.0,2447.0,2476,2476.225703,200,2449,2449.0,3000,0,2449,refined,0.0,results/certificates/C_n070_025_a50_074.pkl,31.3,
C_n070_025_a75_075,C,2601.0,2599.0,2601,2601.507566,200,2601,2601.0,3000,0,2601,initial,0.0,results/certificates/C_n070_025_a75_075.pkl,30.7,
C_n075_026_a25_076,C,1316.0,1295.0,1332,1332.348614,200,1316,1316.001182,3000,0,1316,refined,0.0,results/certificates/C_n075_026_a25_076.pkl,47.2,
C_n075_026_a50_077,C,1977.0,1971.0,1978,1978.202055,200,1977,1977.00112,3000,0,1977,refined,0.0,results/certificates/C_n075_026_a50_077.pkl,47.3,
C_n075_026_a75_078,C,2055.0,2054.0,2055,2055.306064,200,2055,2055.0,3000,0,2055,initial,0.0,results/certificates/C_n075_026_a75_078.pkl,48.8,
C_n075_027_a25_079,C,1618.0,1616.0,1626,1626.20908,200,1618,1618.0,3000,0,1618,refined,0.0,results/certificates/C_n075_027_a25_079.pkl,92.5,
C_n075_027_a50_080,C,2184.0,2182.0,2186,2186.53377,200,2185,2185.037409,3000,0,2185,refined,0.045766590389016024,results/certificates/C_n075_027_a50_080.pkl,90.5,
C_n075_027_a75_081,C,2232.0,2231.0,2232,2232.192955,200,2232,2232.0,3000,0,2232,initial,0.0,results/certificates/C_n075_027_a75_081.pkl,91.2,
C_n075_028_a25_082,C,1829.0,1718.0,1867,1867.666667,200,1833,1833.669723,3000,0,1833,refined,0.2182214948172395,results/certificates/C_n075_028_a25_082.pkl,95.8,
C_n075_028_a50_083,C,2538.0,2534.0,2538,2538.633324,200,2538,2538.0,3000,0,2538,initial,0.0,results/certificates/C_n075_028_a50_083.pkl,102.3,
C_n075_028_a75_084,C,2582.0,2580.0,2582,2582.263161,200,2582,2582.0,3000,0,2582,initial,0.0,results/certificates/C_n075_028_a75_084.pkl,121.6,
C_n075_029_a25_085,C,2168.0,2076.0,2221,2221.666667,200,2168,2168.000009,3000,0,2168,refined,0.0,results/certificates/C_n075_029_a25_085.pkl,28.4,
C_n075_029_a50_086,C,3004.0,2983.0,3010,3010.205549,200,3004,3004.0,3000,0,3004,refined,0.0,results/certificates/C_n075_029_a50_086.pkl,30.2,
C_n075_029_a75_087,C,3223.0,3219.0,3223,3223.0,41,3223,3223.0,9,1,3223,initial,0.0,results/certificates/C_n075_029_a75_087.pkl,0.7,
C_n075_030_a25_088,C,1777.0,1768.0,1782,1782.645053,200,1777,1777.219379,3000,0,1777,refined,0.0,results/certificates/C_n075_030_a25_088.pkl,51.4,
C_n075_030_a50_089,C,2568.0,2563.0,2593,2593.471107,200,2568,2568.0,3000,0,2568,refined,0.0,results/certificates/C_n075_030_a50_089.pkl,59.9,
C_n075_030_a75_090,C,2722.0,2719.0,2722,2722.639271,200,2722,2722.0,3000,0,2722,initial,0.0,results/certificates/C_n075_030_a75_090.pkl,45.7,
C_n080_031_a25_091,C,1515.0,1495.0,1538,1538.045748,200,1515,1515.348232,3000,0,1515,refined,0.0,results/certificates/C_n080_031_a25_091.pkl,47.9,
C_n080_031_a50_092,C,2287.0,2281.0,2288,2288.73069,200,2287,2287.001114,3000,0,2287,refined,0.0,results/certificates/C_n080_031_a50_092.pkl,49.1,
C_n080_031_a75_093,C,2365.0,2364.0,2365,2365.237086,200,2365,2365.0,3000,0,2365,initial,0.0,results/certificates/C_n080_031_a75_093.pkl,50.3,
C_n080_032_a25_094,C,1747.0,1645.0,1770,1770.666667,200,1747,1747.0,3000,0,1747,refined,0.0,results/certificates/C_n080_032_a25_094.pkl,98.0,
C_n080_032_a50_095,C,2403.0,2389.0,2407,2407.325094,200,2404,2404.026073,3000,0,2404,refined,0.04159733777038269,results/certificates/C_n080_032_a50_095.pkl,101.7,
C_n080_032_a75_096,C,2461.0,2457.0,2461,2461.816345,200,2461,2461.0,3000,0,2461,initial,0.0,results/certificates/C_n080_032_a75_096.pkl,104.2,
C_n080_033_a25_097,C,2029.0,1917.0,2067,2067.666667,200,2033,2033.661363,3000,0,2033,refined,0.1967535661583866,results/certificates/C_n080_033_a25_097.pkl,73.8,
C_n080_033_a50_098,C,2748.0,2744.0,2748,2748.745514,200,2748,2748.0,3000,0,2748,initial,0.0,results/certificates/C_n080_033_a50_098.pkl,109.6,
C_n080_033_a75_099,C,2803.0,2801.0,2803,2803.263151,200,2803,2803.0,3000,0,2803,initial,0.0,results/certificates/C_n080_033_a75_099.pkl,127.5,
C_n080_034_a25_100,C,2268.0,2077.0,2303,2303.333333,200,2268,2268.00034,3000,0,2268,refined,0.0,results/certificates/C_n080_034_a25_100.pkl,34.8,
C_n080_034_a50_101,C,3205.0,3173.0,3212,3212.9208,200,3205,3205.511997,3000,0,3205,refined,0.0,results/certificates/C_n080_034_a50_101.pkl,32.6,
C_n080_034_a75_102,C,3425.0,3421.0,3426,3426.0,4,3426,3426.0,4,1,3426,initial,0.02918855808523059,results/certificates/C_n080_034_a75_102.pkl,0.4,
C_n080_035_a25_103,C,1897.0,1769.0,1909,1909.333333,200,1898,1898.016194,3000,0,1898,refined,0.052687038988408846,results/certificates/C_n080_035_a25_103.pkl,47.5,
C_n080_035_a50_104,C,2778.0,2776.0,2807,2807.107415,200,2779,2779.027166,3000,0,2779,refined,0.035984166966534725,results/certificates/C_n080_035_a50_104.pkl,66.9,
C_n080_035_a75_105,C,2934.0,2931.0,2934,2934.883181,200,2934,2934.0,3000,0,2934,initial,0.0,results/certificates/C_n080_035_a75_105.pkl,53.3,
D_n040_001_a25_001,D,715.0,715.0,715,715.000006,200,715,715.0,3000,0,715,initial,0.0,results/certificates/D_n040_001_a25_001.pkl,5.8,
D_n040_001_a50_002,D,970.0,968.0,971,971.131457,200,970,970.0,3000,0,970,refined,0.0,results/certificates/D_n040_001_a50_002.pkl,6.1,
D_n040_001_a75_003,D,1203.0,1203.0,1203,1203.0,44,1203,1203.0,44,1,1203,initial,0.0,results/certificates/D_n040_001_a75_003.pkl,0.3,
D_n040_002_a25_004,D,352.0,352.0,352,352.0,200,352,352.0,3000,0,352,initial,0.0,results/certificates/D_n040_002_a25_004.pkl,5.0,
D_n040_002_a50_005,D,894.0,785.0,904,904.134615,200,894,894.0,3000,0,894,refined,0.0,results/certificates/D_n040_002_a50_005.pkl,4.7,
D_n040_002_a75_006,D,1137.0,1135.0,1137,1137.278023,200,1137,1137.0,3000,0,1137,initial,0.0,results/certificates/D_n040_002_a75_006.pkl,5.0,
D_n040_003_a25_007,D,563.0,562.0,564,564.536561,200,563,563.0,3000,0,563,refined,0.0,results/certificates/D_n040_003_a25_007.pkl,5.4,
D_n040_003_a50_008,D,1023.0,1022.0,1023,1023.27193,200,1023,1023.0,3000,0,1023,initial,0.0,results/certificates/D_n040_003_a50_008.pkl,4.8,
D_n040_003_a75_009,D,1149.0,1148.0,1149,1149.041764,200,1149,1149.0,3000,0,1149,initial,0.0,results/certificates/D_n040_003_a75_009.pkl,5.7,
D_n040_004_a25_010,D,723.0,723.0,723,723.872704,200,723,723.0,3000,0,723,initial,0.0,results/certificates/D_n040_004_a25_010.pkl,6.5,
D_n040_004_a50_011,D,1374.0,1374.0,1374,1374.219114,200,1374,1374.0,3000,0,1374,initial,0.0,results/certificates/D_n040_004_a50_011.pkl,5.4,
D_n040_004_a75_012,D,1537.0,1534.0,1537,1537.0,43,1537,1537.0,12,1,1537,initial,0.0,results/certificates/D_n040_004_a75_012.pkl,0.2,
D_n040_005_a25_013,D,837.0,837.0,837,837.243653,200,837,837.0,3000,0,837,initial,0.0,results/certificates/D_n040_005_a25_013.pkl,6.6,
D_n040_005_a50_014,D,1351.0,1351.0,1372,1372.896404,200,1351,1351.0,3000,0,1351,refined,0.0,results/certificates/D_n040_005_a50_014.pkl,6.3,
D_n040_005_a75_015,D,1467.0,1466.0,1467,1467.137844,200,1467,1467.0,3000,0,1467,initial,0.0,results/certificates/D_n040_005_a75_015.pkl,6.1,
D_n045_006_a25_016,D,745.0,744.0,745,745.044943,200,745,745.0,269,1,745,initial,0.0,results/certificates/D_n045_006_a25_016.pkl,2.0,
D_n045_006_a50_017,D,1208.0,1197.0,1208,1208.896062,200,1208,1208.0,3000,0,1208,initial,0.0,results/certificates/D_n045_006_a50_017.pkl,15.6,
D_n045_006_a75_018,D,1245.0,1243.0,1245,1245.252779,200,1245,1245.0,3000,0,1245,initial,0.0,results/certificates/D_n045_006_a75_018.pkl,16.1,
D_n045_007_a25_019,D,662.0,651.0,665,665.467012,200,662,662.0,3000,0,662,refined,0.0,results/certificates/D_n045_007_a25_019.pkl,7.9,
D_n045_007_a50_020,D,1105.0,1016.0,1139,1139.050388,200,1105,1105.0,3000,0,1105,refined,0.0,results/certificates/D_n045_007_a50_020.pkl,7.1,
D_n045_007_a75_021,D,1369.0,1369.0,1369,1369.0,200,1369,1369.0,3000,0,1369,initial,0.0,results/certificates/D_n045_007_a75_021.pkl,7.5,
D_n045_008_a25_022,D,953.0,953.0,953,953.266621,200,953,953.0,3000,0,953,initial,0.0,results/certificates/D_n045_008_a25_022.pkl,8.2,
D_n045_008_a50_023,D,1337.0,1315.0,1342,1342.423159,200,1337,1337.0,3000,0,1337,refined,0.0,results/certificates/D_n045_008_a50_023.pkl,8.9,
D_n045_008_a75_024,D,1483.0,1481.0,1483,1483.0,39,1483,1483.0,8,1,1483,initial,0.0,results/certificates/D_n045_008_a75_024.pkl,0.4,
D_n045_009_a25_025,D,936.0,936.0,943,943.537978,200,936,936.000015,3000,0,936,refined,0.0,results/certificates/D_n045_009_a25_025.pkl,13.5,
D_n045_009_a50_026,D,1528.0,1516.0,1532,1532.332238,200,1528,1528.0,3000,0,1528,refined,0.0,results/certificates/D_n045_009_a50_026.pkl,11.7,
D_n045_009_a75_027,D,1651.0,1649.0,1651,1651.215879,200,1651,1651.0,3000,0,1651,initial,0.0,results/certificates/D_n045_009_a75_027.pkl,14.0,
D_n045_010_a25_028,D,957.0,957.0,957,957.592982,200,957,957.0,3000,0,957,initial,0.0,results/certificates/D_n045_010_a25_028.pkl,10.9,
D_n045_010_a50_029,D,1462.0,1462.0,1484,1484.911314,200,1462,1462.0,3000,0,1462,refined,0.0,results/certificates/D_n045_010_a50_029.pkl,9.5,
D_n045_010_a75_030,D,1613.0,1612.0,1613,1613.084595,200,1613,1613.0,3000,0,1613,initial,0.0,results/certificates/D_n045_010_a75_030.pkl,9.8,
D_n050_011_a25_031,D,952.0,952.0,952,952.121438,200,952,952.0,3000,0,952,initial,0.0,results/certificates/D_n050_011_a25_031.pkl,18.3,
D_n050_011_a50_032,D,1418.0,1406.0,1418,1418.833788,200,1418,1418.0,3000,0,1418,initial,0.0,results/certificates/D_n050_011_a50_032.pkl,19.7,
D_n050_011_a75_033,D,1464.0,1463.0,1464,1464.124845,200,1464,1464.0,3000,0,1464,initial,0.0,results/certificates/D_n050_011_a75_033.pkl,19.3,
D_n050_012_a25_034,D,753.0,742.0,757,757.134321,200,753,753.0,3000,0,753,refined,0.0,results/certificates/D_n050_012_a25_034.pkl,11.2,
D_n050_012_a50_035,D,1216.0,1116.0,1246,1246.957421,200,1216,1216.0,3000,0,1216,refined,0.0,results/certificates/D_n050_012_a50_035.pkl,9.9,
D_n050_012_a75_036,D,1478.0,1477.0,1479,1479.009337,200,1478,1478.512328,3000,0,1478,refined,0.0,results/certificates/D_n050_012_a75_036.pkl,10.7,
D_n050_013_a25_037,D,963.0,963.0,963,963.793065,200,963,963.0,3000,0,963,initial,0.0,results/certificates/D_n050_013_a25_037.pkl,11.4,
D_n050_013_a50_038,D,1349.0,1327.0,1360,1360.303713,200,1349,1349.0,3000,0,1349,refined,0.0,results/certificates/D_n050_013_a50_038.pkl,12.3,
D_n050_013_a75_039,D,1593.0,1584.0,1593,1593.463995,200,1593,1593.0,3000,0,1593,initial,0.0,results/certificates/D_n050_013_a75_039.pkl,17.5,
D_n050_014_a25_040,D,1136.0,1136.0,1163,1163.865771,200,1136,1136.000004,3000,0,1136,refined,0.0,results/certificates/D_n050_014_a25_040.pkl,15.0,
D_n050_014_a50_041,D,1809.0,1805.0,1829,1829.916108,200,1809,1809.000001,3000,0,1809,refined,0.0,results/certificates/D_n050_014_a50_041.pkl,14.5,
D_n050_014_a75_042,D,2061.0,2059.0,2061,2061.214586,200,2061,2061.0,3000,0,2061,initial,0.0,results/certificates/D_n050_014_a75_042.pkl,17.3,
D_n050_015_a25_043,D,968.0,946.0,983,983.254014,200,968,968.000109,3000,0,968,refined,0.0,results/certificates/D_n050_015_a25_043.pkl,15.5,
D_n050_015_a50_044,D,1591.0,1591.0,1591,1591.000753,200,1591,1591.0,3000,0,1591,initial,0.0,results/certificates/D_n050_015_a50_044.pkl,15.2,
D_n050_015_a75_045,D,1635.0,1635.0,1635,1635.000258,200,1635,1635.0,3000,0,1635,initial,0.0,results/certificates/D_n050_015_a75_045.pkl,17.7,
D_n055_016_a25_046,D,984.0,973.0,993,993.006464,200,984,984.00059,3000,0,984,refined,0.0,results/certificates/D_n055_016_a25_046.pkl,28.5,
D_n055_016_a50_047,D,1449.0,1439.0,1451,1451.029633,200,1449,1449.0,3000,0,1449,refined,0.0,results/certificates/D_n055_016_a50_047.pkl,33.7,
D_n055_016_a75_048,D,1491.0,1478.0,1492,1492.846209,200,1491,1491.0,3000,0,1491,refined,0.0,results/certificates/D_n055_016_a75_048.pkl,37.6,
D_n055_017_a25_049,D,773.0,752.0,776,776.396939,200,773,773.0,3000,0,773,refined,0.0,results/certificates/D_n055_017_a25_049.pkl,18.6,
D_n055_017_a50_050,D,1337.0,1227.0,1370,1370.026199,200,1337,1337.0,3000,0,1337,refined,0.0,results/certificates/D_n055_017_a50_050.pkl,16.2,
D_n055_017_a75_051,D,1609.0,1607.0,1610,1610.135747,200,1609,1609.5116,3000,0,1609,refined,0.0,results/certificates/D_n055_017_a75_051.pkl,18.5,
D_n055_018_a25_052,D,973.0,973.0,973,973.813601,200,973,973.000011,3000,0,973,initial,0.0,results/certificates/D_n055_018_a25_052.pkl,28.5,
D_n055_018_a50_053,D,1368.0,1339.0,1375,1375.40093,200,1368,1368.0,3000,0,1368,refined,0.0,results/certificates/D_n055_018_a50_053.pkl,28.3,
D_n055_018_a75_054,D,1614.0,1604.0,1614,1614.558746,200,1614,1614.0,3000,0,1614,initial,0.0,results/certificates/D_n055_018_a75_054.pkl,43.3,
D_n055_019_a25_055,D,1147.0,1147.0,1179,1179.117879,200,1147,1147.000017,3000,0,1147,refined,0.0,results/certificates/D_n055_019_a25_055.pkl,22.6,
D_n055_019_a50_056,D,1920.0,1908.0,1938,1938.960877,200,1920,1920.50857,3000,0,1920,refined,0.0,results/certificates/D_n055_019_a50_056.pkl,19.6,
D_n055_019_a75_057,D,2173.0,2162.0,2174,2174.272197,200,2173,2173.0,3000,0,2173,refined,0.0,results/certificates/D_n055_019_a75_057.pkl,26.2,
D_n055_020_a25_058,D,1157.0,1145.0,1173,1173.659929,200,1157,1157.000457,3000,0,1157,refined,0.0,results/certificates/D_n055_020_a25_058.pkl,20.4,
D_n055_020_a50_059,D,1891.0,1890.0,1891,1891.494379,200,1891,1891.0,3000,0,1891,initial,0.0,results/certificates/D_n055_020_a50_059.pkl,26.9,
D_n055_020_a75_060,D,1958.0,1947.0,1958,1958.925219,200,1958,1958.0,148,1,1958,initial,0.0,results/certificates/D_n055_020_a75_060.pkl,3.5,
D_n060_021_a25_061,D,1084.0,1073.0,1089,1089.463466,200,1084,1084.00011,3000,0,1084,refined,0.0,results/certificates/D_n060_021_a25_061.pkl,49.9,
D_n060_021_a50_062,D,1646.0,1636.0,1648,1648.301544,200,1646,1646.0,3000,0,1646,refined,0.0,results/certificates/D_n060_021_a50_062.pkl,54.2,
D_n060_021_a75_063,D,1700.0,1692.0,1701,1701.705849,200,1700,1700.0,3000,0,1700,refined,0.0,results/certificates/D_n060_021_a75_063.pkl,58.2,
D_n060_022_a25_064,D,1083.0,963.0,1122,1122.5,200,1083,1083.0,3000,0,1083,refined,0.0,results/certificates/D_n060_022_a25_064.pkl,44.8,
D_n060_022_a50_065,D,1777.0,1765.0,1806,1806.149657,200,1787,1787.98339,3000,0,1787,refined,0.5595970900951315,results/certificates/D_n060_022_a50_065.pkl,39.2,
D_n060_022_a75_066,D,1956.0,1953.0,1956,1956.155756,200,1956,1956.0,3000,0,1956,initial,0.0,results/certificates/D_n060_022_a75_066.pkl,48.8,
D_n060_023_a25_067,D,1263.0,1253.0,1273,1273.300519,200,1263,1263.0,3000,0,1263,refined,0.0,results/certificates/D_n060_023_a25_067.pkl,33.5,
D_n060_023_a50_068,D,1767.0,1748.0,1779,1779.540708,200,1768,1768.014728,3000,0,1768,refined,0.056561085972850686,results/certificates/D_n060_023_a50_068.pkl,36.1,
D_n060_023_a75_069,D,2015.0,2001.0,2017,2017.907703,200,2016,2016.00606,3000,0,2016,refined,0.0496031746031746,results/certificates/D_n060_023_a75_069.pkl,51.3,
D_n060_024_a25_070,D,1583.0,1454.0,1588,1588.0,200,1583,1583.0,3000,0,1583,refined,0.0,results/certificates/D_n060_024_a25_070.pkl,39.8,
D_n060_024_a50_071,D,2249.0,2247.0,2261,2261.04773,200,2249,2249.0,3000,0,2249,refined,0.0,results/certificates/D_n060_024_a50_071.pkl,45.6,
D_n060_024_a75_072,D,2387.0,2384.0,2387,2387.212346,200,2387,2387.0,3000,0,2387,initial,0.0,results/certificates/D_n060_024_a75_072.pkl,75.2,
D_n060_025_a25_073,D,1559.0,1457.0,1599,1599.0,200,1562,1562.097628,3000,0,1562,refined,0.19206145966709345,results/certificates/D_n060_025_a25_073.pkl,64.1,
D_n060_025_a50_074,D,2114.0,2113.0,2125,2125.512783,200,2114,2114.0,3000,0,2114,refined,0.0,results/certificates/D_n060_025_a50_074.pkl,56.4,
D_n060_025_a75_075,D,2269.0,2257.0,2270,2270.925401,200,2269,2269.0,3000,0,2269,refined,0.0,results/certificates/D_n060_025_a75_075.pkl,89.3,
D_n065_026_a25_076,D,1185.0,1174.0,1189,1189.903518,200,1185,1185.001963,3000,0,1185,refined,0.0,results/certificates/D_n065_026_a25_076.pkl,57.1,
D_n065_026_a50_077,D,1848.0,1837.0,1850,1850.600756,200,1848,1848.000005,3000,0,1848,refined,0.0,results/certificates/D_n065_026_a50_077.pkl,59.5,
D_n065_026_a75_078,D,1902.0,1893.0,1903,1903.939389,200,1902,1902.0,3000,0,1902,refined,0.0,results/certificates/D_n065_026_a75_078.pkl,64.2,
D_n065_027_a25_079,D,1094.0,963.0,1125,1125.0,200,1094,1094.0,3000,0,1094,refined,0.0,results/certificates/D_n065_027_a25_079.pkl,54.9,
D_n065_027_a50_080,D,1788.0,1766.0,1822,1822.016445,200,1798,1798.507188,3000,0,1798,refined,0.5561735261401557,results/certificates/D_n065_027_a50_080.pkl,46.6,
D_n065_027_a75_081,D,1984.0,1980.0,1985,1985.616398,200,1985,1985.009351,3000,0,1985,initial,0.05037783375314861,results/certificates/D_n065_027_a75_081.pkl,56.5,
D_n065_028_a25_082,D,1383.0,1372.0,1394,1394.767905,200,1387,1387.64547,3000,0,1387,refined,0.2883922134102379,results/certificates/D_n065_028_a25_082.pkl,40.0,
D_n065_028_a50_083,D,1970.0,1965.0,1994,1994.798562,200,1971,1971.001952,3000,0,1971,refined,0.050735667174023336,results/certificates/D_n065_028_a50_083.pkl,55.9,
D_n065_028_a75_084,D,2146.0,2135.0,2147,2147.414638,200,2147,2147.0,57,1,2147,initial,0.04657661853749418,results/certificates/D_n065_028_a75_084.pkl,5.6,
D_n065_029_a25_085,D,1663.0,1645.0,1702,1702.987622,200,1663,1663.001571,3000,0,1663,refined,0.0,results/certificates/D_n065_029_a25_085.pkl,30.9,
D_n065_029_a50_086,D,2449.0,2445.0,2460,2460.287795,200,2450,2450.014502,3000,0,2450,refined,0.04081632653061225,results/certificates/D_n065_029_a50_086.pkl,44.3,
D_n065_029_a75_087,D,2598.0,2594.0,2598,2598.509491,200,2598,2598.0,3000,0,2598,initial,0.0,results/certificates/D_n065_029_a75_087.pkl,75.3,
D_n065_030_a25_088,D,1698.0,1687.0,1734,1734.006343,200,1699,1699.020037,3000,0,1699,refined,0.05885815185403178,results/certificates/D_n065_030_a25_088.pkl,176.8,
D_n065_030_a50_089,D,2337.0,2334.0,2386,2386.833162,200,2341,2341.578833,3000,0,2341,refined,0.17086715079026057,results/certificates/D_n065_030_a50_089.pkl,137.5,
D_n065_030_a75_090,D,2507.0,2485.0,2507,2507.0,65,2507,2507.0,22,1,2507,initial,0.0,results/certificates/D_n065_030_a75_090.pkl,4.6,
D_n070_031_a25_091,D,1276.0,1255.0,1286,1286.316186,200,1276,1276.513655,3000,0,1276,refined,0.0,results/certificates/D_n070_031_a25_091.pkl,105.6,
D_n070_031_a50_092,D,1870.0,1856.0,1875,1875.084094,200,1872,1872.0,337,1,1872,refined,0.10683760683760685,results/certificates/D_n070_031_a50_092.pkl,15.7,
D_n070_031_a75_093,D,1932.0,1923.0,1936,1936.68926,200,1934,1934.044576,3000,0,1934,refined,0.1034126163391934,results/certificates/D_n070_031_a75_093.pkl,143.8,
D_n070_032_a25_094,D,1196.0,1074.0,1234,1234.0,200,1196,1196.000002,3000,0,1196,refined,0.0,results/certificates/D_n070_032_a25_094.pkl,100.3,
D_n070_032_a50_095,D,1908.0,1886.0,1938,1938.799411,200,1918,1918.273321,3000,0,1918,refined,0.5213764337851928,results/certificates/D_n070_032_a50_095.pkl,83.3,
D_n070_032_a75_096,D,2098.0,2091.0,2106,2106.518898,200,2106,2106.079203,3000,0,2106,initial,0.3798670465337132,results/certificates/D_n070_032_a75_096.pkl,102.9,
D_n070_033_a25_097,D,1615.0,1612.0,1636,1636.284778,200,1615,1615.518625,3000,0,1615,refined,0.0,results/certificates/D_n070_033_a25_097.pkl,79.3,
D_n070_033_a50_098,D,2301.0,2287.0,2302,2302.284513,200,2301,2301.0,3000,0,2301,refined,0.0,results/certificates/D_n070_033_a50_098.pkl,81.0,
D_n070_033_a75_099,D,2351.0,2349.0,2351,2351.500925,200,2351,2351.0,3000,0,2351,initial,0.0,results/certificates/D_n070_033_a75_099.pkl,119.4,
D_n070_034_a25_100,D,1845.0,1745.0,1852,1852.0,200,1845,1845.0,3000,0,1845,refined,0.0,results/certificates/D_n070_034_a25_100.pkl,65.8,
D_n070_034_a50_101,D,2738.0,2545.0,2749,2749.920991,200,2739,2739.01218,3000,0,2739,refined,0.03650967506389193,results/certificates/D_n070_034_a50_101.pkl,59.7,
D_n070_034_a75_102,D,2907.0,2895.0,2909,2909.757514,200,2909,2909.016134,3000,0,2909,initial,0.06875214850464077,results/certificates/D_n070_034_a75_102.pkl,121.8,
D_n070_035_a25_103,D,1701.0,1689.0,1734,1734.386039,200,1702,1702.008714,3000,0,1702,refined,0.05875440658049354,results/certificates/D_n070_035_a25_103.pkl,187.7,
D_n070_035_a50_104,D,2350.0,2346.0,2401,2401.754401,200,2354,2354.587023,3000,0,2354,refined,0.16992353440951571,results/certificates/D_n070_035_a50_104.pkl,171.4,
D_n070_035_a75_105,D,2529.0,2508.0,2530,2530.0,62,2530,2530.0,7,1,2530,initial,0.039525691699604744,results/certificates/D_n070_035_a75_105.pkl,4.4,
D_n075_036_a25_106,D,1378.0,1335.0,1417,1417.306866,200,1378,1378.0,3000,0,1378,refined,0.0,results/certificates/D_n075_036_a25_106.pkl,141.3,
D_n075_036_a50_107,D,2101.0,2067.0,2104,2104.053949,200,2102,2102.005575,3000,0,2102,refined,0.04757373929590866,results/certificates/D_n075_036_a50_107.pkl,145.5,
D_n075_036_a75_108,D,2145.0,2136.0,2149,2149.226165,200,2147,2147.021848,3000,0,2147,refined,0.09315323707498836,results/certificates/D_n075_036_a75_108.pkl,180.3,
D_n075_037_a25_109,D,1515.0,1483.0,1544,1544.176073,200,1515,1515.0,3000,0,1515,refined,0.0,results/certificates/D_n075_037_a25_109.pkl,210.8,
D_n075_037_a50_110,D,2229.0,2206.0,2239,2239.306249,200,2230,2230.038971,3000,0,2230,refined,0.04484304932735426,results/certificates/D_n075_037_a50_110.pkl,193.6,
D_n075_037_a75_111,D,2337.0,2317.0,2339,2339.185355,200,2338,2338.0143,3000,0,2338,refined,0.0427715996578272,results/certificates/D_n075_037_a75_111.pkl,217.6,
D_n075_038_a25_112,D,1815.0,1713.0,1860,1860.229482,200,1816,1816.538899,3000,0,1816,refined,0.05506607929515419,results/certificates/D_n075_038_a25_112.pkl,110.2,
D_n075_038_a50_113,D,2522.0,2501.0,2526,2526.260706,200,2522,2522.0,3000,0,2522,refined,0.0,results/certificates/D_n075_038_a50_113.pkl,115.2,
D_n075_038_a75_114,D,2579.0,2567.0,2579,2579.257615,200,2579,2579.0,3000,0,2579,initial,0.0,results/certificates/D_n075_038_a75_114.pkl,127.7,
D_n075_039_a25_115,D,2266.0,1965.0,2279,2279.0,200,2266,2266.0,3000,0,2266,refined,0.0,results/certificates/D_n075_039_a25_115.pkl,128.6,
D_n075_039_a50_116,D,3071.0,2971.0,3084,3084.697831,200,3082,3082.186905,3000,0,3082,refined,0.3569110966904607,results/certificates/D_n075_039_a50_116.pkl,114.3,
D_n075_039_a75_117,D,3114.0,3110.0,3114,3114.631605,200,3114,3114.0,3000,0,3114,initial,0.0,results/certificates/D_n075_039_a75_117.pkl,142.0,
D_n075_040_a25_118,D,1820.0,1799.0,1859,1859.73173,200,1822,1822.034793,3000,0,1822,refined,0.10976948408342481,results/certificates/D_n075_040_a25_118.pkl,388.0,
D_n075_040_a50_119,D,2568.0,2564.0,2618,2618.996326,200,2574,2574.280577,3000,0,2574,refined,0.2331002331002331,results/certificates/D_n075_040_a50_119.pkl,343.4,
D_n075_040_a75_120,D,2749.0,2718.0,2751,2751.0,200,2751,2751.0,43,1,2751,initial,0.07270083605961468,results/certificates/D_n075_040_a75_120.pkl,31.7,
D_n080_041_a25_121,D,1725.0,1695.0,1741,1741.653506,200,1725,1725.511227,3000,0,1725,refined,0.0,results/certificates/D_n080_041_a25_121.pkl,573.7,
D_n080_041_a50_122,D,2229.0,2213.0,2240,2240.94808,200,2234,2234.169783,3000,0,2234,refined,0.22381378692927484,results/certificates/D_n080_041_a50_122.pkl,796.1,
D_n080_041_a75_123,D,2270.0,2264.0,2272,2272.361189,200,2271,2271.013585,3000,0,2271,refined,0.044033465433729636,results/certificates/D_n080_041_a75_123.pkl,741.7,
D_n080_042_a25_124,D,1537.0,1515.0,1587,1587.518396,200,1541,1541.686157,3000,0,1541,refined,0.25957170668397145,results/certificates/D_n080_042_a25_124.pkl,408.4,
D_n080_042_a50_125,D,2378.0,2315.0,2392,2392.250567,200,2381,2381.048254,3000,0,2381,refined,0.125997480050399,results/certificates/D_n080_042_a50_125.pkl,430.4,
D_n080_042_a75_126,D,2468.0,2457.0,2470,2470.093206,200,2469,2469.006614,3000,0,2469,refined,0.04050222762251924,results/certificates/D_n080_042_a75_126.pkl,439.6,
D_n080_043_a25_127,D,2006.0,1902.0,2038,2038.221094,200,2006,2006.517542,3000,0,2006,refined,0.0,results/certificates/D_n080_043_a25_127.pkl,136.6,
D_n080_043_a50_128,D,2723.0,2691.0,2730,2730.224079,200,2724,2724.021706,3000,0,2724,refined,0.03671071953010279,results/certificates/D_n080_043_a50_128.pkl,159.8,
D_n080_043_a75_129,D,2800.0,2787.0,2800,2800.245051,200,2800,2800.0,3000,0,2800,initial,0.0,results/certificates/D_n080_043_a75_129.pkl,169.7,
D_n080_044_a25_130,D,2265.0,1965.0,2318,2318.5,200,2266,2266.037642,3000,0,2266,refined,0.0441306266548985,results/certificates/D_n080_044_a25_130.pkl,236.7,
D_n080_044_a50_131,D,3252.0,3159.0,3278,3278.0,200,3271,3271.493166,3000,0,3271,refined,0.5808621216753286,results/certificates/D_n080_044_a50_131.pkl,142.7,
D_n080_044_a75_132,D,3323.0,3309.0,3326,3326.734782,200,3325,3325.052162,3000,0,3325,refined,0.06015037593984962,results/certificates/D_n080_044_a75_132.pkl,207.8,
D_n080_045_a25_133,D,1910.0,1800.0,1969,1969.513453,200,1910,1910.524919,3000,0,1910,refined,0.0,results/certificates/D_n080_045_a25_133.pkl,289.3,
D_n080_045_a50_134,D,2749.0,2727.0,2795,2795.778009,200,2757,2757.125949,3000,0,2757,refined,0.29017047515415306,results/certificates/D_n080_045_a50_134.pkl,381.7,
D_n080_045_a75_135,D,2952.0,2931.0,2953,2953.0,200,2953,2953.0,10,1,2953,initial,0.033863867253640365,results/certificates/D_n080_045_a75_135.pkl,31.7,
EB_n100_001_a25_001,EB,1609.0,1577.0,1621,1621.002338,200,1609,1609.003206,3000,0,1609,refined,0.0,results/certificates/EB_n100_001_a25_001.pkl,81.4,
EB_n100_001_a50_002,EB,2822.0,2820.0,2857,2857.918652,200,2822,2822.0,3000,0,2822,refined,0.0,results/certificates/EB_n100_001_a50_002.pkl,81.2,
EB_n100_001_a75_003,EB,3115.0,3112.0,3115,3115.267464,200,3115,3115.0,3000,0,3115,initial,0.0,results/certificates/EB_n100_001_a75_003.pkl,85.4,
EB_n100_002_a25_004,EB,1859.0,1748.0,1902,1902.0,200,1859,1859.0,3000,0,1859,refined,0.0,results/certificates/EB_n100_002_a25_004.pkl,42.6,
EB_n100_002_a50_005,EB,3052.0,3029.0,3067,3067.974073,200,3053,3053.02455,3000,0,3053,refined,0.03275466754012447,results/certificates/EB_n100_002_a50_005.pkl,52.0,
EB_n100_002_a75_006,EB,3327.0,3324.0,3327,3327.246152,200,3327,3327.0,3000,0,3327,initial,0.0,results/certificates/EB_n100_002_a75_006.pkl,27.6,
EB_n100_003_a25_007,EB,1616.0,1616.0,1628,1628.052212,200,1616,1616.511198,3000,0,1616,refined,0.0,results/certificates/EB_n100_003_a25_007.pkl,27.5,
EB_n100_003_a50_008,EB,2947.0,2947.0,2960,2960.207905,200,2948,2948.040053,3000,0,2948,refined,0.033921302578018994,results/certificates/EB_n100_003_a50_008.pkl,27.5,
EB_n100_003_a75_009,EB,3277.0,3266.0,3278,3278.143435,200,3277,3277.0,3000,0,3277,refined,0.0,results/certificates/EB_n100_003_a75_009.pkl,31.6,
EB_n100_004_a25_010,EB,2417.0,2107.0,2436,2436.5,200,2417,2417.0,3000,0,2417,refined,0.0,results/certificates/EB_n100_004_a25_010.pkl,17.7,
EB_n100_004_a50_011,EB,3719.0,3688.0,3732,3732.269229,200,3719,3719.0,3000,0,3719,refined,0.0,results/certificates/EB_n100_004_a50_011.pkl,19.2,
EB_n100_004_a75_012,EB,4170.0,4169.0,4170,4170.175741,200,4170,4170.0,3000,0,4170,initial,0.0,results/certificates/EB_n100_004_a75_012.pkl,18.0,
EB_n100_005_a25_013,EB,1917.0,1807.0,1926,1926.0,200,1917,1917.0,3000,0,1917,refined,0.0,results/certificates/EB_n100_005_a25_013.pkl,15.9,
EB_n100_005_a50_014,EB,3310.0,3308.0,3310,3310.116228,200,3310,3310.0,3000,0,3310,initial,0.0,results/certificates/EB_n100_005_a50_014.pkl,15.7,
EB_n100_005_a75_015,EB,3501.0,3489.0,3502,3502.775184,200,3501,3501.0,3000,0,3501,refined,0.0,results/certificates/EB_n100_005_a75_015.pkl,17.1,
EB_n110_006_a25_016,EB,1710.0,1577.0,1746,1746.5,200,1710,1710.0,3000,0,1710,refined,0.0,results/certificates/EB_n110_006_a25_016.pkl,184.1,
EB_n110_006_a50_017,EB,3252.0,3230.0,3283,3283.321606,200,3252,3252.0,3000,0,3252,refined,0.0,results/certificates/EB_n110_006_a50_017.pkl,174.2,
EB_n110_006_a75_018,EB,3611.0,3605.0,3612,3612.075687,200,3611,3611.0,3000,0,3611,refined,0.0,results/certificates/EB_n110_006_a75_018.pkl,185.5,
EB_n110_007_a25_019,EB,2068.0,1946.0,2103,2103.0,200,2068,2068.0,3000,0,2068,refined,0.0,results/certificates/EB_n110_007_a25_019.pkl,45.4,
EB_n110_007_a50_020,EB,3468.0,3429.0,3491,3491.681059,200,3472,3472.12336,3000,0,3472,refined,0.1152073732718894,results/certificates/EB_n110_007_a50_020.pkl,53.4,
EB_n110_007_a75_021,EB,3778.0,3775.0,3778,3778.246153,200,3778,3778.0,3000,0,3778,initial,0.0,results/certificates/EB_n110_007_a75_021.pkl,31.3,
EB_n110_008_a25_022,EB,1825.0,1825.0,1839,1839.462067,200,1825,1825.517874,3000,0,1825,refined,0.0,results/certificates/EB_n110_008_a25_022.pkl,47.1,
EB_n110_008_a50_023,EB,3537.0,3515.0,3541,3541.803282,200,3538,3538.027368,3000,0,3538,refined,0.02826455624646693,results/certificates/EB_n110_008_a50_023.pkl,49.4,
EB_n110_008_a75_024,EB,3808.0,3793.0,3809,3809.31986,200,3808,3808.0,3000,0,3808,refined,0.0,results/certificates/EB_n110_008_a75_024.pkl,48.8,
EB_n110_009_a25_025,EB,2697.0,2396.0,2720,2720.0,200,2697,2697.0,3000,0,2697,refined,0.0,results/certificates/EB_n110_009_a25_025.pkl,33.9,
EB_n110_009_a50_026,EB,4219.0,4188.0,4235,4235.417608,200,4220,4220.020621,3000,0,4220,refined,0.023696682464454978,results/certificates/EB_n110_009_a50_026.pkl,36.4,
EB_n110_009_a75_027,EB,4693.0,4690.0,4693,4693.422669,200,4693,4693.0,3000,0,4693,initial,0.0,results/certificates/EB_n110_009_a75_027.pkl,38.5,
EB_n110_010_a25_028,EB,2128.0,2025.0,2145,2145.0,200,2133,2133.131689,3000,0,2133,refined,0.23441162681669012,results/certificates/EB_n110_010_a25_028.pkl,33.7,
EB_n110_010_a50_029,EB,3639.0,3636.0,3639,3639.502805,200,3639,3639.0,3000,0,3639,initial,0.0,results/certificates/EB_n110_010_a50_029.pkl,32.2,
EB_n110_010_a75_030,EB,3842.0,3828.0,3844,3844.225263,200,3842,3842.0,3000,0,3842,refined,0.0,results/certificates/EB_n110_010_a75_030.pkl,34.2,
EB_n120_011_a25_031,EB,2028.0,2017.0,2057,2057.587603,200,2032,2032.640376,3000,0,2032,refined,0.19685039370078738,results/certificates/EB_n120_011_a25_031.pkl,421.9,
EB_n120_011_a50_032,EB,3865.0,3859.0,3867,3867.107202,200,3865,3865.0,3000,0,3865,refined,0.0,results/certificates/EB_n120_011_a50_032.pkl,396.6,
EB_n120_011_a75_033,EB,4071.0,4067.0,4072,4072.831575,200,4072,4072.009771,3000,0,4072,initial,0.02455795677799607,results/certificates/EB_n120_011_a75_033.pkl,405.8,
EB_n120_012_a25_034,EB,2496.0,2365.0,2543,2543.0,200,2497,2497.040483,3000,0,2497,refined,0.040048057669203045,results/certificates/EB_n120_012_a25_034.pkl,188.7,
EB_n120_012_a50_035,EB,4032.0,3990.0,4058,4058.056997,200,4043,4043.302458,3000,0,4043,refined,0.2720751916893396,results/certificates/EB_n120_012_a50_035.pkl,205.7,
EB_n120_012_a75_036,EB,4220.0,4219.0,4220,4220.069384,200,4220,4220.0,3000,0,4220,initial,0.0,results/certificates/EB_n120_012_a75_036.pkl,73.0,
EB_n120_013_a25_037,EB,2688.0,2588.0,2712,2712.5,200,2692,2692.553725,3000,0,2692,refined,0.1485884101040119,results/certificates/EB_n120_013_a25_037.pkl,80.4,
EB_n120_013_a50_038,EB,4040.0,3999.0,4048,4048.222195,200,4040,4040.0,3000,0,4040,refined,0.0,results/certificates/EB_n120_013_a50_038.pkl,78.2,
EB_n120_013_a75_039,EB,4147.0,4129.0,4148,4148.509079,200,4147,4147.0,3000,0,4147,refined,0.0,results/certificates/EB_n120_013_a75_039.pkl,90.8,
EB_n120_014_a25_040,EB,2707.0,2406.0,2764,2764.5,200,2717,2717.330105,3000,0,2717,refined,0.36805299963194704,results/certificates/EB_n120_014_a25_040.pkl,63.7,
EB_n120_014_a50_041,EB,4549.0,4417.0,4557,4557.980874,200,4549,4549.0,3000,0,4549,refined,0.0,results/certificates/EB_n120_014_a50_041.pkl,66.1,
EB_n120_014_a75_042,EB,5034.0,5030.0,5034,5034.817855,200,5034,5034.0,3000,0,5034,initial,0.0,results/certificates/EB_n120_014_a75_042.pkl,87.0,
EB_n120_015_a25_043,EB,2247.0,2115.0,2282,2282.0,200,2247,2247.0,3000,0,2247,refined,0.0,results/certificates/EB_n120_015_a25_043.pkl,57.0,
EB_n120_015_a50_044,EB,3857.0,3829.0,3883,3883.88808,200,3858,3858.018332,3000,0,3858,refined,0.02592016588906169,results/certificates/EB_n120_015_a50_044.pkl,57.0,
EB_n120_015_a75_045,EB,4268.0,4246.0,4269,4269.042689,200,4268,4268.0,3000,0,4268,refined,0.0,results/certificates/EB_n120_015_a75_045.pkl,60.5,
EB_n130_016_a25_046,EB,2237.0,2225.0,2267,2267.153115,200,2241,2241.62227,3000,0,2241,refined,0.178491744756805,results/certificates/EB_n130_016_a25_046.pkl,492.7,
EB_n130_016_a50_047,EB,4095.0,4079.0,4099,4099.617888,200,4096,4096.036362,3000,0,4096,refined,0.0244140625,results/certificates/EB_n130_016_a50_047.pkl,418.6,
EB_n130_016_a75_048,EB,4329.0,4324.0,4332,4332.965591,200,4332,4332.072774,3000,0,4332,initial,0.06925207756232687,results/certificates/EB_n130_016_a75_048.pkl,482.6,
EB_n130_017_a25_049,EB,2678.0,2527.0,2728,2728.5,200,2679,2679.021276,3000,0,2679,refined,0.03732736095558044,results/certificates/EB_n130_017_a25_049.pkl,432.2,
EB_n130_017_a50_050,EB,4421.0,4390.0,4458,4458.504383,200,4443,4443.612731,3000,0,4443,refined,0.49516092730137296,results/certificates/EB_n130_017_a50_050.pkl,436.1,
EB_n130_017_a75_051,EB,4644.0,4642.0,4644,4644.0,200,4644,4644.0,3000,0,4644,initial,0.0,results/certificates/EB_n130_017_a75_051.pkl,457.3,
EB_n130_018_a25_052,EB,3020.0,2920.0,3028,3028.5,200,3024,3024.570036,3000,0,3024,refined,0.13227513227513227,results/certificates/EB_n130_018_a25_052.pkl,96.3,
EB_n130_018_a50_053,EB,4465.0,4331.0,4479,4479.0,200,4466,4466.026182,3000,0,4466,refined,0.022391401701746527,results/certificates/EB_n130_018_a50_053.pkl,137.9,
EB_n130_018_a75_054,EB,4577.0,4561.0,4580,4580.689581,200,4578,4578.00881,3000,0,4578,refined,0.021843599825251202,results/certificates/EB_n130_018_a75_054.pkl,154.8,
EB_n130_019_a25_055,EB,2807.0,2505.0,2859,2859.5,200,2816,2816.304042,3000,0,2816,refined,0.31960227272727276,results/certificates/EB_n130_019_a25_055.pkl,75.8,
EB_n130_019_a50_056,EB,4769.0,4625.0,4782,4782.442708,200,4769,4769.0,3000,0,4769,refined,0.0,results/certificates/EB_n130_019_a50_056.pkl,78.8,
EB_n130_019_a75_057,EB,5291.0,5288.0,5291,5291.805169,200,5291,5291.0,3000,0,5291,initial,0.0,results/certificates/EB_n130_019_a75_057.pkl,95.4,
EB_n130_020_a25_058,EB,2348.0,2215.0,2392,2392.5,200,2348,2348.000001,3000,0,2348,refined,0.0,results/certificates/EB_n130_020_a25_058.pkl,70.7,
EB_n130_020_a50_059,EB,4058.0,4029.0,4084,4084.764687,200,4060,4060.029862,3000,0,4060,refined,0.04926108374384236,results/certificates/EB_n130_020_a50_059.pkl,67.9,
EB_n130_020_a75_060,EB,4584.0,4547.0,4588,4588.926451,200,4584,4584.0,3000,0,4584,refined,0.0,results/certificates/EB_n130_020_a75_060.pkl,76.7,
EB_n140_021_a25_061,EB,2538.0,2324.0,2585,2585.5,200,2543,2543.129762,3000,0,2543,refined,0.19661816751867872,results/certificates/EB_n140_021_a25_061.pkl,528.0,
EB_n140_021_a50_062,EB,4493.0,4478.0,4539,4539.196364,200,4493,4493.000775,3000,0,4493,refined,0.0,results/certificates/EB_n140_021_a50_062.pkl,445.8,
EB_n140_021_a75_063,EB,4847.0,4840.0,4853,4853.633259,200,4852,4852.078597,3000,0,4852,refined,0.1030502885408079,results/certificates/EB_n140_021_a75_063.pkl,477.7,
EB_n140_022_a25_064,EB,2767.0,2615.0,2834,2834.0,200,2772,2772.69243,3000,0,2772,refined,0.18037518037518038,results/certificates/EB_n140_022_a25_064.pkl,448.6,
EB_n140_022_a50_065,EB,4900.0,4876.0,4939,4939.548116,200,4922,4922.679722,3000,0,4922,refined,0.4469727752945957,results/certificates/EB_n140_022_a50_065.pkl,452.8,
EB_n140_022_a75_066,EB,5175.0,5152.0,5175,5175.5,200,5175,5175.0,3000,0,5175,initial,0.0,results/certificates/EB_n140_022_a75_066.pkl,476.3,
EB_n140_023_a25_067,EB,3339.0,3230.0,3357,3357.0,200,3340,3340.039754,3000,0,3340,refined,0.029940119760479042,results/certificates/EB_n140_023_a25_067.pkl,144.6,
EB_n140_023_a50_068,EB,4919.0,4864.0,4954,4954.897431,200,4920,4920.06362,3000,0,4920,refined,0.02032520325203252,results/certificates/EB_n140_023_a50_068.pkl,215.7,
EB_n140_023_a75_069,EB,5093.0,5088.0,5095,5095.001963,200,5094,5094.015348,3000,0,5094,refined,0.019630938358853555,results/certificates/EB_n140_023_a75_069.pkl,280.2,
EB_n140_024_a25_070,EB,3611.0,3279.0,3669,3669.0,200,3613,3613.019664,3000,0,3613,refined,0.05535566011624688,results/certificates/EB_n140_024_a25_070.pkl,112.5,
EB_n140_024_a50_071,EB,5525.0,5473.0,5543,5543.50254,200,5535,5535.720527,3000,0,5535,refined,0.18066847335140018,results/certificates/EB_n140_024_a50_071.pkl,133.8,
EB_n140_024_a75_072,EB,5661.0,5656.0,5661,5661.758971,200,5661,5661.0,3000,0,5661,initial,0.0,results/certificates/EB_n140_024_a75_072.pkl,145.1,
EB_n140_025_a25_073,EB,2753.0,2638.0,2799,2799.5,200,2753,2753.0,3000,0,2753,refined,0.0,results/certificates/EB_n140_025_a25_073.pkl,110.5,
EB_n140_025_a50_074,EB,4596.0,4542.0,4620,4620.413713,200,4605,4605.18942,3000,0,4605,refined,0.19543973941368079,results/certificates/EB_n140_025_a50_074.pkl,109.2,
EB_n140_025_a75_075,EB,4940.0,4923.0,4942,4942.037856,200,4940,4940.0,3000,0,4940,refined,0.0,results/certificates/EB_n140_025_a75_075.pkl,140.0,
EB_n150_026_a25_076,EB,2550.0,2324.0,2614,2614.5,200,2554,2554.582524,3000,0,2554,refined,0.15661707126076743,results/certificates/EB_n150_026_a25_076.pkl,530.3,
EB_n150_026_a50_077,EB,4811.0,4776.0,4850,4850.31901,200,4811,4811.000671,3000,0,4811,refined,0.0,results/certificates/EB_n150_026_a50_077.pkl,454.9,
EB_n150_026_a75_078,EB,5175.0,5158.0,5186,5186.858527,200,5182,5182.116897,3000,0,5182,refined,0.1350829795445774,results/certificates/EB_n150_026_a75_078.pkl,496.4,
EB_n150_027_a25_079,EB,2771.0,2615.0,2824,2824.0,200,2775,2775.723508,3000,0,2775,refined,0.14414414414414414,results/certificates/EB_n150_027_a25_079.pkl,464.7,
EB_n150_027_a50_080,EB,5040.0,4995.0,5069,5069.034911,200,5043,5043.117867,3000,0,5043,refined,0.0594883997620464,results/certificates/EB_n150_027_a50_080.pkl,473.9,
EB_n150_027_a75_081,EB,5408.0,5387.0,5409,5409.476511,200,5408,5408.0,3000,0,5408,refined,0.0,results/certificates/EB_n150_027_a75_081.pkl,494.1,
EB_n150_028_a25_082,EB,3448.0,3331.0,3465,3465.0,200,3449,3449.039446,3000,0,3449,refined,0.028993911278631487,results/certificates/EB_n150_028_a25_082.pkl,150.9,
EB_n150_028_a50_083,EB,5045.0,4983.0,5088,5088.797039,200,5052,5052.231423,3000,0,5052,refined,0.13855898653998416,results/certificates/EB_n150_028_a50_083.pkl,225.0,
EB_n150_028_a75_084,EB,5329.0,5322.0,5329,5329.599549,200,5329,5329.0,3000,0,5329,initial,0.0,results/certificates/EB_n150_028_a75_084.pkl,290.1,
EB_n150_029_a25_085,EB,4054.0,3732.0,4117,4117.0,200,4054,4054.51645,3000,0,4054,refined,0.0,results/certificates/EB_n150_029_a25_085.pkl,172.8,
EB_n150_029_a50_086,EB,6066.0,6016.0,6085,6085.470735,200,6076,6076.246548,3000,0,6076,refined,0.16458196181698487,results/certificates/EB_n150_029_a50_086.pkl,223.2,
EB_n150_029_a75_087,EB,6185.0,6173.0,6185,6185.204628,200,6185,6185.0,3000,0,6185,initial,0.0,results/certificates/EB_n150_029_a75_087.pkl,241.1,
EB_n150_030_a25_088,EB,2970.0,2747.0,3017,3017.5,200,2970,2970.0,3000,0,2970,refined,0.0,results/certificates/EB_n150_030_a25_088.pkl,162.8,
EB_n150_030_a50_089,EB,4920.0,4886.0,4945,4945.855452,200,4930,4930.827864,3000,0,4930,refined,0.2028397565922921,results/certificates/EB_n150_030_a50_089.pkl,150.6,
EB_n150_030_a75_090,EB,5278.0,5255.0,5284,5284.719412,200,5281,5281.074428,3000,0,5281,refined,0.05680742283658398,results/certificates/EB_n150_030_a75_090.pkl,184.3,
EC_n050_001_a25_001,EC,421.0,420.0,421,421.134248,200,421,421.0,3000,0,421,initial,0.0,results/certificates/EC_n050_001_a25_001.pkl,5.9,
EC_n050_001_a50_002,EC,1103.0,1093.0,1109,1109.623952,200,1103,1103.0,3000,0,1103,refined,0.0,results/certificates/EC_n050_001_a50_002.pkl,6.7,
EC_n050_001_a75_003,EC,1444.0,1443.0,1444,1444.236754,200,1444,1444.0,3000,0,1444,initial,0.0,results/certificates/EC_n050_001_a75_003.pkl,8.2,
EC_n050_002_a25_004,EC,355.0,355.0,355,355.0,63,355,355.0,63,1,355,initial,0.0,results/certificates/EC_n050_002_a25_004.pkl,0.2,
EC_n050_002_a50_005,EC,1136.0,1135.0,1136,1136.726564,200,1136,1136.0,3000,0,1136,initial,0.0,results/certificates/EC_n050_002_a50_005.pkl,4.9,
EC_n050_002_a75_006,EC,1482.0,1480.0,1482,1482.740979,200,1482,1482.341623,3000,0,1482,initial,0.0,results/certificates/EC_n050_002_a75_006.pkl,5.3,
EC_n050_003_a25_007,EC,773.0,773.0,774,774.60907,200,773,773.0,3000,0,773,refined,0.0,results/certificates/EC_n050_003_a25_007.pkl,8.5,
EC_n050_003_a50_008,EC,1350.0,1348.0,1352,1352.769104,200,1350,1350.0,3000,0,1350,refined,0.0,results/certificates/EC_n050_003_a50_008.pkl,6.2,
EC_n050_003_a75_009,EC,1584.0,1583.0,1584,1584.0,44,1584,1584.0,64,1,1584,initial,0.0,results/certificates/EC_n050_003_a75_009.pkl,0.4,
EC_n050_004_a25_010,EC,844.0,834.0,845,845.804405,200,844,844.0,3000,0,844,refined,0.0,results/certificates/EC_n050_004_a25_010.pkl,5.4,
EC_n050_004_a50_011,EC,1885.0,1885.0,1886,1886.310699,200,1885,1885.0,3000,0,1885,refined,0.0,results/certificates/EC_n050_004_a50_011.pkl,5.6,
EC_n050_004_a75_012,EC,2060.0,2059.0,2060,2060.0001,200,2060,2060.0,3000,0,2060,initial,0.0,results/certificates/EC_n050_004_a75_012.pkl,5.7,
EC_n050_005_a25_013,EC,826.0,826.0,826,826.081504,200,826,826.0,3000,0,826,initial,0.0,results/certificates/EC_n050_005_a25_013.pkl,6.7,
EC_n050_005_a50_014,EC,1581.0,1579.0,1593,1593.146523,200,1581,1581.0,3000,0,1581,refined,0.0,results/certificates/EC_n050_005_a50_014.pkl,5.3,
EC_n050_005_a75_015,EC,1727.0,1726.0,1727,1727.463507,200,1727,1727.0,3000,0,1727,initial,0.0,results/certificates/EC_n050_005_a75_015.pkl,6.4,
EC_n055_006_a25_016,EC,634.0,634.0,634,634.009363,200,634,634.0,3000,0,634,initial,0.0,results/certificates/EC_n055_006_a25_016.pkl,7.8,
EC_n055_006_a50_017,EC,1508.0,1497.0,1509,1509.770875,200,1509,1509.008273,3000,0,1509,initial,0.06626905235255136,results/certificates/EC_n055_006_a50_017.pkl,8.9,
EC_n055_006_a75_018,EC,1587.0,1585.0,1587,1587.490616,200,1587,1587.0,3000,0,1587,initial,0.0,results/certificates/EC_n055_006_a75_018.pkl,8.7,
EC_n055_007_a25_019,EC,375.0,375.0,375,375.0,72,375,375.0,72,1,375,initial,0.0,results/certificates/EC_n055_007_a25_019.pkl,0.4,
EC_n055_007_a50_020,EC,1258.0,1257.0,1258,1258.725119,200,1258,1258.0,3000,0,1258,initial,0.0,results/certificates/EC_n055_007_a50_020.pkl,7.5,
EC_n055_007_a75_021,EC,1612.0,1611.0,1612,1612.698458,200,1612,1612.341525,3000,0,1612,initial,0.0,results/certificates/EC_n055_007_a75_021.pkl,6.9,
EC_n055_008_a25_022,EC,773.0,773.0,775,775.361509,200,773,773.0,3000,0,773,refined,0.0,results/certificates/EC_n055_008_a25_022.pkl,16.7,
EC_n055_008_a50_023,EC,1360.0,1358.0,1363,1363.427347,200,1360,1360.0,3000,0,1360,refined,0.0,results/certificates/EC_n055_008_a50_023.pkl,10.3,
EC_n055_008_a75_024,EC,1606.0,1603.0,1606,1606.207441,200,1606,1606.0,3000,0,1606,initial,0.0,results/certificates/EC_n055_008_a75_024.pkl,20.4,
EC_n055_009_a25_025,EC,944.0,934.0,947,947.927392,200,944,944.510722,3000,0,944,refined,0.0,results/certificates/EC_n055_009_a25_025.pkl,6.3,
EC_n055_009_a50_026,EC,1996.0,1995.0,1998,1998.112228,200,1996,1996.0,3000,0,1996,refined,0.0,results/certificates/EC_n055_009_a50_026.pkl,5.9,
EC_n055_009_a75_027,EC,2370.0,2368.0,2370,2370.42346,200,2370,2370.0,3000,0,2370,initial,0.0,results/certificates/EC_n055_009_a75_027.pkl,6.7,
EC_n055_010_a25_028,EC,925.0,925.0,925,925.065844,200,925,925.0,3000,0,925,initial,0.0,results/certificates/EC_n055_010_a25_028.pkl,7.6,
EC_n055_010_a50_029,EC,1791.0,1789.0,1805,1805.367759,200,1791,1791.0,3000,0,1791,refined,0.0,results/certificates/EC_n055_010_a50_029.pkl,6.0,
EC_n055_010_a75_030,EC,2038.0,2037.0,2038,2038.446638,200,2038,2038.0,3000,0,2038,initial,0.0,results/certificates/EC_n055_010_a75_030.pkl,7.3,
EC_n060_011_a25_031,EC,867.0,855.0,871,871.65729,200,867,867.691192,3000,0,867,refined,0.0,results/certificates/EC_n060_011_a25_031.pkl,12.2,
EC_n060_011_a50_032,EC,1662.0,1649.0,1662,1662.998094,200,1662,1662.0,517,1,1662,initial,0.0,results/certificates/EC_n060_011_a50_032.pkl,2.8,
EC_n060_011_a75_033,EC,1712.0,1710.0,1713,1713.0,111,1713,1713.0,25,1,1713,initial,0.05837711617046118,results/certificates/EC_n060_011_a75_033.pkl,0.7,
EC_n060_012_a25_034,EC,894.0,885.0,897,897.727433,200,894,894.0,3000,0,894,refined,0.0,results/certificates/EC_n060_012_a25_034.pkl,15.3,
EC_n060_012_a50_035,EC,1710.0,1699.0,1710,1710.467943,200,1710,1710.0,55,1,1710,initial,0.0,results/certificates/EC_n060_012_a50_035.pkl,1.7,
EC_n060_012_a75_036,EC,1757.0,1756.0,1757,1757.141714,200,1757,1757.0,3000,0,1757,initial,0.0,results/certificates/EC_n060_012_a75_036.pkl,20.7,
EC_n060_013_a25_037,EC,1082.0,1062.0,1082,1082.515916,200,1082,1082.0,3000,0,1082,initial,0.0,results/certificates/EC_n060_013_a25_037.pkl,19.6,
EC_n060_013_a50_038,EC,1744.0,1742.0,1746,1746.086564,200,1744,1744.0,3000,0,1744,refined,0.0,results/certificates/EC_n060_013_a50_038.pkl,18.2,
EC_n060_013_a75_039,EC,2017.0,2014.0,2017,2017.0,62,2017,2017.0,29,1,2017,initial,0.0,results/certificates/EC_n060_013_a75_039.pkl,0.7,
EC_n060_014_a25_040,EC,1037.0,1026.0,1040,1040.954779,200,1037,1037.0,3000,0,1037,refined,0.0,results/certificates/EC_n060_014_a25_040.pkl,8.4,
EC_n060_014_a50_041,EC,2215.0,2205.0,2219,2219.883958,200,2215,2215.0,3000,0,2215,refined,0.0,results/certificates/EC_n060_014_a50_041.pkl,8.3,
EC_n060_014_a75_042,EC,2474.0,2473.0,2476,2476.0,111,2476,2476.0,39,1,2476,initial,0.08077544426494346,results/certificates/EC_n060_014_a75_042.pkl,0.6,
EC_n060_015_a25_043,EC,1075.0,1075.0,1075,1075.46362,200,1075,1075.0,3000,0,1075,initial,0.0,results/certificates/EC_n060_015_a25_043.pkl,10.5,
EC_n060_015_a50_044,EC,2102.0,2101.0,2102,2102.203725,200,2102,2102.0,3000,0,2102,initial,0.0,results/certificates/EC_n060_015_a50_044.pkl,8.5,
EC_n060_015_a75_045,EC,2187.0,2177.0,2188,2188.401835,200,2188,2188.000942,3000,0,2188,initial,0.04570383912248629,results/certificates/EC_n060_015_a75_045.pkl,9.8,
EC_n065_016_a25_046,EC,867.0,855.0,872,872.261107,200,867,867.678451,3000,0,867,refined,0.0,results/certificates/EC_n065_016_a25_046.pkl,19.7,
EC_n065_016_a50_047,EC,1853.0,1839.0,1854,1854.374579,200,1853,1853.0,3000,0,1853,refined,0.0,results/certificates/EC_n065_016_a50_047.pkl,20.3,
EC_n065_016_a75_048,EC,1921.0,1916.0,1922,1922.660165,200,1922,1922.01133,3000,0,1922,initial,0.052029136316337155,results/certificates/EC_n065_016_a75_048.pkl,20.1,
EC_n065_017_a25_049,EC,993.0,984.0,994,994.434248,200,993,993.0,3000,0,993,refined,0.0,results/certificates/EC_n065_017_a25_049.pkl,18.8,
EC_n065_017_a50_050,EC,1900.0,1888.0,1910,1910.623359,200,1909,1909.038777,3000,0,1909,refined,0.47145102147721324,results/certificates/EC_n065_017_a50_050.pkl,23.8,
EC_n065_017_a75_051,EC,1967.0,1966.0,1968,1968.316608,200,1968,1968.01203,3000,0,1968,initial,0.05081300813008131,results/certificates/EC_n065_017_a75_051.pkl,25.6,
EC_n065_018_a25_052,EC,1183.0,1164.0,1190,1190.797392,200,1183,1183.50899,3000,0,1183,refined,0.0,results/certificates/EC_n065_018_a25_052.pkl,19.6,
EC_n065_018_a50_053,EC,1883.0,1862.0,1894,1894.513301,200,1888,1888.136972,3000,0,1888,refined,0.26483050847457623,results/certificates/EC_n065_018_a50_053.pkl,34.6,
EC_n065_018_a75_054,EC,2146.0,2144.0,2146,2146.255206,200,2146,2146.0,3000,0,2146,initial,0.0,results/certificates/EC_n065_018_a75_054.pkl,29.5,
EC_n065_019_a25_055,EC,1372.0,1372.0,1372,1372.084888,200,1372,1372.0,3000,0,1372,initial,0.0,results/certificates/EC_n065_019_a25_055.pkl,13.7,
EC_n065_019_a50_056,EC,2352.0,2351.0,2361,2361.281361,200,2352,2352.0,3000,0,2352,refined,0.0,results/certificates/EC_n065_019_a50_056.pkl,14.0,
EC_n065_019_a75_057,EC,2599.0,2596.0,2599,2599.39666,200,2599,2599.0,3000,0,2599,initial,0.0,results/certificates/EC_n065_019_a75_057.pkl,15.6,
EC_n065_020_a25_058,EC,1075.0,1075.0,1076,1076.456408,200,1075,1075.00001,3000,0,1075,refined,0.0,results/certificates/EC_n065_020_a25_058.pkl,22.6,
EC_n065_020_a50_059,EC,2299.0,2298.0,2301,2301.218966,200,2301,2301.032958,3000,0,2301,initial,0.0869187309865276,results/certificates/EC_n065_020_a50_059.pkl,24.5,
EC_n065_020_a75_060,EC,2487.0,2467.0,2488,2488.669718,200,2487,2487.0,3000,0,2487,refined,0.0,results/certificates/EC_n065_020_a75_060.pkl,17.6,
EC_n070_021_a25_061,EC,868.0,856.0,879,879.687763,200,868,868.680553,3000,0,868,refined,0.0,results/certificates/EC_n070_021_a25_061.pkl,24.0,
EC_n070_021_a50_062,EC,1953.0,1939.0,1955,1955.427638,200,1953,1953.0,3000,0,1953,refined,0.0,results/certificates/EC_n070_021_a50_062.pkl,26.5,
EC_n070_021_a75_063,EC,2031.0,2027.0,2033,2033.628859,200,2033,2033.033962,3000,0,2033,initial,0.0983767830791933,results/certificates/EC_n070_021_a75_063.pkl,25.3,
EC_n070_022_a25_064,EC,1093.0,973.0,1102,1102.0,200,1093,1093.0,3000,0,1093,refined,0.0,results/certificates/EC_n070_022_a25_064.pkl,37.2,
EC_n070_022_a50_065,EC,2018.0,2007.0,2019,2019.402089,200,2019,2019.006494,3000,0,2019,initial,0.04952947003467063,results/certificates/EC_n070_022_a50_065.pkl,49.0,
EC_n070_022_a75_066,EC,2099.0,2088.0,2100,2100.52973,200,2099,2099.0,3000,0,2099,refined,0.0,results/certificates/EC_n070_022_a75_066.pkl,48.0,
EC_n070_023_a25_067,EC,1496.0,1475.0,1511,1511.649961,200,1501,1501.088708,3000,0,1501,refined,0.3331112591605596,results/certificates/EC_n070_023_a25_067.pkl,33.4,
EC_n070_023_a50_068,EC,2206.0,2202.0,2233,2233.886429,200,2216,2216.175527,3000,0,2216,refined,0.45126353790613716,results/certificates/EC_n070_023_a50_068.pkl,34.7,
EC_n070_023_a75_069,EC,2359.0,2359.0,2359,2359.0,200,2359,2359.0,3000,0,2359,initial,0.0,results/certificates/EC_n070_023_a75_069.pkl,52.7,
EC_n070_024_a25_070,EC,1671.0,1571.0,1672,1672.333333,200,1671,1671.0,549,1,1671,refined,0.0,results/certificates/EC_n070_024_a25_070.pkl,4.9,
EC_n070_024_a50_071,EC,2752.0,2750.0,2753,2753.634161,200,2752,2752.0,3000,0,2752,refined,0.0,results/certificates/EC_n070_024_a50_071.pkl,16.7,
EC_n070_024_a75_072,EC,3007.0,3005.0,3008,3008.275472,200,3008,3008.003563,3000,0,3008,initial,0.03324468085106383,results/certificates/EC_n070_024_a75_072.pkl,16.1,
EC_n070_025_a25_073,EC,1374.0,1374.0,1376,1376.318945,200,1374,1374.0,3000,0,1374,refined,0.0,results/certificates/EC_n070_025_a25_073.pkl,29.9,
EC_n070_025_a50_074,EC,2346.0,2344.0,2369,2369.441798,200,2346,2346.003945,3000,0,2346,refined,0.0,results/certificates/EC_n070_025_a50_074.pkl,24.6,
EC_n070_025_a75_075,EC,2599.0,2579.0,2602,2602.946358,200,2599,2599.0,3000,0,2599,refined,0.0,results/certificates/EC_n070_025_a75_075.pkl,24.1,
EC_n075_026_a25_076,EC,879.0,866.0,888,888.486142,200,879,879.000058,3000,0,879,refined,0.0,results/certificates/EC_n075_026_a25_076.pkl,47.3,
EC_n075_026_a50_077,EC,1970.0,1958.0,1975,1975.113308,200,1970,1970.523503,3000,0,1970,refined,0.0,results/certificates/EC_n075_026_a50_077.pkl,46.4,
EC_n075_026_a75_078,EC,2053.0,2049.0,2055,2055.416301,200,2055,2055.006212,3000,0,2055,initial,0.09732360097323602,results/certificates/EC_n075_026_a75_078.pkl,48.7,
EC_n075_027_a25_079,EC,1304.0,1275.0,1317,1317.772697,200,1305,1305.030849,3000,0,1305,refined,0.07662835249042146,results/certificates/EC_n075_027_a25_079.pkl,98.9,
EC_n075_027_a50_080,EC,2145.0,2133.0,2147,2147.829569,200,2145,2145.513048,3000,0,2145,refined,0.0,results/certificates/EC_n075_027_a50_080.pkl,87.6,
EC_n075_027_a75_081,EC,2221.0,2220.0,2222,2222.564532,200,2222,2222.010942,3000,0,2222,initial,0.045004500450045004,results/certificates/EC_n075_027_a75_081.pkl,92.0,
EC_n075_028_a25_082,EC,1697.0,1567.0,1727,1727.333333,200,1702,1702.147754,3000,0,1702,refined,0.2937720329024677,results/certificates/EC_n075_028_a25_082.pkl,97.6,
EC_n075_028_a50_083,EC,2435.0,2413.0,2459,2459.167303,200,2436,2436.026018,3000,0,2436,refined,0.041050903119868636,results/certificates/EC_n075_028_a50_083.pkl,62.6,
EC_n075_028_a75_084,EC,2581.0,2581.0,2581,2581.0,200,2581,2581.0,3000,0,2581,initial,0.0,results/certificates/EC_n075_028_a75_084.pkl,123.0,
EC_n075_029_a25_085,EC,1755.0,1555.0,1780,1780.0,200,1755,1755.0,3000,0,1755,refined,0.0,results/certificates/EC_n075_029_a25_085.pkl,34.0,
EC_n075_029_a50_086,EC,2982.0,2850.0,2991,2991.180328,200,2983,2983.026079,3000,0,2983,refined,0.03352329869259135,results/certificates/EC_n075_029_a50_086.pkl,27.2,
EC_n075_029_a75_087,EC,3221.0,3217.0,3221,3221.515245,200,3221,3221.0,3000,0,3221,initial,0.0,results/certificates/EC_n075_029_a75_087.pkl,29.9,
EC_n075_030_a25_088,EC,1484.0,1475.0,1488,1488.958499,200,1484,1484.000002,3000,0,1484,refined,0.0,results/certificates/EC_n075_030_a25_088.pkl,54.2,
EC_n075_030_a50_089,EC,2456.0,2452.0,2478,2478.982829,200,2464,2464.226586,3000,0,2464,refined,0.3246753246753247,results/certificates/EC_n075_030_a50_089.pkl,37.6,
EC_n075_030_a75_090,EC,2720.0,2709.0,2722,2722.161686,200,2720,2720.0,3000,0,2720,refined,0.0,results/certificates/EC_n075_030_a75_090.pkl,36.5,
EC_n080_031_a25_091,EC,1068.0,1055.0,1079,1079.492434,200,1068,1068.342833,3000,0,1068,refined,0.0,results/certificates/EC_n080_031_a25_091.pkl,47.8,
EC_n080_031_a50_092,EC,2180.0,2168.0,2184,2184.776477,200,2180,2180.523112,3000,0,2180,refined,0.0,results/certificates/EC_n080_031_a50_092.pkl,49.1,
EC_n080_031_a75_093,EC,2364.0,2351.0,2366,2366.275215,200,2365,2365.015906,3000,0,2365,refined,0.042283298097251586,results/certificates/EC_n080_031_a75_093.pkl,51.0,
EC_n080_032_a25_094,EC,1423.0,1295.0,1464,1464.333333,200,1424,1424.027315,3000,0,1424,refined,0.0702247191011236,results/certificates/EC_n080_032_a25_094.pkl,107.0,
EC_n080_032_a50_095,EC,2275.0,2262.0,2312,2312.762203,200,2283,2283.164191,3000,0,2283,refined,0.3504161191414805,results/certificates/EC_n080_032_a50_095.pkl,92.6,
EC_n080_032_a75_096,EC,2450.0,2449.0,2450,2450.509707,200,2450,2450.0,3000,0,2450,initial,0.0,results/certificates/EC_n080_032_a75_096.pkl,103.5,
EC_n080_033_a25_097,EC,1806.0,1667.0,1839,1839.666667,200,1811,1811.186961,3000,0,1811,refined,0.27609055770292656,results/certificates/EC_n080_033_a25_097.pkl,75.4,
EC_n080_033_a50_098,EC,2646.0,2623.0,2676,2676.200382,200,2646,2646.000004,3000,0,2646,refined,0.0,results/certificates/EC_n080_033_a50_098.pkl,68.6,
EC_n080_033_a75_099,EC,2802.0,2801.0,2802,2802.141803,200,2802,2802.0,3000,0,2802,initial,0.0,results/certificates/EC_n080_033_a75_099.pkl,129.6,
EC_n080_034_a25_100,EC,1858.0,1556.0,1865,1865.666667,200,1858,1858.0,3000,0,1858,refined,0.0,results/certificates/EC_n080_034_a25_100.pkl,43.5,
EC_n080_034_a50_101,EC,3174.0,3051.0,3184,3184.253886,200,3175,3175.024986,3000,0,3175,refined,0.031496062992125984,results/certificates/EC_n080_034_a50_101.pkl,33.3,
EC_n080_034_a75_102,EC,3424.0,3419.0,3424,3424.238439,200,3424,3424.0,3000,0,3424,initial,0.0,results/certificates/EC_n080_034_a75_102.pkl,40.5,
EC_n080_035_a25_103,EC,1585.0,1584.0,1594,1594.918221,200,1589,1589.108315,3000,0,1589,refined,0.25173064820641916,results/certificates/EC_n080_035_a25_103.pkl,32.9,
EC_n080_035_a50_104,EC,2667.0,2665.0,2694,2694.174637,200,2676,2676.260926,3000,0,2676,refined,0.336322869955157,results/certificates/EC_n080_035_a50_104.pkl,43.6,
EC_n080_035_a75_105,EC,2932.0,2919.0,2935,2935.91445,200,2932,2932.0,3000,0,2932,refined,0.0,results/certificates/EC_n080_035_a75_105.pkl,45.0,
ED_n040_001_a25_001,ED,412.0,412.0,412,412.0,71,412,412.0,71,1,412,initial,0.0,results/certificates/ED_n040_001_a25_001.pkl,0.3,
ED_n040_001_a50_002,ED,948.0,947.0,948,948.487822,200,948,948.0,3000,0,948,initial,0.0,results/certificates/ED_n040_001_a50_002.pkl,6.1,
ED_n040_001_a75_003,ED,1201.0,1200.0,1201,1201.120308,200,1201,1201.0,3000,0,1201,initial,0.0,results/certificates/ED_n040_001_a75_003.pkl,7.5,
ED_n040_002_a25_004,ED,212.0,212.0,212,212.0,33,212,212.0,33,1,212,initial,0.0,results/certificates/ED_n040_002_a25_004.pkl,0.1,
ED_n040_002_a50_005,ED,772.0,761.0,780,780.15966,200,772,772.0,3000,0,772,refined,0.0,results/certificates/ED_n040_002_a50_005.pkl,4.5,
ED_n040_002_a75_006,ED,1026.0,927.0,1040,1040.364173,200,1026,1026.0,3000,0,1026,refined,0.0,results/certificates/ED_n040_002_a75_006.pkl,4.9,
ED_n040_003_a25_007,ED,352.0,342.0,353,353.154556,200,352,352.0,3000,0,352,refined,0.0,results/certificates/ED_n040_003_a25_007.pkl,6.2,
ED_n040_003_a50_008,ED,994.0,994.0,994,994.380347,200,994,994.0,3000,0,994,initial,0.0,results/certificates/ED_n040_003_a50_008.pkl,6.1,
ED_n040_003_a75_009,ED,1138.0,1128.0,1140,1140.494767,200,1138,1138.0,3000,0,1138,refined,0.0,results/certificates/ED_n040_003_a75_009.pkl,6.0,
ED_n040_004_a25_010,ED,422.0,422.0,422,422.0,200,422,422.0,3000,0,422,initial,0.0,results/certificates/ED_n040_004_a25_010.pkl,7.4,
ED_n040_004_a50_011,ED,1154.0,1144.0,1167,1167.979178,200,1164,1164.241432,3000,0,1164,refined,0.859106529209622,results/certificates/ED_n040_004_a50_011.pkl,5.3,
ED_n040_004_a75_012,ED,1526.0,1515.0,1526,1526.0,73,1526,1526.0,29,1,1526,initial,0.0,results/certificates/ED_n040_004_a75_012.pkl,0.3,
ED_n040_005_a25_013,ED,445.0,435.0,449,449.277497,200,445,445.0,3000,0,445,refined,0.0,results/certificates/ED_n040_005_a25_013.pkl,6.5,
ED_n040_005_a50_014,ED,1161.0,1149.0,1174,1174.22038,200,1161,1161.0,3000,0,1161,refined,0.0,results/certificates/ED_n040_005_a50_014.pkl,6.0,
ED_n040_005_a75_015,ED,1466.0,1465.0,1466,1466.289848,200,1466,1466.0,3000,0,1466,initial,0.0,results/certificates/ED_n040_005_a75_015.pkl,6.4,
ED_n045_006_a25_016,ED,523.0,523.0,523,523.0,77,523,523.0,77,1,523,initial,0.0,results/certificates/ED_n045_006_a25_016.pkl,0.7,
ED_n045_006_a50_017,ED,1099.0,1087.0,1099,1099.562855,200,1099,1099.0,3000,0,1099,initial,0.0,results/certificates/ED_n045_006_a50_017.pkl,14.9,
ED_n045_006_a75_018,ED,1244.0,1243.0,1244,1244.030915,200,1244,1244.0,3000,0,1244,initial,0.0,results/certificates/ED_n045_006_a75_018.pkl,15.3,
ED_n045_007_a25_019,ED,253.0,253.0,253,253.0,15,253,253.0,15,1,253,initial,0.0,results/certificates/ED_n045_007_a25_019.pkl,0.1,
ED_n045_007_a50_020,ED,914.0,804.0,927,927.432432,200,914,914.0,3000,0,914,refined,0.0,results/certificates/ED_n045_007_a50_020.pkl,6.5,
ED_n045_007_a75_021,ED,1278.0,1277.0,1289,1289.889524,200,1278,1278.0,3000,0,1278,refined,0.0,results/certificates/ED_n045_007_a75_021.pkl,7.5,
ED_n045_008_a25_022,ED,732.0,732.0,732,732.283709,200,732,732.0,3000,0,732,initial,0.0,results/certificates/ED_n045_008_a25_022.pkl,12.0,
ED_n045_008_a50_023,ED,1326.0,1313.0,1328,1328.535739,200,1326,1326.0,3000,0,1326,refined,0.0,results/certificates/ED_n045_008_a50_023.pkl,7.9,
ED_n045_008_a75_024,ED,1471.0,1471.0,1472,1472.0,20,1472,1472.0,20,1,1472,initial,0.06793478260869565,results/certificates/ED_n045_008_a75_024.pkl,0.4,
ED_n045_009_a25_025,ED,843.0,743.0,846,846.25,200,843,843.0,3000,0,843,refined,0.0,results/certificates/ED_n045_009_a25_025.pkl,14.3,
ED_n045_009_a50_026,ED,1487.0,1486.0,1500,1500.253794,200,1487,1487.0,3000,0,1487,refined,0.0,results/certificates/ED_n045_009_a50_026.pkl,11.3,
ED_n045_009_a75_027,ED,1650.0,1638.0,1651,1651.525801,200,1650,1650.0,3000,0,1650,refined,0.0,results/certificates/ED_n045_009_a75_027.pkl,16.2,
ED_n045_010_a25_028,ED,813.0,813.0,813,813.090638,200,813,813.0,3000,0,813,initial,0.0,results/certificates/ED_n045_010_a25_028.pkl,8.4,
ED_n045_010_a50_029,ED,1449.0,1449.0,1454,1454.042508,200,1449,1449.0,3000,0,1449,refined,0.0,results/certificates/ED_n045_010_a50_029.pkl,10.1,
ED_n045_010_a75_030,ED,1596.0,1595.0,1596,1596.180595,200,1596,1596.0,3000,0,1596,initial,0.0,results/certificates/ED_n045_010_a75_030.pkl,10.3,
ED_n050_011_a25_031,ED,623.0,623.0,623,623.0,32,623,623.0,32,1,623,initial,0.0,results/certificates/ED_n050_011_a25_031.pkl,0.4,
ED_n050_011_a50_032,ED,1306.0,1295.0,1306,1306.69668,200,1306,1306.0,3000,0,1306,initial,0.0,results/certificates/ED_n050_011_a50_032.pkl,19.3,
ED_n050_011_a75_033,ED,1464.0,1462.0,1464,1464.0,43,1464,1464.0,73,1,1464,initial,0.0,results/certificates/ED_n050_011_a75_033.pkl,1.0,
ED_n050_012_a25_034,ED,354.0,353.0,354,354.0,74,354,354.0,153,1,354,initial,0.0,results/certificates/ED_n050_012_a25_034.pkl,0.9,
ED_n050_012_a50_035,ED,1014.0,903.0,1034,1034.449304,200,1015,1015.023209,3000,0,1015,refined,0.09852216748768472,results/certificates/ED_n050_012_a50_035.pkl,8.9,
ED_n050_012_a75_036,ED,1378.0,1376.0,1400,1400.117335,200,1378,1378.0,3000,0,1378,refined,0.0,results/certificates/ED_n050_012_a75_036.pkl,9.6,
ED_n050_013_a25_037,ED,742.0,742.0,742,742.923484,200,742,742.0,3000,0,742,initial,0.0,results/certificates/ED_n050_013_a25_037.pkl,15.0,
ED_n050_013_a50_038,ED,1337.0,1323.0,1340,1340.763897,200,1338,1338.033168,3000,0,1338,refined,0.07473841554559044,results/certificates/ED_n050_013_a50_038.pkl,12.6,
ED_n050_013_a75_039,ED,1582.0,1570.0,1582,1582.0,51,1582,1582.0,56,1,1582,initial,0.0,results/certificates/ED_n050_013_a75_039.pkl,0.8,
ED_n050_014_a25_040,ED,1034.0,843.0,1034,1034.0,200,1034,1034.0,414,1,1034,initial,0.0,results/certificates/ED_n050_014_a25_040.pkl,3.2,
ED_n050_014_a50_041,ED,1787.0,1686.0,1804,1804.608392,200,1797,1797.175394,3000,0,1797,refined,0.5564830272676683,results/certificates/ED_n050_014_a50_041.pkl,13.2,
ED_n050_014_a75_042,ED,2058.0,2039.0,2059,2059.604644,200,2058,2058.0,3000,0,2058,refined,0.0,results/certificates/ED_n050_014_a75_042.pkl,17.8,
ED_n050_015_a25_043,ED,852.0,852.0,853,853.598089,200,853,853.010768,3000,0,853,initial,0.11723329425556857,results/certificates/ED_n050_015_a25_043.pkl,17.3,
ED_n050_015_a50_044,ED,1482.0,1482.0,1505,1505.866101,200,1483,1483.010538,3000,0,1483,refined,0.06743088334457181,results/certificates/ED_n050_015_a50_044.pkl,19.4,
ED_n050_015_a75_045,ED,1626.0,1626.0,1626,1626.000669,200,1626,1626.0,3000,0,1626,initial,0.0,results/certificates/ED_n050_015_a75_045.pkl,17.2,
ED_n055_016_a25_046,ED,845.0,832.0,848,848.595786,200,845,845.0,3000,0,845,refined,0.0,results/certificates/ED_n055_016_a25_046.pkl,28.3,
ED_n055_016_a50_047,ED,1447.0,1436.0,1448,1448.26815,200,1447,1447.0,3000,0,1447,refined,0.0,results/certificates/ED_n055_016_a50_047.pkl,31.2,
ED_n055_016_a75_048,ED,1488.0,1483.0,1489,1489.986499,200,1488,1488.0,3000,0,1488,refined,0.0,results/certificates/ED_n055_016_a75_048.pkl,35.5,
ED_n055_017_a25_049,ED,364.0,363.0,364,364.0,96,364,364.0,53,1,364,initial,0.0,results/certificates/ED_n055_017_a25_049.pkl,0.9,
ED_n055_017_a50_050,ED,1135.0,1024.0,1156,1156.562977,200,1136,1136.020979,3000,0,1136,refined,0.08802816901408451,results/certificates/ED_n055_017_a50_050.pkl,12.3,
ED_n055_017_a75_051,ED,1489.0,1488.0,1522,1522.370058,200,1489,1489.0,3000,0,1489,refined,0.0,results/certificates/ED_n055_017_a75_051.pkl,12.4,
ED_n055_018_a25_052,ED,742.0,742.0,744,744.108197,200,742,742.0,3000,0,742,refined,0.0,results/certificates/ED_n055_018_a25_052.pkl,31.0,
ED_n055_018_a50_053,ED,1348.0,1333.0,1352,1352.126996,200,1348,1348.0,3000,0,1348,refined,0.0,results/certificates/ED_n055_018_a50_053.pkl,23.0,
ED_n055_018_a75_054,ED,1601.0,1590.0,1602,1602.981029,200,1602,1602.013819,3000,0,1602,initial,0.062421972534332085,results/certificates/ED_n055_018_a75_054.pkl,36.3,
ED_n055_019_a25_055,ED,1036.0,845.0,1040,1040.0,200,1036,1036.0,274,1,1036,refined,0.0,results/certificates/ED_n055_019_a25_055.pkl,3.6,
ED_n055_019_a50_056,ED,1897.0,1786.0,1914,1914.190789,200,1907,1907.075602,3000,0,1907,refined,0.5243838489774515,results/certificates/ED_n055_019_a50_056.pkl,16.4,
ED_n055_019_a75_057,ED,2169.0,2151.0,2171,2171.662431,200,2170,2170.011258,3000,0,2170,refined,0.04608294930875576,results/certificates/ED_n055_019_a75_057.pkl,24.8,
ED_n055_020_a25_058,ED,963.0,963.0,964,964.391728,200,964,964.009165,3000,0,964,initial,0.1037344398340249,results/certificates/ED_n055_020_a25_058.pkl,29.1,
ED_n055_020_a50_059,ED,1790.0,1789.0,1807,1807.642511,200,1790,1790.0,3000,0,1790,refined,0.0,results/certificates/ED_n055_020_a50_059.pkl,24.3,
ED_n055_020_a75_060,ED,1954.0,1944.0,1955,1955.554443,200,1955,1955.0,27,1,1955,initial,0.051150895140664954,results/certificates/ED_n055_020_a75_060.pkl,2.0,
ED_n060_021_a25_061,ED,846.0,832.0,850,850.951186,200,846,846.0,3000,0,846,refined,0.0,results/certificates/ED_n060_021_a25_061.pkl,41.5,
ED_n060_021_a50_062,ED,1637.0,1624.0,1639,1639.811844,200,1637,1637.000001,3000,0,1637,refined,0.0,results/certificates/ED_n060_021_a50_062.pkl,50.6,
ED_n060_021_a75_063,ED,1698.0,1691.0,1700,1700.482308,200,1699,1699.029751,3000,0,1699,refined,0.05885815185403178,results/certificates/ED_n060_021_a75_063.pkl,58.4,
ED_n060_022_a25_064,ED,864.0,845.0,865,865.640967,200,864,864.0,376,1,864,refined,0.0,results/certificates/ED_n060_022_a25_064.pkl,4.6,
ED_n060_022_a50_065,ED,1737.0,1725.0,1773,1773.735004,200,1764,1764.461331,3000,0,1764,refined,1.530612244897959,results/certificates/ED_n060_022_a50_065.pkl,37.3,
ED_n060_022_a75_066,ED,1944.0,1921.0,1956,1956.0,200,1954,1954.103308,3000,0,1954,refined,0.511770726714432,results/certificates/ED_n060_022_a75_066.pkl,42.3,
ED_n060_023_a25_067,ED,1050.0,1030.0,1051,1051.0,113,1051,1051.0,30,1,1051,initial,0.09514747859181732,results/certificates/ED_n060_023_a25_067.pkl,1.5,
ED_n060_023_a50_068,ED,1736.0,1725.0,1741,1741.64053,200,1737,1737.017352,3000,0,1737,refined,0.05757052389176742,results/certificates/ED_n060_023_a50_068.pkl,31.3,
ED_n060_023_a75_069,ED,2002.0,1991.0,2004,2004.013692,200,2002,2002.0,3000,0,2002,refined,0.0,results/certificates/ED_n060_023_a75_069.pkl,32.5,
ED_n060_024_a25_070,ED,1253.0,1134.0,1297,1297.25,200,1253,1253.0,3000,0,1253,refined,0.0,results/certificates/ED_n060_024_a25_070.pkl,52.1,
ED_n060_024_a50_071,ED,2138.0,2037.0,2156,2156.228723,200,2139,2139.019949,3000,0,2139,refined,0.04675081813931744,results/certificates/ED_n060_024_a50_071.pkl,41.6,
ED_n060_024_a75_072,ED,2383.0,2381.0,2386,2386.695114,200,2386,2386.042677,3000,0,2386,initial,0.12573344509639564,results/certificates/ED_n060_024_a75_072.pkl,51.6,
ED_n060_025_a25_073,ED,1346.0,1124.0,1363,1363.5,200,1346,1346.0,3000,0,1346,refined,0.0,results/certificates/ED_n060_025_a25_073.pkl,67.6,
ED_n060_025_a50_074,ED,2014.0,2013.0,2057,2057.331373,200,2014,2014.701595,3000,0,2014,refined,0.0,results/certificates/ED_n060_025_a50_074.pkl,65.1,
ED_n060_025_a75_075,ED,2268.0,2248.0,2268,2268.36364,200,2268,2268.0,3000,0,2268,initial,0.0,results/certificates/ED_n060_025_a75_075.pkl,76.4,
ED_n065_026_a25_076,ED,858.0,833.0,863,863.459647,200,858,858.0,3000,0,858,refined,0.0,results/certificates/ED_n065_026_a25_076.pkl,51.1,
ED_n065_026_a50_077,ED,1838.0,1826.0,1841,1841.035154,200,1838,1838.0,3000,0,1838,refined,0.0,results/certificates/ED_n065_026_a50_077.pkl,51.5,
ED_n065_026_a75_078,ED,1900.0,1892.0,1902,1902.841742,200,1901,1901.018865,3000,0,1901,refined,0.052603892688058915,results/certificates/ED_n065_026_a75_078.pkl,67.3,
ED_n065_027_a25_079,ED,874.0,855.0,879,879.874895,200,874,874.0,400,1,874,refined,0.0,results/certificates/ED_n065_027_a25_079.pkl,7.2,
ED_n065_027_a50_080,ED,1747.0,1725.0,1775,1775.217265,200,1764,1764.316518,3000,0,1764,refined,0.9637188208616779,results/certificates/ED_n065_027_a50_080.pkl,47.0,
ED_n065_027_a75_081,ED,1972.0,1931.0,1986,1986.25,200,1982,1982.207457,3000,0,1982,refined,0.5045408678102926,results/certificates/ED_n065_027_a75_081.pkl,52.5,
ED_n065_028_a25_082,ED,1152.0,1143.0,1163,1163.106621,200,1156,1156.662424,3000,0,1156,refined,0.34602076124567477,results/certificates/ED_n065_028_a25_082.pkl,35.2,
ED_n065_028_a50_083,ED,1948.0,1839.0,1970,1970.004407,200,1949,1949.037402,3000,0,1949,refined,0.0513083632632119,results/certificates/ED_n065_028_a50_083.pkl,52.6,
ED_n065_028_a75_084,ED,2143.0,2131.0,2145,2145.609363,200,2144,2144.021034,3000,0,2144,refined,0.046641791044776115,results/certificates/ED_n065_028_a75_084.pkl,55.1,
ED_n065_029_a25_085,ED,1343.0,1235.0,1389,1389.0,200,1343,1343.00448,3000,0,1343,refined,0.0,results/certificates/ED_n065_029_a25_085.pkl,48.9,
ED_n065_029_a50_086,ED,2340.0,2228.0,2360,2360.225637,200,2341,2341.015284,3000,0,2341,refined,0.042716787697565144,results/certificates/ED_n065_029_a50_086.pkl,45.0,
ED_n065_029_a75_087,ED,2596.0,2591.0,2598,2598.124283,200,2597,2597.017688,3000,0,2597,refined,0.03850596842510589,results/certificates/ED_n065_029_a75_087.pkl,70.7,
ED_n065_030_a25_088,ED,1478.0,1354.0,1527,1527.325926,200,1478,1478.001782,3000,0,1478,refined,0.0,results/certificates/ED_n065_030_a25_088.pkl,136.6,
ED_n065_030_a50_089,ED,2334.0,2322.0,2345,2345.649406,200,2339,2339.058298,3000,0,2339,refined,0.21376656690893547,results/certificates/ED_n065_030_a50_089.pkl,133.5,
ED_n065_030_a75_090,ED,2496.0,2477.0,2499,2499.605534,200,2497,2497.0,252,1,2497,refined,0.040048057669203045,results/certificates/ED_n065_030_a75_090.pkl,23.3,
ED_n070_031_a25_091,ED,878.0,844.0,887,887.562681,200,878,878.0,3000,0,878,refined,0.0,results/certificates/ED_n070_031_a25_091.pkl,131.5,
ED_n070_031_a50_092,ED,1858.0,1836.0,1862,1862.502208,200,1859,1859.02152,3000,0,1859,refined,0.05379236148466917,results/certificates/ED_n070_031_a50_092.pkl,115.7,
ED_n070_031_a75_093,ED,1929.0,1915.0,1935,1935.975035,200,1932,1932.086864,3000,0,1932,refined,0.15527950310559005,results/certificates/ED_n070_031_a75_093.pkl,135.4,
ED_n070_032_a25_094,ED,974.0,744.0,987,987.0,200,974,974.0,3000,0,974,refined,0.0,results/certificates/ED_n070_032_a25_094.pkl,101.6,
ED_n070_032_a50_095,ED,1867.0,1845.0,1884,1884.511723,200,1876,1876.0,1369,1,1876,refined,0.4797441364605544,results/certificates/ED_n070_032_a50_095.pkl,45.5,
ED_n070_032_a75_096,ED,2083.0,2054.0,2098,2098.802647,200,2094,2094.184741,3000,0,2094,refined,0.5253104106972302,results/certificates/ED_n070_032_a75_096.pkl,128.2,
ED_n070_033_a25_097,ED,1483.0,1461.0,1493,1493.332291,200,1483,1483.0,3000,0,1483,refined,0.0,results/certificates/ED_n070_033_a25_097.pkl,79.2,
ED_n070_033_a50_098,ED,2197.0,2177.0,2213,2213.669721,200,2201,2201.055043,3000,0,2201,refined,0.1817355747387551,results/certificates/ED_n070_033_a50_098.pkl,86.0,
ED_n070_033_a75_099,ED,2350.0,2348.0,2350,2350.372217,200,2350,2350.0,3000,0,2350,initial,0.0,results/certificates/ED_n070_033_a75_099.pkl,165.3,
ED_n070_034_a25_100,ED,1445.0,1235.0,1452,1452.0,200,1445,1445.0,3000,0,1445,refined,0.0,results/certificates/ED_n070_034_a25_100.pkl,112.1,
ED_n070_034_a50_101,ED,2540.0,2417.0,2583,2583.855113,200,2540,2540.533206,3000,0,2540,refined,0.0,results/certificates/ED_n070_034_a50_101.pkl,82.2,
ED_n070_034_a75_102,ED,2904.0,2882.0,2909,2909.25,200,2908,2908.008623,3000,0,2908,refined,0.1375515818431912,results/certificates/ED_n070_034_a75_102.pkl,122.7,
ED_n070_035_a25_103,ED,1479.0,1354.0,1514,1514.199275,200,1479,1479.434181,3000,0,1479,refined,0.0,results/certificates/ED_n070_035_a25_103.pkl,198.8,
ED_n070_035_a50_104,ED,2347.0,2335.0,2360,2360.561991,200,2352,2352.044559,3000,0,2352,refined,0.21258503401360546,results/certificates/ED_n070_035_a50_104.pkl,171.1,
ED_n070_035_a75_105,ED,2518.0,2499.0,2521,2521.452543,200,2519,2519.0,246,1,2519,refined,0.03969829297340214,results/certificates/ED_n070_035_a75_105.pkl,37.2,
ED_n075_036_a25_106,ED,1076.0,1053.0,1088,1088.667834,200,1077,1077.010612,3000,0,1077,refined,0.09285051067780872,results/certificates/ED_n075_036_a25_106.pkl,155.7,
ED_n075_036_a50_107,ED,1988.0,1957.0,2011,2011.636844,200,1989,1989.021573,3000,0,1989,refined,0.050276520864756154,results/certificates/ED_n075_036_a50_107.pkl,155.6,
ED_n075_036_a75_108,ED,2141.0,2127.0,2147,2147.425368,200,2143,2143.070316,3000,0,2143,refined,0.09332711152589827,results/certificates/ED_n075_036_a75_108.pkl,185.0,
ED_n075_037_a25_109,ED,1273.0,1142.0,1308,1308.0,200,1282,1282.198964,3000,0,1282,refined,0.702028081123245,results/certificates/ED_n075_037_a25_109.pkl,224.6,
ED_n075_037_a50_110,ED,2099.0,2077.0,2139,2139.674594,200,2099,2099.697438,3000,0,2099,refined,0.0,results/certificates/ED_n075_037_a50_110.pkl,255.8,
ED_n075_037_a75_111,ED,2326.0,2295.0,2329,2329.99257,200,2327,2327.013214,3000,0,2327,refined,0.04297378599054577,results/certificates/ED_n075_037_a75_111.pkl,289.3,
ED_n075_038_a25_112,ED,1685.0,1561.0,1726,1726.0,200,1685,1685.000002,3000,0,1685,refined,0.0,results/certificates/ED_n075_038_a25_112.pkl,140.5,
ED_n075_038_a50_113,ED,2411.0,2379.0,2443,2443.12385,200,2413,2413.047896,3000,0,2413,refined,0.08288437629506838,results/certificates/ED_n075_038_a50_113.pkl,145.6,
ED_n075_038_a75_114,ED,2577.0,2557.0,2577,2577.814413,200,2577,2577.0,3000,0,2577,initial,0.0,results/certificates/ED_n075_038_a75_114.pkl,168.9,
ED_n075_039_a25_115,ED,1964.0,1737.0,1993,1993.25,200,1964,1964.000007,3000,0,1964,refined,0.0,results/certificates/ED_n075_039_a25_115.pkl,170.6,
ED_n075_039_a50_116,ED,3041.0,2938.0,3053,3053.81716,200,3051,3051.153207,3000,0,3051,refined,0.32776138970829233,results/certificates/ED_n075_039_a50_116.pkl,189.7,
ED_n075_039_a75_117,ED,3113.0,3109.0,3114,3114.0,200,3114,3114.0,63,1,3114,initial,0.03211303789338471,results/certificates/ED_n075_039_a75_117.pkl,19.6,
ED_n075_040_a25_118,ED,1588.0,1355.0,1638,1638.5,200,1589,1589.066,3000,0,1589,refined,0.06293266205160479,results/certificates/ED_n075_040_a25_118.pkl,519.9,
ED_n075_040_a50_119,ED,2565.0,2553.0,2580,2580.013798,200,2571,2571.60161,3000,0,2571,refined,0.2333722287047841,results/certificates/ED_n075_040_a50_119.pkl,403.5,
ED_n075_040_a75_120,ED,2731.0,2708.0,2743,2743.050527,200,2740,2740.0,2131,1,2740,refined,0.3284671532846715,results/certificates/ED_n075_040_a75_120.pkl,397.1,
ED_n080_041_a25_121,ED,1504.0,1463.0,1516,1516.705017,200,1504,1504.000002,3000,0,1504,refined,0.0,results/certificates/ED_n080_041_a25_121.pkl,703.3,
ED_n080_041_a50_122,ED,2227.0,2222.0,2235,2235.200178,200,2232,2232.155466,3000,0,2232,refined,0.2240143369175627,results/certificates/ED_n080_041_a50_122.pkl,1094.6,
ED_n080_041_a75_123,ED,2269.0,2257.0,2272,2272.759382,200,2271,2271.040232,3000,0,2271,refined,0.08806693086745927,results/certificates/ED_n080_041_a75_123.pkl,1026.5,
ED_n080_042_a25_124,ED,1305.0,1264.0,1346,1346.733225,200,1305,1305.0,3000,0,1305,refined,0.0,results/certificates/ED_n080_042_a25_124.pkl,457.3,
ED_n080_042_a50_125,ED,2161.0,2118.0,2197,2197.372218,200,2162,2162.044074,3000,0,2162,refined,0.04625346901017577,results/certificates/ED_n080_042_a50_125.pkl,400.4,
ED_n080_042_a75_126,ED,2457.0,2444.0,2459,2459.581853,200,2458,2458.004542,3000,0,2458,refined,0.04068348250610252,results/certificates/ED_n080_042_a75_126.pkl,507.8,
ED_n080_043_a25_127,ED,1785.0,1652.0,1830,1830.75,200,1785,1785.0,3000,0,1785,refined,0.0,results/certificates/ED_n080_043_a25_127.pkl,169.9,
ED_n080_043_a50_128,ED,2628.0,2580.0,2650,2650.351572,200,2631,2631.057313,3000,0,2631,refined,0.11402508551881414,results/certificates/ED_n080_043_a50_128.pkl,214.4,
ED_n080_043_a75_129,ED,2797.0,2784.0,2799,2799.092199,200,2798,2798.00762,3000,0,2798,refined,0.035739814152966405,results/certificates/ED_n080_043_a75_129.pkl,257.0,
ED_n080_044_a25_130,ED,1965.0,1737.0,1988,1988.75,200,1965,1965.004665,3000,0,1965,refined,0.0,results/certificates/ED_n080_044_a25_130.pkl,267.8,
ED_n080_044_a50_131,ED,3148.0,3037.0,3183,3183.920732,200,3151,3151.04388,3000,0,3151,refined,0.0952078705172961,results/certificates/ED_n080_044_a50_131.pkl,226.9,
ED_n080_044_a75_132,ED,3322.0,3307.0,3326,3326.0,200,3324,3324.526329,3000,0,3324,refined,0.060168471720818295,results/certificates/ED_n080_044_a75_132.pkl,357.3,
ED_n080_045_a25_133,ED,1681.0,1357.0,1718,1718.0,200,1685,1685.189902,3000,0,1685,refined,0.2373887240356083,results/certificates/ED_n080_045_a25_133.pkl,455.1,
ED_n080_045_a50_134,ED,2666.0,2654.0,2681,2681.681526,200,2673,2673.210611,3000,0,2673,refined,0.2618780396558174,results/certificates/ED_n080_045_a50_134.pkl,368.8,
ED_n080_045_a75_135,ED,2933.0,2919.0,2945,2945.265941,200,2942,2942.0,2343,1,2942,refined,0.30591434398368456,results/certificates/ED_n080_045_a75_135.pkl,388.8,
