instance,family,obj,published_ub,published_gap_pct,lb2_floor,min_ub,new_gap_pct
B_n100_001_a25_001,B,2142.0,2144.0,0.0933,2710,2144.0,0.09328358208955223
B_n100_001_a50_002,B,3025.0,3026.0,0.033,3098,3026.0,0.033046926635822864
B_n100_001_a75_003,B,3119.0,3119.0,0.0,3123,3119.0,0.0
B_n100_002_a25_004,B,2364.0,2366.0,0.0845,2808,2366.0,0.08453085376162299
B_n100_002_a50_005,B,3173.0,3173.0,0.0,3318,3173.0,0.0
B_n100_002_a75_006,B,3329.0,3329.0,0.0,3331,3329.0,0.0
B_n100_003_a25_007,B,2312.0,2313.0,0.0432,2778,2313.0,0.043233895373973194
B_n100_003_a50_008,B,3179.0,3179.0,0.0,3269,3179.0,0.0
B_n100_003_a75_009,B,3277.0,3277.0,0.0,3294,3277.0,0.0
B_n100_004_a25_010,B,2831.0,2839.0,0.2818,3558,2839.0,0.28178936245156744
B_n100_004_a50_011,B,4102.0,4102.0,0.0,4172,4102.0,0.0
B_n100_004_a75_012,B,4174.0,4174.0,0.0,4176,4174.0,0.0
B_n100_005_a25_013,B,2241.0,2242.0,0.0446,2710,2242.0,0.04460303300624443
B_n100_005_a50_014,B,3344.0,3352.0,0.2387,3485,3352.0,0.23866348448687352
B_n100_005_a75_015,B,3512.0,3512.0,0.0,3520,3512.0,0.0
B_n110_006_a25_016,B,2434.0,2473.0,1.577,3305,2473.0,1.5770319450060657
B_n110_006_a50_017,B,3465.0,3475.0,0.2878,3605,3475.0,0.28776978417266186
B_n110_006_a75_018,B,3614.0,3614.0,0.0,3628,3614.0,0.0
B_n110_007_a25_019,B,2510.0,2515.0,0.1988,3207,2515.0,0.19880715705765406
B_n110_007_a50_020,B,3603.0,3605.0,0.0555,3769,3605.0,0.055478502080443824
B_n110_007_a75_021,B,3780.0,3780.0,0.0,3782,3780.0,0.0
B_n110_008_a25_022,B,2531.0,2535.0,0.1578,3128,2535.0,0.15779092702169625
B_n110_008_a50_023,B,3700.0,3700.0,0.0,3791,3700.0,0.0
B_n110_008_a75_024,B,3808.0,3808.0,0.0,3826,3808.0,0.0
B_n110_009_a25_025,B,3221.0,3226.0,0.155,4059,3226.0,0.15499070055796654
B_n110_009_a50_026,B,4524.0,4526.0,0.0442,4694,4526.0,0.04418912947414936
B_n110_009_a75_027,B,4696.0,4696.0,0.0,4699,4696.0,0.0
B_n110_010_a25_028,B,2549.0,2553.0,0.1567,3029,2553.0,0.15667841754798276
B_n110_010_a50_029,B,3674.0,3684.0,0.2714,3826,3684.0,0.2714440825190011
B_n110_010_a75_030,B,3853.0,3853.0,0.0,3863,3853.0,0.0
B_n120_011_a25_031,B,2526.0,2574.0,1.8648,3527,2574.0,1.8648018648018647
B_n120_011_a50_032,B,3899.0,3909.0,0.2558,4055,3909.0,0.25581990278843697
B_n120_011_a75_033,B,4074.0,4074.0,0.0,4088,4074.0,0.0
B_n120_012_a25_034,B,2871.0,2883.0,0.4162,3841,2883.0,0.41623309053069724
B_n120_012_a50_035,B,4182.0,4182.0,0.0,4223,4182.0,0.0
B_n120_012_a75_036,B,4222.0,4222.0,0.0,4224,4222.0,0.0
B_n120_013_a25_037,B,2942.0,2949.0,0.2374,3670,2949.0,0.23736859952526282
B_n120_013_a50_038,B,4064.0,4064.0,0.0,4145,4064.0,0.0
B_n120_013_a75_039,B,4147.0,4147.0,0.0,4170,4147.0,0.0
B_n120_014_a25_040,B,3242.0,3294.0,1.5786,4280,3294.0,1.5786278081360048
B_n120_014_a50_041,B,4855.0,4855.0,0.0,5036,4855.0,0.0
B_n120_014_a75_042,B,5038.0,5038.0,0.0,5041,5038.0,0.0
B_n120_015_a25_043,B,2579.0,2583.0,0.1549,3149,2583.0,0.15485869144405728
B_n120_015_a50_044,B,4004.0,4004.0,0.0,4048,4004.0,0.0
B_n120_015_a75_045,B,4282.0,4282.0,0.0,4304,4282.0,0.0
B_n130_016_a25_046,B,2744.0,2799.0,1.965,3766,2799.0,1.9649874955341193
B_n130_016_a50_047,B,4156.0,4163.0,0.1681,4317,4163.0,0.16814797021378813
B_n130_016_a75_048,B,4333.0,4334.0,0.0231,4350,4334.0,0.023073373327180433
B_n130_017_a25_049,B,3062.0,3073.0,0.358,4045,3073.0,0.35795639440286364
B_n130_017_a50_050,B,4594.0,4595.0,0.0218,4647,4595.0,0.02176278563656148
B_n130_017_a75_051,B,4646.0,4646.0,0.0,4648,4646.0,0.0
B_n130_018_a25_052,B,3192.0,3197.0,0.1564,3932,3197.0,0.15639662183296843
B_n130_018_a50_053,B,4497.0,4497.0,0.0,4572,4497.0,0.0
B_n130_018_a75_054,B,4578.0,4578.0,0.0,4594,4578.0,0.0
B_n130_019_a25_055,B,3359.0,3410.0,1.4956,4387,3410.0,1.4956011730205279
B_n130_019_a50_056,B,5093.0,5093.0,0.0,5296,5093.0,0.0
B_n130_019_a75_057,B,5307.0,5307.0,0.0,5312,5307.0,0.0
B_n130_020_a25_058,B,2680.0,2684.0,0.149,3451,2684.0,0.14903129657228018
B_n130_020_a50_059,B,4306.0,4306.0,0.0,4372,4306.0,0.0
B_n130_020_a75_060,B,4596.0,4597.0,0.0218,4629,4597.0,0.021753317380900587
B_n140_021_a25_061,B,3142.0,3195.0,1.6588,4254,3195.0,1.6588419405320816
B_n140_021_a50_062,B,4654.0,4660.0,0.1288,4837,4660.0,0.12875536480686695
B_n140_021_a75_063,B,4850.0,4853.0,0.0618,4873,4853.0,0.0618174325159695
B_n140_022_a25_064,B,3392.0,3395.0,0.0884,4425,3395.0,0.08836524300441827
B_n140_022_a50_065,B,5080.0,5081.0,0.0197,5178,5081.0,0.0196811651249754
B_n140_022_a75_066,B,5178.0,5178.0,0.0,5180,5178.0,0.0
B_n140_023_a25_067,B,3781.0,3798.0,0.4476,4456,3798.0,0.44760400210637175
B_n140_023_a50_068,B,4942.0,4949.0,0.1414,5102,4949.0,0.14144271570014144
B_n140_023_a75_069,B,5095.0,5095.0,0.0,5117,5095.0,0.0
B_n140_024_a25_070,B,4264.0,4315.0,1.1819,5103,4315.0,1.1819235225955969
B_n140_024_a50_071,B,5577.0,5578.0,0.0179,5661,5578.0,0.017927572606669058
B_n140_024_a75_072,B,5663.0,5663.0,0.0,5666,5663.0,0.0
B_n140_025_a25_073,B,3331.0,3335.0,0.1199,3867,3335.0,0.11994002998500748
B_n140_025_a50_074,B,4639.0,4642.0,0.0646,4818,4642.0,0.06462731581214994
B_n140_025_a75_075,B,4941.0,4941.0,0.0,4954,4941.0,0.0
B_n150_026_a25_076,B,3246.0,3307.0,1.8446,4483,3307.0,1.8445721197459932
B_n150_026_a50_077,B,4973.0,4982.0,0.1807,5179,4982.0,0.1806503412284223
B_n150_026_a75_078,B,5191.0,5194.0,0.0578,5216,5194.0,0.05775895263765884
B_n150_027_a25_079,B,3500.0,3510.0,0.2849,4646,3510.0,0.2849002849002849
B_n150_027_a50_080,B,5275.0,5288.0,0.2458,5421,5288.0,0.24583963691376703
B_n150_027_a75_081,B,5420.0,5421.0,0.0184,5424,5421.0,0.018446781036709093
B_n150_028_a25_082,B,3890.0,3907.0,0.4351,4586,3907.0,0.43511645764013307
B_n150_028_a50_083,B,5073.0,5086.0,0.2556,5336,5086.0,0.2556036177742823
B_n150_028_a75_084,B,5330.0,5330.0,0.0,5352,5330.0,0.0
B_n150_029_a25_085,B,4595.0,4607.0,0.2605,5536,4607.0,0.2604731929672238
B_n150_029_a50_086,B,6102.0,6102.0,0.0,6184,6102.0,0.0
B_n150_029_a75_087,B,6185.0,6185.0,0.0,6189,6185.0,0.0
B_n150_030_a25_088,B,3550.0,3553.0,0.0844,4195,3553.0,0.08443568815085843
B_n150_030_a50_089,B,4973.0,4980.0,0.1406,5159,4980.0,0.14056224899598393
B_n150_030_a75_090,B,5281.0,5286.0,0.0946,5297,5286.0,0.09458948164964057
C_n050_001_a25_001,C,735.0,735.0,0.0,877,735.0,0.0
C_n050_001_a50_002,C,1236.0,1236.0,0.0,1466,1236.0,0.0
C_n050_001_a75_003,C,1445.0,1445.0,0.0,1480,1445.0,0.0
C_n050_002_a25_004,C,783.0,783.0,0.0,1147,783.0,0.0
C_n050_002_a50_005,C,1257.0,1257.0,0.0,1495,1257.0,0.0
C_n050_002_a75_006,C,1495.0,1495.0,0.0,1498,1495.0,0.0
C_n050_003_a25_007,C,994.0,995.0,0.1005,1252,995.0,0.10050251256281408
C_n050_003_a50_008,C,1362.0,1363.0,0.0734,1584,1363.0,0.07336757153338225
C_n050_003_a75_009,C,1595.0,1595.0,0.0,1606,1595.0,0.0
C_n050_004_a25_010,C,1242.0,1243.0,0.0805,1699,1243.0,0.08045052292839903
C_n050_004_a50_011,C,2016.0,2017.0,0.0496,2064,2017.0,0.04957858205255329
C_n050_004_a75_012,C,2062.0,2062.0,0.0,2066,2062.0,0.0
C_n050_005_a25_013,C,1077.0,1078.0,0.0928,1324,1078.0,0.0927643784786642
C_n050_005_a50_014,C,1684.0,1684.0,0.0,1740,1684.0,0.0
C_n050_005_a75_015,C,1737.0,1737.0,0.0,1751,1737.0,0.0
C_n055_006_a25_016,C,975.0,975.0,0.0,1114,975.0,0.0
C_n055_006_a50_017,C,1540.0,1540.0,0.0,1590,1540.0,0.0
C_n055_006_a75_018,C,1589.0,1589.0,0.0,1603,1589.0,0.0
C_n055_007_a25_019,C,804.0,804.0,0.0,1268,804.0,0.0
C_n055_007_a50_020,C,1368.0,1368.0,0.0,1626,1368.0,0.0
C_n055_007_a75_021,C,1623.0,1623.0,0.0,1629,1623.0,0.0
C_n055_008_a25_022,C,1004.0,1004.0,0.0,1274,1004.0,0.0
C_n055_008_a50_023,C,1381.0,1382.0,0.0724,1605,1382.0,0.0723589001447178
C_n055_008_a75_024,C,1617.0,1617.0,0.0,1629,1617.0,0.0
C_n055_009_a25_025,C,1353.0,1354.0,0.0739,1910,1354.0,0.07385524372230429
C_n055_009_a50_026,C,2225.0,2226.0,0.0449,2375,2226.0,0.04492362982929021
C_n055_009_a75_027,C,2373.0,2373.0,0.0,2377,2373.0,0.0
C_n055_010_a25_028,C,1186.0,1187.0,0.0842,1433,1187.0,0.08424599831508003
C_n055_010_a50_029,C,1894.0,1894.0,0.0,2051,1894.0,0.0
C_n055_010_a75_030,C,2048.0,2048.0,0.0,2062,2048.0,0.0
C_n060_011_a25_031,C,1212.0,1213.0,0.0824,1563,1213.0,0.08244023083264633
C_n060_011_a50_032,C,1664.0,1664.0,0.0,1713,1664.0,0.0
C_n060_011_a75_033,C,1713.0,1713.0,0.0,1716,1713.0,0.0
C_n060_012_a25_034,C,1113.0,1115.0,0.1794,1699,1115.0,0.17937219730941703
C_n060_012_a50_035,C,1731.0,1731.0,0.0,1758,1731.0,0.0
C_n060_012_a75_036,C,1759.0,1759.0,0.0,1760,1759.0,0.0
C_n060_013_a25_037,C,1294.0,1294.0,0.0,1543,1294.0,0.0
C_n060_013_a50_038,C,1784.0,1786.0,0.112,2016,1786.0,0.11198208286674133
C_n060_013_a75_039,C,2019.0,2019.0,0.0,2039,2019.0,0.0
C_n060_014_a25_040,C,1544.0,1545.0,0.0647,2131,1545.0,0.06472491909385113
C_n060_014_a50_041,C,2341.0,2341.0,0.0,2478,2341.0,0.0
C_n060_014_a75_042,C,2476.0,2476.0,0.0,2481,2476.0,0.0
C_n060_015_a25_043,C,1466.0,1468.0,0.1362,1854,1468.0,0.13623978201634876
C_n060_015_a50_044,C,2123.0,2123.0,0.0,2192,2123.0,0.0
C_n060_015_a75_045,C,2190.0,2190.0,0.0,2202,2190.0,0.0
C_n065_016_a25_046,C,1312.0,1313.0,0.0762,1673,1313.0,0.07616146230007616
C_n065_016_a50_047,C,1863.0,1863.0,0.0,1923,1863.0,0.0
C_n065_016_a75_048,C,1924.0,1924.0,0.0,1928,1924.0,0.0
C_n065_017_a25_049,C,1302.0,1303.0,0.0767,1909,1303.0,0.07674597083653108
C_n065_017_a50_050,C,1930.0,1930.0,0.0,1969,1930.0,0.0
C_n065_017_a75_051,C,1971.0,1971.0,0.0,1972,1971.0,0.0
C_n065_018_a25_052,C,1386.0,1386.0,0.0,1874,1386.0,0.0
C_n065_018_a50_053,C,1905.0,1908.0,0.1572,2141,1908.0,0.15723270440251574
C_n065_018_a75_054,C,2146.0,2146.0,0.0,2153,2146.0,0.0
C_n065_019_a25_055,C,1864.0,1864.0,0.0,2165,1864.0,0.0
C_n065_019_a50_056,C,2464.0,2465.0,0.0406,2603,2465.0,0.04056795131845842
C_n065_019_a75_057,C,2600.0,2600.0,0.0,2603,2600.0,0.0
C_n065_020_a25_058,C,1566.0,1568.0,0.1276,2142,1568.0,0.12755102040816327
C_n065_020_a50_059,C,2323.0,2325.0,0.086,2511,2325.0,0.08602150537634409
C_n065_020_a75_060,C,2489.0,2489.0,0.0,2522,2489.0,0.0
C_n070_021_a25_061,C,1314.0,1317.0,0.2278,1783,1317.0,0.22779043280182232
C_n070_021_a50_062,C,1964.0,1965.0,0.0509,2035,1965.0,0.05089058524173028
C_n070_021_a75_063,C,2035.0,2035.0,0.0,2041,2035.0,0.0
C_n070_022_a25_064,C,1413.0,1415.0,0.1413,2031,1415.0,0.1413427561837456
C_n070_022_a50_065,C,2052.0,2060.0,0.3883,2100,2060.0,0.3883495145631068
C_n070_022_a75_066,C,2102.0,2102.0,0.0,2103,2102.0,0.0
C_n070_023_a25_067,C,1628.0,1633.0,0.3062,2108,1633.0,0.3061849357011635
C_n070_023_a50_068,C,2305.0,2305.0,0.0,2361,2305.0,0.0
C_n070_023_a75_069,C,2359.0,2359.0,0.0,2365,2359.0,0.0
C_n070_024_a25_070,C,2046.0,2046.0,0.0,2475,2046.0,0.0
C_n070_024_a50_071,C,2863.0,2863.0,0.0,3013,2863.0,0.0
C_n070_024_a75_072,C,3009.0,3009.0,0.0,3013,3009.0,0.0
C_n070_025_a25_073,C,1680.0,1681.0,0.0595,2355,1681.0,0.0594883997620464
C_n070_025_a50_074,C,2449.0,2451.0,0.0816,2626,2451.0,0.08159934720522236
C_n070_025_a75_075,C,2601.0,2601.0,0.0,2626,2601.0,0.0
C_n075_026_a25_076,C,1316.0,1317.0,0.0759,1804,1317.0,0.07593014426727411
C_n075_026_a50_077,C,1977.0,1978.0,0.0506,2057,1978.0,0.05055611729019212
C_n075_026_a75_078,C,2055.0,2055.0,0.0,2064,2055.0,0.0
C_n075_027_a25_079,C,1618.0,1618.0,0.0,2172,1618.0,0.0
C_n075_027_a50_080,C,2184.0,2185.0,0.0458,2233,2185.0,0.045766590389016024
C_n075_027_a75_081,C,2232.0,2232.0,0.0,2235,2232.0,0.0
C_n075_028_a25_082,C,1829.0,1834.0,0.2726,2329,1834.0,0.27262813522355506
C_n075_028_a50_083,C,2538.0,2538.0,0.0,2582,2538.0,0.0
C_n075_028_a75_084,C,2582.0,2582.0,0.0,2586,2582.0,0.0
C_n075_029_a25_085,C,2168.0,2172.0,0.1842,2688,2172.0,0.1841620626151013
C_n075_029_a50_086,C,3004.0,3013.0,0.2987,3225,3013.0,0.2987056090275473
C_n075_029_a75_087,C,3223.0,3223.0,0.0,3225,3223.0,0.0
C_n075_030_a25_088,C,1777.0,1777.0,0.0,2475,1777.0,0.0
C_n075_030_a50_089,C,2568.0,2572.0,0.1555,2757,2572.0,0.15552099533437014
C_n075_030_a75_090,C,2722.0,2722.0,0.0,2757,2722.0,0.0
C_n080_031_a25_091,C,1515.0,1516.0,0.066,2106,1516.0,0.06596306068601583
C_n080_031_a50_092,C,2287.0,2288.0,0.0437,2359,2288.0,0.043706293706293704
C_n080_031_a75_093,C,2365.0,2365.0,0.0,2375,2365.0,0.0
C_n080_032_a25_094,C,1747.0,1747.0,0.0,2302,1747.0,0.0
C_n080_032_a50_095,C,2403.0,2404.0,0.0416,2463,2404.0,0.04159733777038269
C_n080_032_a75_096,C,2461.0,2461.0,0.0,2465,2461.0,0.0
C_n080_033_a25_097,C,2029.0,2035.0,0.2948,2539,2035.0,0.29484029484029484
C_n080_033_a50_098,C,2748.0,2748.0,0.0,2803,2748.0,0.0
C_n080_033_a75_099,C,2803.0,2803.0,0.0,2807,2803.0,0.0
C_n080_034_a25_100,C,2268.0,2272.0,0.1761,2881,2272.0,0.17605633802816903
C_n080_034_a50_101,C,3205.0,3207.0,0.0624,3428,3207.0,0.06236357966947303
C_n080_034_a75_102,C,3425.0,3425.0,0.0,3428,3425.0,0.0
C_n080_035_a25_103,C,1897.0,1902.0,0.2629,2686,1902.0,0.26288117770767616
C_n080_035_a50_104,C,2778.0,2782.0,0.1438,2969,2782.0,0.14378145219266716
C_n080_035_a75_105,C,2934.0,2934.0,0.0,2969,2934.0,0.0
D_n040_001_a25_001,D,715.0,715.0,0.0,861,715.0,0.0
D_n040_001_a50_002,D,970.0,970.0,0.0,1207,970.0,0.0
D_n040_001_a75_003,D,1203.0,1203.0,0.0,1210,1203.0,0.0
D_n040_002_a25_004,D,352.0,352.0,0.0,397,352.0,0.0
D_n040_002_a50_005,D,894.0,894.0,0.0,1153,894.0,0.0
D_n040_002_a75_006,D,1137.0,1137.0,0.0,1174,1137.0,0.0
D_n040_003_a25_007,D,563.0,563.0,0.0,718,563.0,0.0
D_n040_003_a50_008,D,1023.0,1023.0,0.0,1153,1023.0,0.0
D_n040_003_a75_009,D,1149.0,1149.0,0.0,1164,1149.0,0.0
D_n040_004_a25_010,D,723.0,723.0,0.0,1085,723.0,0.0
D_n040_004_a50_011,D,1374.0,1374.0,0.0,1542,1374.0,0.0
D_n040_004_a75_012,D,1537.0,1537.0,0.0,1543,1537.0,0.0
D_n040_005_a25_013,D,837.0,837.0,0.0,1066,837.0,0.0
D_n040_005_a50_014,D,1351.0,1353.0,0.1478,1478,1353.0,0.14781966001478197
D_n040_005_a75_015,D,1467.0,1467.0,0.0,1489,1467.0,0.0
D_n045_006_a25_016,D,745.0,745.0,0.0,1011,745.0,0.0
D_n045_006_a50_017,D,1208.0,1208.0,0.0,1258,1208.0,0.0
D_n045_006_a75_018,D,1245.0,1245.0,0.0,1260,1245.0,0.0
D_n045_007_a25_019,D,662.0,663.0,0.1508,937,663.0,0.1508295625942685
D_n045_007_a50_020,D,1105.0,1105.0,0.0,1385,1105.0,0.0
D_n045_007_a75_021,D,1369.0,1369.0,0.0,1386,1369.0,0.0
D_n045_008_a25_022,D,953.0,953.0,0.0,1220,953.0,0.0
D_n045_008_a50_023,D,1337.0,1338.0,0.0747,1465,1338.0,0.07473841554559044
D_n045_008_a75_024,D,1483.0,1483.0,0.0,1485,1483.0,0.0
D_n045_009_a25_025,D,936.0,938.0,0.2132,1618,938.0,0.21321961620469082
D_n045_009_a50_026,D,1528.0,1528.0,0.0,1645,1528.0,0.0
D_n045_009_a75_027,D,1651.0,1651.0,0.0,1656,1651.0,0.0
D_n045_010_a25_028,D,957.0,957.0,0.0,1196,957.0,0.0
D_n045_010_a50_029,D,1462.0,1464.0,0.1366,1628,1464.0,0.1366120218579235
D_n045_010_a75_030,D,1613.0,1613.0,0.0,1629,1613.0,0.0
D_n050_011_a25_031,D,952.0,952.0,0.0,1221,952.0,0.0
D_n050_011_a50_032,D,1418.0,1418.0,0.0,1479,1418.0,0.0
D_n050_011_a75_033,D,1464.0,1464.0,0.0,1481,1464.0,0.0
D_n050_012_a25_034,D,753.0,754.0,0.1326,1047,754.0,0.1326259946949602
D_n050_012_a50_035,D,1216.0,1216.0,0.0,1515,1216.0,0.0
D_n050_012_a75_036,D,1478.0,1478.0,0.0,1517,1478.0,0.0
D_n050_013_a25_037,D,963.0,963.0,0.0,1320,963.0,0.0
D_n050_013_a50_038,D,1349.0,1352.0,0.2219,1587,1352.0,0.22189349112426035
D_n050_013_a75_039,D,1593.0,1593.0,0.0,1607,1593.0,0.0
D_n050_014_a25_040,D,1136.0,1138.0,0.1757,2028,1138.0,0.17574692442882248
D_n050_014_a50_041,D,1809.0,1813.0,0.2206,2055,1813.0,0.2206287920573635
D_n050_014_a75_042,D,2061.0,2061.0,0.0,2066,2061.0,0.0
D_n050_015_a25_043,D,968.0,969.0,0.1032,1308,969.0,0.10319917440660474
D_n050_015_a50_044,D,1591.0,1591.0,0.0,1651,1591.0,0.0
D_n050_015_a75_045,D,1635.0,1635.0,0.0,1652,1635.0,0.0
D_n055_016_a25_046,D,984.0,985.0,0.1015,1442,985.0,0.10152284263959391
D_n055_016_a50_047,D,1449.0,1449.0,0.0,1493,1449.0,0.0
D_n055_016_a75_048,D,1491.0,1491.0,0.0,1504,1491.0,0.0
D_n055_017_a25_049,D,773.0,773.0,0.0,1148,773.0,0.0
D_n055_017_a50_050,D,1337.0,1337.0,0.0,1646,1337.0,0.0
D_n055_017_a75_051,D,1609.0,1609.0,0.0,1648,1609.0,0.0
D_n055_018_a25_052,D,973.0,973.0,0.0,1342,973.0,0.0
D_n055_018_a50_053,D,1368.0,1370.0,0.146,1608,1370.0,0.145985401459854
D_n055_018_a75_054,D,1614.0,1614.0,0.0,1629,1614.0,0.0
D_n055_019_a25_055,D,1147.0,1157.0,0.8643,2039,1157.0,0.864304235090752
D_n055_019_a50_056,D,1920.0,1925.0,0.2597,2167,1925.0,0.2597402597402597
D_n055_019_a75_057,D,2173.0,2173.0,0.0,2179,2173.0,0.0
D_n055_020_a25_058,D,1157.0,1159.0,0.1726,1718,1159.0,0.1725625539257981
D_n055_020_a50_059,D,1891.0,1891.0,0.0,1971,1891.0,0.0
D_n055_020_a75_060,D,1958.0,1958.0,0.0,1972,1958.0,0.0
D_n060_021_a25_061,D,1084.0,1085.0,0.0922,1552,1085.0,0.09216589861751152
D_n060_021_a50_062,D,1646.0,1646.0,0.0,1704,1646.0,0.0
D_n060_021_a75_063,D,1700.0,1700.0,0.0,1716,1700.0,0.0
D_n060_022_a25_064,D,1083.0,1084.0,0.0923,1689,1084.0,0.09225092250922509
D_n060_022_a50_065,D,1777.0,1790.0,0.7263,1958,1790.0,0.7262569832402235
D_n060_022_a75_066,D,1956.0,1956.0,0.0,1959,1956.0,0.0
D_n060_023_a25_067,D,1263.0,1265.0,0.1581,1731,1265.0,0.15810276679841898
D_n060_023_a50_068,D,1767.0,1771.0,0.2259,2018,1771.0,0.2258610954263128
D_n060_023_a75_069,D,2015.0,2018.0,0.1487,2040,2018.0,0.14866204162537167
D_n060_024_a25_070,D,1583.0,1584.0,0.0631,2260,1584.0,0.06313131313131314
D_n060_024_a50_071,D,2249.0,2249.0,0.0,2389,2249.0,0.0
D_n060_024_a75_072,D,2387.0,2387.0,0.0,2391,2387.0,0.0
D_n060_025_a25_073,D,1559.0,1563.0,0.2559,2038,1563.0,0.2559181062060141
D_n060_025_a50_074,D,2114.0,2114.0,0.0,2291,2114.0,0.0
D_n060_025_a75_075,D,2269.0,2269.0,0.0,2292,2269.0,0.0
D_n065_026_a25_076,D,1185.0,1186.0,0.0843,1754,1186.0,0.08431703204047217
D_n065_026_a50_077,D,1848.0,1848.0,0.0,1906,1848.0,0.0
D_n065_026_a75_078,D,1902.0,1902.0,0.0,1919,1902.0,0.0
D_n065_027_a25_079,D,1094.0,1096.0,0.1825,1710,1096.0,0.18248175182481752
D_n065_027_a50_080,D,1788.0,1801.0,0.7218,1990,1801.0,0.7218212104386451
D_n065_027_a75_081,D,1984.0,1985.0,0.0504,1991,1985.0,0.05037783375314861
D_n065_028_a25_082,D,1383.0,1388.0,0.3602,1974,1388.0,0.36023054755043227
D_n065_028_a50_083,D,1970.0,1971.0,0.0507,2142,1971.0,0.050735667174023336
D_n065_028_a75_084,D,2146.0,2146.0,0.0,2153,2146.0,0.0
D_n065_029_a25_085,D,1663.0,1668.0,0.2998,2452,1668.0,0.2997601918465228
D_n065_029_a50_086,D,2449.0,2450.0,0.0408,2601,2450.0,0.04081632653061225
D_n065_029_a75_087,D,2598.0,2598.0,0.0,2603,2598.0,0.0
D_n065_030_a25_088,D,1698.0,1707.0,0.5272,2247,1707.0,0.5272407732864675
D_n065_030_a50_089,D,2337.0,2350.0,0.5532,2512,2350.0,0.5531914893617021
D_n065_030_a75_090,D,2507.0,2507.0,0.0,2513,2507.0,0.0
D_n070_031_a25_091,D,1276.0,1276.0,0.0,1855,1276.0,0.0
D_n070_031_a50_092,D,1870.0,1872.0,0.1068,1938,1872.0,0.10683760683760685
D_n070_031_a75_093,D,1932.0,1934.0,0.1034,1951,1934.0,0.1034126163391934
D_n070_032_a25_094,D,1196.0,1202.0,0.4992,1822,1202.0,0.49916805324459235
D_n070_032_a50_095,D,1908.0,1919.0,0.5732,2112,1919.0,0.5732152162584679
D_n070_032_a75_096,D,2098.0,2106.0,0.3799,2113,2106.0,0.3798670465337132
D_n070_033_a25_097,D,1615.0,1618.0,0.1854,2206,1618.0,0.1854140914709518
D_n070_033_a50_098,D,2301.0,2301.0,0.0,2362,2301.0,0.0
D_n070_033_a75_099,D,2351.0,2351.0,0.0,2365,2351.0,0.0
D_n070_034_a25_100,D,1845.0,1845.0,0.0,2552,1845.0,0.0
D_n070_034_a50_101,D,2738.0,2739.0,0.0365,2912,2739.0,0.03650967506389193
D_n070_034_a75_102,D,2907.0,2909.0,0.0688,2914,2909.0,0.06875214850464077
D_n070_035_a25_103,D,1701.0,1708.0,0.4098,2260,1708.0,0.4098360655737705
D_n070_035_a50_104,D,2350.0,2368.0,0.7601,2535,2368.0,0.7601351351351352
D_n070_035_a75_105,D,2529.0,2529.0,0.0,2536,2529.0,0.0
D_n075_036_a25_106,D,1378.0,1383.0,0.3615,2069,1383.0,0.3615328994938539
D_n075_036_a50_107,D,2101.0,2102.0,0.0476,2150,2102.0,0.04757373929590866
D_n075_036_a75_108,D,2145.0,2147.0,0.0932,2163,2147.0,0.09315323707498836
D_n075_037_a25_109,D,1515.0,1516.0,0.066,2054,1516.0,0.06596306068601583
D_n075_037_a50_110,D,2229.0,2230.0,0.0448,2333,2230.0,0.04484304932735426
D_n075_037_a75_111,D,2337.0,2338.0,0.0428,2343,2338.0,0.0427715996578272
D_n075_038_a25_112,D,1815.0,1818.0,0.165,2428,1818.0,0.16501650165016502
D_n075_038_a50_113,D,2522.0,2522.0,0.0,2585,2522.0,0.0
D_n075_038_a75_114,D,2579.0,2579.0,0.0,2586,2579.0,0.0
D_n075_039_a25_115,D,2266.0,2268.0,0.0882,2987,2268.0,0.08818342151675485
D_n075_039_a50_116,D,3071.0,3082.0,0.3569,3117,3082.0,0.3569110966904607
D_n075_039_a75_117,D,3114.0,3114.0,0.0,3117,3114.0,0.0
D_n075_040_a25_118,D,1820.0,1828.0,0.4376,2480,1828.0,0.437636761487965
D_n075_040_a50_119,D,2568.0,2585.0,0.6576,2756,2585.0,0.6576402321083172
D_n075_040_a75_120,D,2749.0,2750.0,0.0364,2757,2750.0,0.03636363636363636
D_n080_041_a25_121,D,1725.0,1727.0,0.1158,2216,1727.0,0.11580775911986102
D_n080_041_a50_122,D,2229.0,2235.0,0.2685,2284,2235.0,0.2684563758389262
D_n080_041_a75_123,D,2270.0,2271.0,0.044,2285,2271.0,0.044033465433729636
D_n080_042_a25_124,D,1537.0,1547.0,0.6464,2177,1547.0,0.6464124111182934
D_n080_042_a50_125,D,2378.0,2381.0,0.126,2474,2381.0,0.125997480050399
D_n080_042_a75_126,D,2468.0,2469.0,0.0405,2474,2469.0,0.04050222762251924
D_n080_043_a25_127,D,2006.0,2008.0,0.0996,2649,2008.0,0.099601593625498
D_n080_043_a50_128,D,2723.0,2724.0,0.0367,2806,2724.0,0.03671071953010279
D_n080_043_a75_129,D,2800.0,2800.0,0.0,2807,2800.0,0.0
D_n080_044_a25_130,D,2265.0,2268.0,0.1323,3188,2268.0,0.13227513227513227
D_n080_044_a50_131,D,3252.0,3272.0,0.6112,3328,3272.0,0.6112469437652812
D_n080_044_a75_132,D,3323.0,3326.0,0.0902,3329,3326.0,0.09019843656043296
D_n080_045_a25_133,D,1910.0,1923.0,0.676,2582,1923.0,0.6760270410816432
D_n080_045_a50_134,D,2749.0,2771.0,0.7939,2959,2771.0,0.7939372067845544
D_n080_045_a75_135,D,2952.0,2956.0,0.1353,2960,2956.0,0.13531799729364005
EB_n100_001_a25_001,EB,1609.0,1611.0,0.1241,2035,1611.0,0.12414649286157665
EB_n100_001_a50_002,EB,2822.0,2824.0,0.0708,2985,2824.0,0.0708215297450425
EB_n100_001_a75_003,EB,3115.0,3115.0,0.0,3123,3115.0,0.0
EB_n100_002_a25_004,EB,1859.0,1863.0,0.2147,2264,1863.0,0.2147074610842727
EB_n100_002_a50_005,EB,3052.0,3053.0,0.0328,3318,3053.0,0.03275466754012447
EB_n100_002_a75_006,EB,3327.0,3327.0,0.0,3331,3327.0,0.0
EB_n100_003_a25_007,EB,1616.0,1618.0,0.1236,1945,1618.0,0.12360939431396785
EB_n100_003_a50_008,EB,2947.0,2949.0,0.0678,3159,2949.0,0.0678195998643608
EB_n100_003_a75_009,EB,3277.0,3277.0,0.0,3294,3277.0,0.0
EB_n100_004_a25_010,EB,2417.0,2418.0,0.0414,2956,2418.0,0.0413564929693962
EB_n100_004_a50_011,EB,3719.0,3720.0,0.0269,4140,3720.0,0.026881720430107527
EB_n100_004_a75_012,EB,4170.0,4170.0,0.0,4175,4170.0,0.0
EB_n100_005_a25_013,EB,1917.0,1917.0,0.0,2173,1917.0,0.0
EB_n100_005_a50_014,EB,3310.0,3310.0,0.0,3384,3310.0,0.0
EB_n100_005_a75_015,EB,3501.0,3501.0,0.0,3519,3501.0,0.0
EB_n110_006_a25_016,EB,1710.0,1711.0,0.0584,2449,1711.0,0.058445353594389245
EB_n110_006_a50_017,EB,3252.0,3259.0,0.2148,3493,3259.0,0.21478981282602025
EB_n110_006_a75_018,EB,3611.0,3611.0,0.0,3628,3611.0,0.0
EB_n110_007_a25_019,EB,2068.0,2070.0,0.0966,2654,2070.0,0.0966183574879227
EB_n110_007_a50_020,EB,3468.0,3474.0,0.1727,3769,3474.0,0.17271157167530224
EB_n110_007_a75_021,EB,3778.0,3778.0,0.0,3782,3778.0,0.0
EB_n110_008_a25_022,EB,1825.0,1829.0,0.2187,2275,1829.0,0.2186987424822307
EB_n110_008_a50_023,EB,3537.0,3538.0,0.0283,3678,3538.0,0.02826455624646693
EB_n110_008_a75_024,EB,3808.0,3808.0,0.0,3826,3808.0,0.0
EB_n110_009_a25_025,EB,2697.0,2698.0,0.0371,3345,2698.0,0.037064492216456635
EB_n110_009_a50_026,EB,4219.0,4221.0,0.0474,4662,4221.0,0.04738213693437574
EB_n110_009_a75_027,EB,4693.0,4693.0,0.0,4697,4693.0,0.0
EB_n110_010_a25_028,EB,2128.0,2134.0,0.2812,2483,2134.0,0.28116213683223995
EB_n110_010_a50_029,EB,3639.0,3639.0,0.0,3724,3639.0,0.0
EB_n110_010_a75_030,EB,3842.0,3842.0,0.0,3862,3842.0,0.0
EB_n120_011_a25_031,EB,2028.0,2034.0,0.295,2788,2034.0,0.2949852507374631
EB_n120_011_a50_032,EB,3865.0,3874.0,0.2323,4052,3874.0,0.23231801755291687
EB_n120_011_a75_033,EB,4071.0,4072.0,0.0246,4088,4072.0,0.02455795677799607
EB_n120_012_a25_034,EB,2496.0,2501.0,0.1999,3473,2501.0,0.19992003198720512
EB_n120_012_a50_035,EB,4032.0,4044.0,0.2967,4210,4044.0,0.2967359050445104
EB_n120_012_a75_036,EB,4220.0,4220.0,0.0,4224,4220.0,0.0
EB_n120_013_a25_037,EB,2688.0,2693.0,0.1857,3277,2693.0,0.18566654288897141
EB_n120_013_a50_038,EB,4040.0,4041.0,0.0247,4134,4041.0,0.024746349913387776
EB_n120_013_a75_039,EB,4147.0,4147.0,0.0,4170,4147.0,0.0
EB_n120_014_a25_040,EB,2707.0,2721.0,0.5145,3565,2721.0,0.5145167217934583
EB_n120_014_a50_041,EB,4549.0,4549.0,0.0,5004,4549.0,0.0
EB_n120_014_a75_042,EB,5034.0,5034.0,0.0,5040,5034.0,0.0
EB_n120_015_a25_043,EB,2247.0,2251.0,0.1777,2703,2251.0,0.1776988005330964
EB_n120_015_a50_044,EB,3857.0,3858.0,0.0259,4034,3858.0,0.02592016588906169
EB_n120_015_a75_045,EB,4268.0,4268.0,0.0,4303,4268.0,0.0
EB_n130_016_a25_046,EB,2237.0,2242.0,0.223,3018,2242.0,0.22301516503122212
EB_n130_016_a50_047,EB,4095.0,4096.0,0.0244,4312,4096.0,0.0244140625
EB_n130_016_a75_048,EB,4329.0,4339.0,0.2305,4350,4339.0,0.23046784973496198
EB_n130_017_a25_049,EB,2678.0,2683.0,0.1864,3675,2683.0,0.18635855385762207
EB_n130_017_a50_050,EB,4421.0,4446.0,0.5623,4624,4446.0,0.5623031938821412
EB_n130_017_a75_051,EB,4644.0,4644.0,0.0,4648,4644.0,0.0
EB_n130_018_a25_052,EB,3020.0,3026.0,0.1983,3758,3026.0,0.19828155981493722
EB_n130_018_a50_053,EB,4465.0,4468.0,0.0671,4560,4468.0,0.06714413607878246
EB_n130_018_a75_054,EB,4577.0,4584.0,0.1527,4594,4584.0,0.15270506108202442
EB_n130_019_a25_055,EB,2807.0,2819.0,0.4257,3565,2819.0,0.4256828662646328
EB_n130_019_a50_056,EB,4769.0,4770.0,0.021,5263,4770.0,0.020964360587002094
EB_n130_019_a75_057,EB,5291.0,5300.0,0.1698,5311,5300.0,0.16981132075471697
EB_n130_020_a25_058,EB,2348.0,2352.0,0.1701,2904,2352.0,0.17006802721088435
EB_n130_020_a50_059,EB,4058.0,4067.0,0.2213,4358,4067.0,0.22129333661175316
EB_n130_020_a75_060,EB,4584.0,4593.0,0.196,4628,4593.0,0.1959503592423253
EB_n140_021_a25_061,EB,2538.0,2544.0,0.2358,3417,2544.0,0.2358490566037736
EB_n140_021_a50_062,EB,4493.0,4505.0,0.2664,4830,4505.0,0.2663706992230854
EB_n140_021_a75_063,EB,4847.0,4860.0,0.2675,4872,4860.0,0.2674897119341564
EB_n140_022_a25_064,EB,2767.0,2779.0,0.4318,3954,2779.0,0.4318100035984167
EB_n140_022_a50_065,EB,4900.0,4925.0,0.5076,5145,4925.0,0.5076142131979695
EB_n140_022_a75_066,EB,5175.0,5175.0,0.0,5180,5175.0,0.0
EB_n140_023_a25_067,EB,3339.0,3343.0,0.1197,4191,3343.0,0.11965300628178283
EB_n140_023_a50_068,EB,4919.0,4928.0,0.1826,5102,4928.0,0.18262987012987011
EB_n140_023_a75_069,EB,5093.0,5102.0,0.1764,5117,5102.0,0.1764014112112897
EB_n140_024_a25_070,EB,3611.0,3617.0,0.1659,4706,3617.0,0.16588332872546308
EB_n140_024_a50_071,EB,5525.0,5538.0,0.2347,5657,5538.0,0.2347417840375587
EB_n140_024_a75_072,EB,5661.0,5662.0,0.0177,5666,5662.0,0.017661603673613562
EB_n140_025_a25_073,EB,2753.0,2753.0,0.0,3419,2753.0,0.0
EB_n140_025_a50_074,EB,4596.0,4606.0,0.2171,4803,4606.0,0.21710811984368217
EB_n140_025_a75_075,EB,4940.0,4940.0,0.0,4954,4940.0,0.0
EB_n150_026_a25_076,EB,2550.0,2560.0,0.3906,3519,2560.0,0.390625
EB_n150_026_a50_077,EB,4811.0,4822.0,0.2281,5172,4822.0,0.22812111157196183
EB_n150_026_a75_078,EB,5175.0,5183.0,0.1544,5215,5183.0,0.1543507621068879
EB_n150_027_a25_079,EB,2771.0,2792.0,0.7521,3977,2792.0,0.7521489971346704
EB_n150_027_a50_080,EB,5040.0,5047.0,0.1387,5379,5047.0,0.13869625520110956
EB_n150_027_a75_081,EB,5408.0,5414.0,0.1108,5424,5414.0,0.11082379017362395
EB_n150_028_a25_082,EB,3448.0,3451.0,0.0869,4321,3451.0,0.08693132425383947
EB_n150_028_a50_083,EB,5045.0,5060.0,0.2964,5335,5060.0,0.2964426877470355
EB_n150_028_a75_084,EB,5329.0,5337.0,0.1499,5352,5337.0,0.14989694584972832
EB_n150_029_a25_085,EB,4054.0,4063.0,0.2215,5162,4063.0,0.22151119862170812
EB_n150_029_a50_086,EB,6066.0,6078.0,0.1974,6173,6078.0,0.19743336623889435
EB_n150_029_a75_087,EB,6185.0,6186.0,0.0162,6189,6186.0,0.016165535079211122
EB_n150_030_a25_088,EB,2970.0,2971.0,0.0337,3740,2971.0,0.03365870077415012
EB_n150_030_a50_089,EB,4920.0,4932.0,0.2433,5144,4932.0,0.24330900243309003
EB_n150_030_a75_090,EB,5278.0,5285.0,0.1325,5296,5285.0,0.13245033112582782
EC_n050_001_a25_001,EC,421.0,421.0,0.0,552,421.0,0.0
EC_n050_001_a50_002,EC,1103.0,1103.0,0.0,1365,1103.0,0.0
EC_n050_001_a75_003,EC,1444.0,1445.0,0.0692,1479,1445.0,0.06920415224913494
EC_n050_002_a25_004,EC,355.0,355.0,0.0,378,355.0,0.0
EC_n050_002_a50_005,EC,1136.0,1136.0,0.0,1481,1136.0,0.0
EC_n050_002_a75_006,EC,1482.0,1482.0,0.0,1498,1482.0,0.0
EC_n050_003_a25_007,EC,773.0,773.0,0.0,948,773.0,0.0
EC_n050_003_a50_008,EC,1350.0,1353.0,0.2217,1495,1353.0,0.22172949002217296
EC_n050_003_a75_009,EC,1584.0,1584.0,0.0,1606,1584.0,0.0
EC_n050_004_a25_010,EC,844.0,844.0,0.0,1056,844.0,0.0
EC_n050_004_a50_011,EC,1885.0,1886.0,0.053,2054,1886.0,0.05302226935312832
EC_n050_004_a75_012,EC,2060.0,2060.0,0.0,2066,2060.0,0.0
EC_n050_005_a25_013,EC,826.0,826.0,0.0,970,826.0,0.0
EC_n050_005_a50_014,EC,1581.0,1581.0,0.0,1740,1581.0,0.0
EC_n050_005_a75_015,EC,1727.0,1727.0,0.0,1751,1727.0,0.0
EC_n055_006_a25_016,EC,634.0,634.0,0.0,668,634.0,0.0
EC_n055_006_a50_017,EC,1508.0,1509.0,0.0663,1579,1509.0,0.06626905235255136
EC_n055_006_a75_018,EC,1587.0,1587.0,0.0,1603,1587.0,0.0
EC_n055_007_a25_019,EC,375.0,375.0,0.0,399,375.0,0.0
EC_n055_007_a50_020,EC,1258.0,1258.0,0.0,1612,1258.0,0.0
EC_n055_007_a75_021,EC,1612.0,1612.0,0.0,1629,1612.0,0.0
EC_n055_008_a25_022,EC,773.0,773.0,0.0,950,773.0,0.0
EC_n055_008_a50_023,EC,1360.0,1363.0,0.2201,1516,1363.0,0.22010271460014674
EC_n055_008_a75_024,EC,1606.0,1606.0,0.0,1629,1606.0,0.0
EC_n055_009_a25_025,EC,944.0,944.0,0.0,1267,944.0,0.0
EC_n055_009_a50_026,EC,1996.0,1998.0,0.1001,2365,1998.0,0.10010010010010009
EC_n055_009_a75_027,EC,2370.0,2370.0,0.0,2377,2370.0,0.0
EC_n055_010_a25_028,EC,925.0,925.0,0.0,1079,925.0,0.0
EC_n055_010_a50_029,EC,1791.0,1791.0,0.0,2050,1791.0,0.0
EC_n055_010_a75_030,EC,2038.0,2038.0,0.0,2062,2038.0,0.0
EC_n060_011_a25_031,EC,867.0,869.0,0.2301,1024,869.0,0.23014959723820483
EC_n060_011_a50_032,EC,1662.0,1662.0,0.0,1710,1662.0,0.0
EC_n060_011_a75_033,EC,1712.0,1713.0,0.0584,1716,1713.0,0.05837711617046118
EC_n060_012_a25_034,EC,894.0,894.0,0.0,1069,894.0,0.0
EC_n060_012_a50_035,EC,1710.0,1710.0,0.0,1757,1710.0,0.0
EC_n060_012_a75_036,EC,1757.0,1757.0,0.0,1760,1757.0,0.0
EC_n060_013_a25_037,EC,1082.0,1082.0,0.0,1259,1082.0,0.0
EC_n060_013_a50_038,EC,1744.0,1746.0,0.1145,1927,1746.0,0.11454753722794961
EC_n060_013_a75_039,EC,2017.0,2017.0,0.0,2039,2017.0,0.0
EC_n060_014_a25_040,EC,1037.0,1037.0,0.0,1479,1037.0,0.0
EC_n060_014_a50_041,EC,2215.0,2221.0,0.2701,2477,2221.0,0.27014858171994593
EC_n060_014_a75_042,EC,2474.0,2477.0,0.1211,2481,2477.0,0.12111425111021397
EC_n060_015_a25_043,EC,1075.0,1075.0,0.0,1320,1075.0,0.0
EC_n060_015_a50_044,EC,2102.0,2102.0,0.0,2189,2102.0,0.0
EC_n060_015_a75_045,EC,2187.0,2188.0,0.0457,2202,2188.0,0.04570383912248629
EC_n065_016_a25_046,EC,867.0,867.0,0.0,1124,867.0,0.0
EC_n065_016_a50_047,EC,1853.0,1854.0,0.0539,1911,1854.0,0.05393743257820927
EC_n065_016_a75_048,EC,1921.0,1922.0,0.052,1928,1922.0,0.052029136316337155
EC_n065_017_a25_049,EC,993.0,993.0,0.0,1168,993.0,0.0
EC_n065_017_a50_050,EC,1900.0,1909.0,0.4715,1968,1909.0,0.47145102147721324
EC_n065_017_a75_051,EC,1967.0,1968.0,0.0508,1972,1968.0,0.05081300813008131
EC_n065_018_a25_052,EC,1183.0,1186.0,0.253,1561,1186.0,0.25295109612141653
EC_n065_018_a50_053,EC,1883.0,1888.0,0.2648,2130,1888.0,0.26483050847457623
EC_n065_018_a75_054,EC,2146.0,2146.0,0.0,2152,2146.0,0.0
EC_n065_019_a25_055,EC,1372.0,1372.0,0.0,1969,1372.0,0.0
EC_n065_019_a50_056,EC,2352.0,2352.0,0.0,2501,2352.0,0.0
EC_n065_019_a75_057,EC,2599.0,2599.0,0.0,2603,2599.0,0.0
EC_n065_020_a25_058,EC,1075.0,1076.0,0.0929,1329,1076.0,0.09293680297397769
EC_n065_020_a50_059,EC,2299.0,2301.0,0.0869,2508,2301.0,0.0869187309865276
EC_n065_020_a75_060,EC,2487.0,2487.0,0.0,2522,2487.0,0.0
EC_n070_021_a25_061,EC,868.0,869.0,0.1151,1134,869.0,0.11507479861910241
EC_n070_021_a50_062,EC,1953.0,1956.0,0.1534,2023,1956.0,0.15337423312883436
EC_n070_021_a75_063,EC,2031.0,2033.0,0.0984,2041,2033.0,0.0983767830791933
EC_n070_022_a25_064,EC,1093.0,1094.0,0.0914,1478,1094.0,0.09140767824497258
EC_n070_022_a50_065,EC,2018.0,2019.0,0.0495,2099,2019.0,0.04952947003467063
EC_n070_022_a75_066,EC,2099.0,2099.0,0.0,2103,2099.0,0.0
EC_n070_023_a25_067,EC,1496.0,1501.0,0.3331,2055,1501.0,0.3331112591605596
EC_n070_023_a50_068,EC,2206.0,2217.0,0.4962,2353,2217.0,0.49616599007668016
EC_n070_023_a75_069,EC,2359.0,2359.0,0.0,2365,2359.0,0.0
EC_n070_024_a25_070,EC,1671.0,1671.0,0.0,2279,1671.0,0.0
EC_n070_024_a50_071,EC,2752.0,2754.0,0.0726,2911,2754.0,0.07262164124909223
EC_n070_024_a75_072,EC,3007.0,3008.0,0.0332,3013,3008.0,0.03324468085106383
EC_n070_025_a25_073,EC,1374.0,1376.0,0.1453,1930,1376.0,0.14534883720930233
EC_n070_025_a50_074,EC,2346.0,2349.0,0.1277,2625,2349.0,0.1277139208173691
EC_n070_025_a75_075,EC,2599.0,2599.0,0.0,2626,2599.0,0.0
EC_n075_026_a25_076,EC,879.0,880.0,0.1136,1144,880.0,0.11363636363636363
EC_n075_026_a50_077,EC,1970.0,1974.0,0.2026,2045,1974.0,0.2026342451874367
EC_n075_026_a75_078,EC,2053.0,2059.0,0.2914,2064,2059.0,0.291403593977659
EC_n075_027_a25_079,EC,1304.0,1307.0,0.2295,2100,1307.0,0.22953328232593728
EC_n075_027_a50_080,EC,2145.0,2146.0,0.0466,2232,2146.0,0.046598322460391424
EC_n075_027_a75_081,EC,2221.0,2222.0,0.045,2234,2222.0,0.045004500450045004
EC_n075_028_a25_082,EC,1697.0,1703.0,0.3523,2267,1703.0,0.35231943628890194
EC_n075_028_a50_083,EC,2435.0,2439.0,0.164,2581,2439.0,0.16400164001640016
EC_n075_028_a75_084,EC,2581.0,2581.0,0.0,2586,2581.0,0.0
EC_n075_029_a25_085,EC,1755.0,1755.0,0.0,2462,1755.0,0.0
EC_n075_029_a50_086,EC,2982.0,2985.0,0.1005,3225,2985.0,0.10050251256281408
EC_n075_029_a75_087,EC,3221.0,3222.0,0.031,3225,3222.0,0.031036623215394164
EC_n075_030_a25_088,EC,1484.0,1484.0,0.0,2049,1484.0,0.0
EC_n075_030_a50_089,EC,2456.0,2465.0,0.3651,2756,2465.0,0.36511156186612576
EC_n075_030_a75_090,EC,2720.0,2720.0,0.0,2757,2720.0,0.0
EC_n080_031_a25_091,EC,1068.0,1070.0,0.1869,1355,1070.0,0.1869158878504673
EC_n080_031_a50_092,EC,2180.0,2181.0,0.0459,2356,2181.0,0.04585052728106373
EC_n080_031_a75_093,EC,2364.0,2370.0,0.2532,2375,2370.0,0.25316455696202533
EC_n080_032_a25_094,EC,1423.0,1427.0,0.2803,2230,1427.0,0.2803083391730904
EC_n080_032_a50_095,EC,2275.0,2286.0,0.4812,2462,2286.0,0.4811898512685914
EC_n080_032_a75_096,EC,2450.0,2450.0,0.0,2464,2450.0,0.0
EC_n080_033_a25_097,EC,1806.0,1812.0,0.3311,2477,1812.0,0.33112582781456956
EC_n080_033_a50_098,EC,2646.0,2651.0,0.1886,2802,2651.0,0.18860807242549982
EC_n080_033_a75_099,EC,2802.0,2804.0,0.0713,2807,2804.0,0.07132667617689016
EC_n080_034_a25_100,EC,1858.0,1858.0,0.0,2565,1858.0,0.0
EC_n080_034_a50_101,EC,3174.0,3177.0,0.0944,3427,3177.0,0.09442870632672333
EC_n080_034_a75_102,EC,3424.0,3425.0,0.0292,3428,3425.0,0.029197080291970805
EC_n080_035_a25_103,EC,1585.0,1589.0,0.2517,2251,1589.0,0.25173064820641916
EC_n080_035_a50_104,EC,2667.0,2678.0,0.4108,2968,2678.0,0.4107542942494399
EC_n080_035_a75_105,EC,2932.0,2932.0,0.0,2969,2932.0,0.0
ED_n040_001_a25_001,ED,412.0,412.0,0.0,446,412.0,0.0
ED_n040_001_a50_002,ED,948.0,948.0,0.0,1206,948.0,0.0
ED_n040_001_a75_003,ED,1201.0,1201.0,0.0,1210,1201.0,0.0
ED_n040_002_a25_004,ED,212.0,212.0,0.0,225,212.0,0.0
ED_n040_002_a50_005,ED,772.0,772.0,0.0,1129,772.0,0.0
ED_n040_002_a75_006,ED,1026.0,1029.0,0.2915,1173,1029.0,0.2915451895043732
ED_n040_003_a25_007,ED,352.0,352.0,0.0,474,352.0,0.0
ED_n040_003_a50_008,ED,994.0,994.0,0.0,1131,994.0,0.0
ED_n040_003_a75_009,ED,1138.0,1138.0,0.0,1164,1138.0,0.0
ED_n040_004_a25_010,ED,422.0,422.0,0.0,433,422.0,0.0
ED_n040_004_a50_011,ED,1154.0,1165.0,0.9442,1528,1165.0,0.944206008583691
ED_n040_004_a75_012,ED,1526.0,1526.0,0.0,1543,1526.0,0.0
ED_n040_005_a25_013,ED,445.0,445.0,0.0,651,445.0,0.0
ED_n040_005_a50_014,ED,1161.0,1162.0,0.0861,1477,1162.0,0.08605851979345956
ED_n040_005_a75_015,ED,1466.0,1466.0,0.0,1489,1466.0,0.0
ED_n045_006_a25_016,ED,523.0,523.0,0.0,590,523.0,0.0
ED_n045_006_a50_017,ED,1099.0,1099.0,0.0,1258,1099.0,0.0
ED_n045_006_a75_018,ED,1244.0,1244.0,0.0,1260,1244.0,0.0
ED_n045_007_a25_019,ED,253.0,253.0,0.0,277,253.0,0.0
ED_n045_007_a50_020,ED,914.0,915.0,0.1093,1272,915.0,0.1092896174863388
ED_n045_007_a75_021,ED,1278.0,1278.0,0.0,1386,1278.0,0.0
ED_n045_008_a25_022,ED,732.0,732.0,0.0,918,732.0,0.0
ED_n045_008_a50_023,ED,1326.0,1326.0,0.0,1472,1326.0,0.0
ED_n045_008_a75_024,ED,1471.0,1471.0,0.0,1485,1471.0,0.0
ED_n045_009_a25_025,ED,843.0,843.0,0.0,1176,843.0,0.0
ED_n045_009_a50_026,ED,1487.0,1488.0,0.0672,1645,1488.0,0.06720430107526883
ED_n045_009_a75_027,ED,1650.0,1650.0,0.0,1656,1650.0,0.0
ED_n045_010_a25_028,ED,813.0,813.0,0.0,970,813.0,0.0
ED_n045_010_a50_029,ED,1449.0,1449.0,0.0,1618,1449.0,0.0
ED_n045_010_a75_030,ED,1596.0,1596.0,0.0,1629,1596.0,0.0
ED_n050_011_a25_031,ED,623.0,623.0,0.0,690,623.0,0.0
ED_n050_011_a50_032,ED,1306.0,1307.0,0.0765,1468,1307.0,0.07651109410864575
ED_n050_011_a75_033,ED,1464.0,1464.0,0.0,1481,1464.0,0.0
ED_n050_012_a25_034,ED,354.0,354.0,0.0,387,354.0,0.0
ED_n050_012_a50_035,ED,1014.0,1015.0,0.0985,1402,1015.0,0.09852216748768472
ED_n050_012_a75_036,ED,1378.0,1381.0,0.2172,1517,1381.0,0.2172338884866039
ED_n050_013_a25_037,ED,742.0,742.0,0.0,1017,742.0,0.0
ED_n050_013_a50_038,ED,1337.0,1340.0,0.2239,1585,1340.0,0.22388059701492538
ED_n050_013_a75_039,ED,1582.0,1582.0,0.0,1607,1582.0,0.0
ED_n050_014_a25_040,ED,1034.0,1034.0,0.0,1586,1034.0,0.0
ED_n050_014_a50_041,ED,1787.0,1797.0,0.5565,2055,1797.0,0.5564830272676683
ED_n050_014_a75_042,ED,2058.0,2058.0,0.0,2066,2058.0,0.0
ED_n050_015_a25_043,ED,852.0,853.0,0.1172,1102,853.0,0.11723329425556857
ED_n050_015_a50_044,ED,1482.0,1484.0,0.1348,1641,1484.0,0.13477088948787064
ED_n050_015_a75_045,ED,1626.0,1626.0,0.0,1652,1626.0,0.0
ED_n055_016_a25_046,ED,845.0,846.0,0.1182,1309,846.0,0.1182033096926714
ED_n055_016_a50_047,ED,1447.0,1447.0,0.0,1492,1447.0,0.0
ED_n055_016_a75_048,ED,1488.0,1488.0,0.0,1504,1488.0,0.0
ED_n055_017_a25_049,ED,364.0,364.0,0.0,398,364.0,0.0
ED_n055_017_a50_050,ED,1135.0,1136.0,0.088,1533,1136.0,0.08802816901408451
ED_n055_017_a75_051,ED,1489.0,1490.0,0.0671,1648,1490.0,0.06711409395973154
ED_n055_018_a25_052,ED,742.0,744.0,0.2688,1019,744.0,0.2688172043010753
ED_n055_018_a50_053,ED,1348.0,1351.0,0.2221,1606,1351.0,0.22205773501110287
ED_n055_018_a75_054,ED,1601.0,1602.0,0.0624,1629,1602.0,0.062421972534332085
ED_n055_019_a25_055,ED,1036.0,1038.0,0.1927,1597,1038.0,0.1926782273603083
ED_n055_019_a50_056,ED,1897.0,1907.0,0.5244,2167,1907.0,0.5243838489774515
ED_n055_019_a75_057,ED,2169.0,2170.0,0.0461,2179,2170.0,0.04608294930875576
ED_n055_020_a25_058,ED,963.0,964.0,0.1037,1313,964.0,0.1037344398340249
ED_n055_020_a50_059,ED,1790.0,1790.0,0.0,1971,1790.0,0.0
ED_n055_020_a75_060,ED,1954.0,1956.0,0.1022,1972,1956.0,0.10224948875255625
ED_n060_021_a25_061,ED,846.0,846.0,0.0,1409,846.0,0.0
ED_n060_021_a50_062,ED,1637.0,1638.0,0.0611,1703,1638.0,0.06105006105006105
ED_n060_021_a75_063,ED,1698.0,1699.0,0.0589,1716,1699.0,0.05885815185403178
ED_n060_022_a25_064,ED,864.0,864.0,0.0,1157,864.0,0.0
ED_n060_022_a50_065,ED,1737.0,1766.0,1.6421,1948,1766.0,1.6421291053227631
ED_n060_022_a75_066,ED,1944.0,1954.0,0.5118,1959,1954.0,0.511770726714432
ED_n060_023_a25_067,ED,1050.0,1051.0,0.0951,1328,1051.0,0.09514747859181732
ED_n060_023_a50_068,ED,1736.0,1739.0,0.1725,2017,1739.0,0.17251293847038526
ED_n060_023_a75_069,ED,2002.0,2002.0,0.0,2040,2002.0,0.0
ED_n060_024_a25_070,ED,1253.0,1260.0,0.5556,2127,1260.0,0.5555555555555556
ED_n060_024_a50_071,ED,2138.0,2144.0,0.2799,2389,2144.0,0.2798507462686567
ED_n060_024_a75_072,ED,2383.0,2387.0,0.1676,2391,2387.0,0.1675743611227482
ED_n060_025_a25_073,ED,1346.0,1348.0,0.1484,1825,1348.0,0.1483679525222552
ED_n060_025_a50_074,ED,2014.0,2034.0,0.9833,2281,2034.0,0.983284169124877
ED_n060_025_a75_075,ED,2268.0,2269.0,0.0441,2292,2269.0,0.044072278536800354
ED_n065_026_a25_076,ED,858.0,859.0,0.1164,1511,859.0,0.11641443538998836
ED_n065_026_a50_077,ED,1838.0,1839.0,0.0544,1905,1839.0,0.0543773790103317
ED_n065_026_a75_078,ED,1900.0,1901.0,0.0526,1919,1901.0,0.052603892688058915
ED_n065_027_a25_079,ED,874.0,874.0,0.0,1178,874.0,0.0
ED_n065_027_a50_080,ED,1747.0,1766.0,1.0759,1980,1766.0,1.0758776896942241
ED_n065_027_a75_081,ED,1972.0,1982.0,0.5045,1991,1982.0,0.5045408678102926
ED_n065_028_a25_082,ED,1152.0,1157.0,0.4322,1723,1157.0,0.432152117545376
ED_n065_028_a50_083,ED,1948.0,1950.0,0.1026,2132,1950.0,0.10256410256410256
ED_n065_028_a75_084,ED,2143.0,2147.0,0.1863,2153,2147.0,0.18630647414997673
ED_n065_029_a25_085,ED,1343.0,1351.0,0.5922,2329,1351.0,0.5921539600296076
ED_n065_029_a50_086,ED,2340.0,2341.0,0.0427,2601,2341.0,0.042716787697565144
ED_n065_029_a75_087,ED,2596.0,2599.0,0.1154,2603,2599.0,0.11542901115813775
ED_n065_030_a25_088,ED,1478.0,1488.0,0.672,2147,1488.0,0.6720430107526881
ED_n065_030_a50_089,ED,2334.0,2340.0,0.2564,2512,2340.0,0.2564102564102564
ED_n065_030_a75_090,ED,2496.0,2497.0,0.04,2513,2497.0,0.040048057669203045
ED_n070_031_a25_091,ED,878.0,878.0,0.0,1522,878.0,0.0
ED_n070_031_a50_092,ED,1858.0,1859.0,0.0538,1926,1859.0,0.05379236148466917
ED_n070_031_a75_093,ED,1929.0,1932.0,0.1553,1951,1932.0,0.15527950310559005
ED_n070_032_a25_094,ED,974.0,974.0,0.0,1391,974.0,0.0
ED_n070_032_a50_095,ED,1867.0,1877.0,0.5328,2102,1877.0,0.5327650506126799
ED_n070_032_a75_096,ED,2083.0,2096.0,0.6202,2113,2096.0,0.6202290076335878
ED_n070_033_a25_097,ED,1483.0,1483.0,0.0,2174,1483.0,0.0
ED_n070_033_a50_098,ED,2197.0,2202.0,0.2271,2363,2202.0,0.2270663033605813
ED_n070_033_a75_099,ED,2350.0,2350.0,0.0,2365,2350.0,0.0
ED_n070_034_a25_100,ED,1445.0,1445.0,0.0,2529,1445.0,0.0
ED_n070_034_a50_101,ED,2540.0,2546.0,0.2357,2911,2546.0,0.2356637863315004
ED_n070_034_a75_102,ED,2904.0,2909.0,0.1719,2914,2909.0,0.1718803712616019
ED_n070_035_a25_103,ED,1479.0,1489.0,0.6716,2159,1489.0,0.6715916722632639
ED_n070_035_a50_104,ED,2347.0,2352.0,0.2126,2535,2352.0,0.21258503401360546
ED_n070_035_a75_105,ED,2518.0,2519.0,0.0397,2536,2519.0,0.03969829297340214
ED_n075_036_a25_106,ED,1076.0,1077.0,0.0929,1734,1077.0,0.09285051067780872
ED_n075_036_a50_107,ED,1988.0,1989.0,0.0503,2150,1989.0,0.050276520864756154
ED_n075_036_a75_108,ED,2141.0,2144.0,0.1399,2163,2144.0,0.13992537313432835
ED_n075_037_a25_109,ED,1273.0,1282.0,0.702,1902,1282.0,0.702028081123245
ED_n075_037_a50_110,ED,2099.0,2103.0,0.1902,2332,2103.0,0.1902044698050404
ED_n075_037_a75_111,ED,2326.0,2327.0,0.043,2343,2327.0,0.04297378599054577
ED_n075_038_a25_112,ED,1685.0,1690.0,0.2959,2375,1690.0,0.2958579881656805
ED_n075_038_a50_113,ED,2411.0,2415.0,0.1656,2585,2415.0,0.16563146997929606
ED_n075_038_a75_114,ED,2577.0,2582.0,0.1936,2586,2582.0,0.19364833462432224
ED_n075_039_a25_115,ED,1964.0,1965.0,0.0509,2763,1965.0,0.05089058524173028
ED_n075_039_a50_116,ED,3041.0,3051.0,0.3278,3116,3051.0,0.32776138970829233
ED_n075_039_a75_117,ED,3113.0,3115.0,0.0642,3117,3115.0,0.06420545746388442
ED_n075_040_a25_118,ED,1588.0,1595.0,0.4389,2380,1595.0,0.438871473354232
ED_n075_040_a50_119,ED,2565.0,2572.0,0.2722,2756,2572.0,0.27216174183514774
ED_n075_040_a75_120,ED,2731.0,2740.0,0.3285,2757,2740.0,0.3284671532846715
ED_n080_041_a25_121,ED,1504.0,1506.0,0.1328,2114,1506.0,0.13280212483399734
ED_n080_041_a50_122,ED,2227.0,2232.0,0.224,2283,2232.0,0.2240143369175627
ED_n080_041_a75_123,ED,2269.0,2271.0,0.0881,2285,2271.0,0.08806693086745927
ED_n080_042_a25_124,ED,1305.0,1311.0,0.4577,2033,1311.0,0.4576659038901602
ED_n080_042_a50_125,ED,2161.0,2165.0,0.1848,2463,2165.0,0.18475750577367206
ED_n080_042_a75_126,ED,2457.0,2458.0,0.0407,2474,2458.0,0.04068348250610252
ED_n080_043_a25_127,ED,1785.0,1789.0,0.2236,2586,1789.0,0.22358859698155395
ED_n080_043_a50_128,ED,2628.0,2635.0,0.2657,2806,2635.0,0.2656546489563567
ED_n080_043_a75_129,ED,2797.0,2803.0,0.2141,2807,2803.0,0.21405636817695325
ED_n080_044_a25_130,ED,1965.0,1969.0,0.2031,2774,1969.0,0.20314880650076178
ED_n080_044_a50_131,ED,3148.0,3156.0,0.2535,3326,3156.0,0.25348542458808615
ED_n080_044_a75_132,ED,3322.0,3326.0,0.1203,3329,3326.0,0.12026458208057728
ED_n080_045_a25_133,ED,1681.0,1687.0,0.3557,2482,1687.0,0.35566093657379966
ED_n080_045_a50_134,ED,2666.0,2674.0,0.2992,2959,2674.0,0.2991772625280479
ED_n080_045_a75_135,ED,2933.0,2942.0,0.3059,2960,2942.0,0.30591434398368456
