instance_id,family,n,budget_level,seed_set,best_primal_profit,lagrangian_upper_bound_raw,lagrangian_upper_bound_reported,certificate_gap_percent,stop_reason,runtime_seconds,proven_optimal_by_lagrangian_match,matches_bpc_optimum,improves_published_bks,published_bks
B_n100_001_a25_001,B,100,0.25,42;123;456;789;1337;2024,2142.0,2144.0,2144.0,0.0934,GAP<0.3%,300.6,False,True,False,2142.0
B_n100_001_a50_002,B,100,0.5,42;123;456;789;1337;2024,3025.0,3026.0,3026.0,0.0331,GAP<0.3%,301.2,False,True,False,3025.0
B_n100_001_a75_003,B,100,0.75,42;123;456;789;1337;2024,3119.0,3119.0,3119.0,0.0,UB,0.4,True,True,False,3119.0
B_n100_002_a25_004,B,100,0.25,42;123;456;789;1337;2024,2364.0,2366.0,2366.0,0.0846,GAP<0.3%,600.8,False,True,False,2364.0
B_n100_002_a50_005,B,100,0.5,42;123;456;789;1337;2024,3173.0,3173.0,3173.0,0.0,GAP<0.3%,601.3,True,True,False,3173.0
B_n100_002_a75_006,B,100,0.75,42;123;456;789;1337;2024,3329.0,3329.0,3329.0,0.0,UB,0.2,True,True,False,3329.0
B_n100_003_a25_007,B,100,0.25,42;123;456;789;1337;2024,2312.0,2313.0,2313.0,0.0433,GAP<0.3%,600.8,False,True,False,2312.0
B_n100_003_a50_008,B,100,0.5,42;123;456;789;1337;2024,3179.0,3179.0,3179.0,0.0,UB,0.5,True,True,False,3179.0
B_n100_003_a75_009,B,100,0.75,42;123;456;789;1337;2024,3277.0,3277.0,3277.0,0.0,UB,0.7,True,True,False,3277.0
B_n100_004_a25_010,B,100,0.25,42;123;456;789;1337;2024,2831.0,2839.0,2839.0,0.2826,GAP<0.3%,600.9,False,True,False,2831.0
B_n100_004_a50_011,B,100,0.5,42;123;456;789;1337;2024,4102.0,4102.0,4102.0,0.0,UB,0.7,True,True,False,4102.0
B_n100_004_a75_012,B,100,0.75,42;123;456;789;1337;2024,4174.0,4174.0,4174.0,0.0,UB,0.2,True,True,False,4174.0
B_n100_005_a25_013,B,100,0.25,42;123;456;789;1337;2024,2241.0,2242.0,2242.0,0.0446,GAP<0.3%,600.6,False,True,False,2241.0
B_n100_005_a50_014,B,100,0.5,42;123;456;789;1337;2024,3344.0,3352.0,3352.0,0.2392,GAP<0.3%,301.8,False,True,False,3344.0
B_n100_005_a75_015,B,100,0.75,42;123;456;789;1337;2024,3512.0,3512.0,3512.0,0.0,UB,0.5,True,True,False,3512.0
B_n110_006_a25_016,B,110,0.25,42;123;456;789;1337;2024,2434.0,2473.0,2473.0,1.6023,TIERS_EXHAUSTED,902.8,False,True,False,2434.0
B_n110_006_a50_017,B,110,0.5,42;123;456;789;1337;2024,3465.0,3475.0,3475.0,0.2886,GAP<0.3%,603.2,False,True,False,3465.0
B_n110_006_a75_018,B,110,0.75,42;123;456;789;1337;2024,3614.0,3614.0,3614.0,0.0,UB,0.7,True,True,False,3614.0
B_n110_007_a25_019,B,110,0.25,42;123;456;789;1337;2024,2510.0,2515.0,2515.0,0.1992,GAP<0.3%,901.3,False,True,False,2510.0
B_n110_007_a50_020,B,110,0.5,42;123;456;789;1337;2024,3603.0,3605.0,3605.0,0.0555,GAP<0.3%,601.9,False,True,False,3603.0
B_n110_007_a75_021,B,110,0.75,42;123;456;789;1337;2024,3780.0,3780.0,3780.0,0.0,UB,0.3,True,True,False,3780.0
B_n110_008_a25_022,B,110,0.25,42;123;456;789;1337;2024,2531.0,2535.0,2535.0,0.158,GAP<0.3%,601.0,False,True,False,2531.0
B_n110_008_a50_023,B,110,0.5,42;123;456;789;1337;2024,3700.0,3700.0,3700.0,0.0,UB,0.7,True,True,False,3700.0
B_n110_008_a75_024,B,110,0.75,42;123;456;789;1337;2024,3808.0,3808.0,3808.0,0.0,UB,0.8,True,True,False,3808.0
B_n110_009_a25_025,B,110,0.25,42;123;456;789;1337;2024,3221.0,3226.0,3226.0,0.1552,GAP<0.3%,600.8,False,True,False,3221.0
B_n110_009_a50_026,B,110,0.5,42;123;456;789;1337;2024,4524.0,4526.0,4526.0,0.0442,GAP<0.3%,601.9,False,True,False,4524.0
B_n110_009_a75_027,B,110,0.75,42;123;456;789;1337;2024,4696.0,4696.0,4696.0,0.0,UB,0.5,True,True,False,4696.0
B_n110_010_a25_028,B,110,0.25,42;123;456;789;1337;2024,2549.0,2553.0,2553.0,0.1569,GAP<0.3%,300.5,False,True,False,2549.0
B_n110_010_a50_029,B,110,0.5,42;123;456;789;1337;2024,3674.0,3684.0,3684.0,0.2722,GAP<0.3%,301.7,False,True,False,3674.0
B_n110_010_a75_030,B,110,0.75,42;123;456;789;1337;2024,3853.0,3853.0,3853.0,0.0,UB,0.8,True,True,False,3853.0
B_n120_011_a25_031,B,120,0.25,42;123;456;789;1337;2024,2526.0,2574.0,2574.0,1.9002,TIERS_EXHAUSTED,905.4,False,False,False,2526.0
B_n120_011_a50_032,B,120,0.5,42;123;456;789;1337;2024,3899.0,3909.0,3909.0,0.2565,GAP<0.3%,603.1,False,True,False,3899.0
B_n120_011_a75_033,B,120,0.75,42;123;456;789;1337;2024,4074.0,4074.0,4074.0,0.0,UB,0.7,True,True,False,4074.0
B_n120_012_a25_034,B,120,0.25,42;123;456;789;1337;2024,2871.0,2883.0,2883.0,0.418,TIERS_EXHAUSTED,903.6,False,False,False,2871.0
B_n120_012_a50_035,B,120,0.5,42;123;456;789;1337;2024,4182.0,4182.0,4182.0,0.0,UB,1.1,True,True,False,4182.0
B_n120_012_a75_036,B,120,0.75,42;123;456;789;1337;2024,4222.0,4222.0,4222.0,0.0,UB,0.2,True,True,False,4222.0
B_n120_013_a25_037,B,120,0.25,42;123;456;789;1337;2024,2942.0,2949.0,2949.0,0.2379,GAP<0.3%,601.5,False,False,False,2942.0
B_n120_013_a50_038,B,120,0.5,42;123;456;789;1337;2024,4064.0,4064.0,4064.0,0.0,GAP<0.3%,301.0,True,True,False,4064.0
B_n120_013_a75_039,B,120,0.75,42;123;456;789;1337;2024,4147.0,4147.0,4147.0,0.0,UB,0.6,True,True,False,4147.0
B_n120_014_a25_040,B,120,0.25,42;123;456;789;1337;2024,3242.0,3294.0,3294.0,1.6039,TIERS_EXHAUSTED,902.2,False,False,False,3242.0
B_n120_014_a50_041,B,120,0.5,42;123;456;789;1337;2024,4855.0,4855.0,4855.0,0.0,UB,1.4,True,True,False,4855.0
B_n120_014_a75_042,B,120,0.75,42;123;456;789;1337;2024,5038.0,5038.0,5038.0,0.0,UB,0.7,True,True,False,5038.0
B_n120_015_a25_043,B,120,0.25,42;123;456;789;1337;2024,2579.0,2583.0,2583.0,0.1551,GAP<0.3%,601.3,False,False,False,2579.0
B_n120_015_a50_044,B,120,0.5,42;123;456;789;1337;2024,4004.0,4004.0,4004.0,0.0,UB,0.9,True,True,False,4004.0
B_n120_015_a75_045,B,120,0.75,42;123;456;789;1337;2024,4282.0,4282.0,4282.0,0.0,UB,1.3,True,True,False,4282.0
B_n130_016_a25_046,B,130,0.25,42;123;456;789;1337;2024,2744.0,2799.0,2799.0,2.0044,TIERS_EXHAUSTED,903.6,False,False,False,2744.0
B_n130_016_a50_047,B,130,0.5,42;123;456;789;1337;2024,4156.0,4163.0,4163.0,0.1684,GAP<0.3%,606.1,False,False,False,4157.0
B_n130_016_a75_048,B,130,0.75,42;123;456;789;1337;2024,4333.0,4334.0,4334.0,0.0231,GAP<0.3%,304.8,False,False,True,4216.0
B_n130_017_a25_049,B,130,0.25,42;123;456;789;1337;2024,3062.0,3073.0,3073.0,0.3592,TIERS_EXHAUSTED,904.6,False,False,False,3062.0
B_n130_017_a50_050,B,130,0.5,42;123;456;789;1337;2024,4594.0,4595.0,4595.0,0.0218,GAP<0.3%,303.8,False,False,False,4594.0
B_n130_017_a75_051,B,130,0.75,42;123;456;789;1337;2024,4646.0,4646.0,4646.0,0.0,UB,0.2,True,False,True,4635.0
B_n130_018_a25_052,B,130,0.25,42;123;456;789;1337;2024,3192.0,3197.0,3197.0,0.1566,GAP<0.3%,602.1,False,False,False,3192.0
B_n130_018_a50_053,B,130,0.5,42;123;456;789;1337;2024,4497.0,4497.0,4497.0,0.0,GAP<0.3%,305.9,True,False,False,4497.0
B_n130_018_a75_054,B,130,0.75,42;123;456;789;1337;2024,4578.0,4578.0,4578.0,0.0,GAP<0.3%,303.9,True,False,False,4578.0
B_n130_019_a25_055,B,130,0.25,42;123;456;789;1337;2024,3359.0,3410.0,3410.0,1.5183,TIERS_EXHAUSTED,901.8,False,False,False,3359.0
B_n130_019_a50_056,B,130,0.5,42;123;456;789;1337;2024,5093.0,5093.0,5093.0,0.0,GAP<0.3%,302.9,True,False,False,5093.0
B_n130_019_a75_057,B,130,0.75,42;123;456;789;1337;2024,5307.0,5307.0,5307.0,0.0,GAP<0.3%,301.7,True,False,False,5307.0
B_n130_020_a25_058,B,130,0.25,42;123;456;789;1337;2024,2680.0,2684.0,2684.0,0.1493,GAP<0.3%,902.0,False,False,False,2680.0
B_n130_020_a50_059,B,130,0.5,42;123;456;789;1337;2024,4306.0,4306.0,4306.0,0.0,GAP<0.3%,302.2,True,False,True,4294.0
B_n130_020_a75_060,B,130,0.75,42;123;456;789;1337;2024,4596.0,4597.0,4597.0,0.0218,GAP<0.3%,302.8,False,False,False,4597.0
B_n140_021_a25_061,B,140,0.25,42;123;456;789;1337;2024,3142.0,3195.0,3195.0,1.6868,TIERS_EXHAUSTED,907.5,False,False,False,3142.0
B_n140_021_a50_062,B,140,0.5,42;123;456;789;1337;2024,4654.0,4660.0,4660.0,0.1289,GAP<0.3%,606.6,False,False,False,4655.0
B_n140_021_a75_063,B,140,0.75,42;123;456;789;1337;2024,4850.0,4853.0,4853.0,0.0619,GAP<0.3%,308.5,False,False,False,4852.0
B_n140_022_a25_064,B,140,0.25,42;123;456;789;1337;2024,3392.0,3395.0,3395.0,0.0884,GAP<0.3%,604.8,False,False,False,3392.0
B_n140_022_a50_065,B,140,0.5,42;123;456;789;1337;2024,5080.0,5081.0,5081.0,0.0197,GAP<0.3%,304.9,False,False,True,5034.0
B_n140_022_a75_066,B,140,0.75,42;123;456;789;1337;2024,5178.0,5178.0,5178.0,0.0,UB,0.2,True,False,False,5178.0
B_n140_023_a25_067,B,140,0.25,42;123;456;789;1337;2024,3781.0,3798.0,3798.0,0.4496,TIERS_EXHAUSTED,905.1,False,False,False,3781.0
B_n140_023_a50_068,B,140,0.5,42;123;456;789;1337;2024,4942.0,4949.0,4949.0,0.1416,GAP<0.3%,608.2,False,False,True,4815.0
B_n140_023_a75_069,B,140,0.75,42;123;456;789;1337;2024,5095.0,5095.0,5095.0,0.0,GAP<0.3%,303.0,True,False,False,5095.0
B_n140_024_a25_070,B,140,0.25,42;123;456;789;1337;2024,4264.0,4315.0,4315.0,1.1961,TIERS_EXHAUSTED,904.7,False,False,False,4264.0
B_n140_024_a50_071,B,140,0.5,42;123;456;789;1337;2024,5577.0,5578.0,5578.0,0.0179,GAP<0.3%,304.0,False,False,False,5578.0
B_n140_024_a75_072,B,140,0.75,42;123;456;789;1337;2024,5663.0,5663.0,5663.0,0.0,UB,0.6,True,False,False,5663.0
B_n140_025_a25_073,B,140,0.25,42;123;456;789;1337;2024,3331.0,3335.0,3335.0,0.1201,GAP<0.3%,601.5,False,False,False,3331.0
B_n140_025_a50_074,B,140,0.5,42;123;456;789;1337;2024,4639.0,4642.0,4642.0,0.0647,GAP<0.3%,905.0,False,False,False,4639.0
B_n140_025_a75_075,B,140,0.75,42;123;456;789;1337;2024,4941.0,4941.0,4941.0,0.0,GAP<0.3%,307.4,True,False,False,4941.0
B_n150_026_a25_076,B,150,0.25,42;123;456;789;1337;2024,3246.0,3307.0,3307.0,1.8792,TIERS_EXHAUSTED,906.3,False,False,False,
B_n150_026_a50_077,B,150,0.5,42;123;456;789;1337;2024,4973.0,4982.0,4982.0,0.181,GAP<0.3%,908.2,False,False,False,
B_n150_026_a75_078,B,150,0.75,42;123;456;789;1337;2024,5191.0,5194.0,5194.0,0.0578,GAP<0.3%,307.1,False,False,False,
B_n150_027_a25_079,B,150,0.25,42;123;456;789;1337;2024,3500.0,3510.0,3510.0,0.2857,GAP<0.3%,905.3,False,False,False,
B_n150_027_a50_080,B,150,0.5,42;123;456;789;1337;2024,5275.0,5288.0,5288.0,0.2464,GAP<0.3%,605.6,False,False,False,
B_n150_027_a75_081,B,150,0.75,42;123;456;789;1337;2024,5420.0,5421.0,5421.0,0.0185,GAP<0.3%,302.4,False,False,False,
B_n150_028_a25_082,B,150,0.25,42;123;456;789;1337;2024,3890.0,3907.0,3907.0,0.437,TIERS_EXHAUSTED,906.2,False,False,False,
B_n150_028_a50_083,B,150,0.5,42;123;456;789;1337;2024,5073.0,5086.0,5086.0,0.2563,GAP<0.3%,605.7,False,False,False,
B_n150_028_a75_084,B,150,0.75,42;123;456;789;1337;2024,5330.0,5330.0,5330.0,0.0,GAP<0.3%,303.1,True,False,False,
B_n150_029_a25_085,B,150,0.25,42;123;456;789;1337;2024,4595.0,4607.0,4607.0,0.2612,GAP<0.3%,607.2,False,False,False,
B_n150_029_a50_086,B,150,0.5,42;123;456;789;1337;2024,6102.0,6102.0,6102.0,0.0,GAP<0.3%,305.6,True,False,False,
B_n150_029_a75_087,B,150,0.75,42;123;456;789;1337;2024,6185.0,6185.0,6185.0,0.0,GAP<0.3%,302.3,True,False,False,
B_n150_030_a25_088,B,150,0.25,42;123;456;789;1337;2024,3550.0,3553.0,3553.0,0.0845,GAP<0.3%,602.4,False,False,False,
B_n150_030_a50_089,B,150,0.5,42;123;456;789;1337;2024,4973.0,4980.0,4980.0,0.1408,GAP<0.3%,605.9,False,False,False,
B_n150_030_a75_090,B,150,0.75,42;123;456;789;1337;2024,5281.0,5286.0,5286.0,0.0947,GAP<0.3%,304.0,False,False,False,
C_n050_001_a25_001,C,50,0.25,42;123;456;789;1337;2024,735.0,735.0,735.0,0.0,GAP<0.3%,299.9,True,False,False,735.0
C_n050_001_a50_002,C,50,0.5,42;123;456;789;1337;2024,1236.0,1236.0,1236.0,0.0,UB,0.1,True,False,False,1236.0
C_n050_001_a75_003,C,50,0.75,42;123;456;789;1337;2024,1445.0,1445.0,1445.0,0.0,GAP<0.3%,300.7,True,False,False,1445.0
C_n050_002_a25_004,C,50,0.25,42;123;456;789;1337;2024,783.0,783.0,783.0,0.0,GAP<0.3%,300.1,True,False,False,783.0
C_n050_002_a50_005,C,50,0.5,42;123;456;789;1337;2024,1257.0,1257.0,1257.0,0.0,UB,0.2,True,False,False,1257.0
C_n050_002_a75_006,C,50,0.75,42;123;456;789;1337;2024,1495.0,1495.0,1495.0,0.0,UB,0.3,True,False,False,1495.0
C_n050_003_a25_007,C,50,0.25,42;123;456;789;1337;2024,994.0,995.0,995.0,0.1006,GAP<0.3%,300.1,False,False,False,994.0
C_n050_003_a50_008,C,50,0.5,42;123;456;789;1337;2024,1362.0,1363.0,1363.0,0.0734,GAP<0.3%,601.1,False,False,False,1362.0
C_n050_003_a75_009,C,50,0.75,42;123;456;789;1337;2024,1595.0,1595.0,1595.0,0.0,UB,0.6,True,False,False,1595.0
C_n050_004_a25_010,C,50,0.25,42;123;456;789;1337;2024,1242.0,1243.0,1243.0,0.0805,GAP<0.3%,299.4,False,False,False,1242.0
C_n050_004_a50_011,C,50,0.5,42;123;456;789;1337;2024,2016.0,2017.0,2017.0,0.0496,GAP<0.3%,300.5,False,False,False,2016.0
C_n050_004_a75_012,C,50,0.75,42;123;456;789;1337;2024,2062.0,2062.0,2062.0,0.0,UB,0.5,True,False,False,2062.0
C_n050_005_a25_013,C,50,0.25,42;123;456;789;1337;2024,1077.0,1078.0,1078.0,0.0929,GAP<0.3%,300.2,False,False,False,1077.0
C_n050_005_a50_014,C,50,0.5,42;123;456;789;1337;2024,1684.0,1684.0,1684.0,0.0,UB,0.4,True,False,False,1684.0
C_n050_005_a75_015,C,50,0.75,42;123;456;789;1337;2024,1737.0,1737.0,1737.0,0.0,UB,0.6,True,False,False,1737.0
C_n055_006_a25_016,C,55,0.25,42;123;456;789;1337;2024,975.0,975.0,975.0,0.0,UB,0.0,True,True,False,975.0
C_n055_006_a50_017,C,55,0.5,42;123;456;789;1337;2024,1540.0,1540.0,1540.0,0.0,UB,0.4,True,True,False,1540.0
C_n055_006_a75_018,C,55,0.75,42;123;456;789;1337;2024,1589.0,1589.0,1589.0,0.0,UB,0.8,True,True,False,1589.0
C_n055_007_a25_019,C,55,0.25,42;123;456;789;1337;2024,804.0,804.0,804.0,0.0,GAP<0.3%,299.2,True,True,False,804.0
C_n055_007_a50_020,C,55,0.5,42;123;456;789;1337;2024,1368.0,1368.0,1368.0,0.0,UB,0.3,True,True,False,1368.0
C_n055_007_a75_021,C,55,0.75,42;123;456;789;1337;2024,1623.0,1623.0,1623.0,0.0,UB,0.8,True,True,False,1623.0
C_n055_008_a25_022,C,55,0.25,42;123;456;789;1337;2024,1004.0,1004.0,1004.0,0.0,GAP<0.3%,300.2,True,True,False,1004.0
C_n055_008_a50_023,C,55,0.5,42;123;456;789;1337;2024,1381.0,1382.0,1382.0,0.0724,GAP<0.3%,601.0,False,True,False,1381.0
C_n055_008_a75_024,C,55,0.75,42;123;456;789;1337;2024,1617.0,1617.0,1617.0,0.0,UB,1.1,True,True,False,1617.0
C_n055_009_a25_025,C,55,0.25,42;123;456;789;1337;2024,1353.0,1354.0,1354.0,0.0739,GAP<0.3%,300.1,False,True,False,1353.0
C_n055_009_a50_026,C,55,0.5,42;123;456;789;1337;2024,2225.0,2226.0,2226.0,0.0449,GAP<0.3%,300.7,False,True,False,2225.0
C_n055_009_a75_027,C,55,0.75,42;123;456;789;1337;2024,2373.0,2373.0,2373.0,0.0,UB,0.6,True,True,False,2373.0
C_n055_010_a25_028,C,55,0.25,42;123;456;789;1337;2024,1186.0,1187.0,1187.0,0.0843,GAP<0.3%,300.2,False,True,False,1186.0
C_n055_010_a50_029,C,55,0.5,42;123;456;789;1337;2024,1894.0,1894.0,1894.0,0.0,GAP<0.3%,601.0,True,True,False,1894.0
C_n055_010_a75_030,C,55,0.75,42;123;456;789;1337;2024,2048.0,2048.0,2048.0,0.0,UB,0.7,True,True,False,2048.0
C_n060_011_a25_031,C,60,0.25,42;123;456;789;1337;2024,1212.0,1213.0,1213.0,0.0825,GAP<0.3%,300.2,False,True,False,1212.0
C_n060_011_a50_032,C,60,0.5,42;123;456;789;1337;2024,1664.0,1664.0,1664.0,0.0,GAP<0.3%,300.8,True,True,False,1664.0
C_n060_011_a75_033,C,60,0.75,42;123;456;789;1337;2024,1713.0,1713.0,1713.0,0.0,UB,0.6,True,True,False,1713.0
C_n060_012_a25_034,C,60,0.25,42;123;456;789;1337;2024,1113.0,1115.0,1115.0,0.1797,GAP<0.3%,600.3,False,True,False,1113.0
C_n060_012_a50_035,C,60,0.5,42;123;456;789;1337;2024,1731.0,1731.0,1731.0,0.0,UB,0.9,True,True,False,1731.0
C_n060_012_a75_036,C,60,0.75,42;123;456;789;1337;2024,1759.0,1759.0,1759.0,0.0,UB,0.7,True,True,False,1759.0
C_n060_013_a25_037,C,60,0.25,42;123;456;789;1337;2024,1294.0,1294.0,1294.0,0.0,UB,0.1,True,True,False,1294.0
C_n060_013_a50_038,C,60,0.5,42;123;456;789;1337;2024,1784.0,1786.0,1786.0,0.1121,GAP<0.3%,601.6,False,True,False,1784.0
C_n060_013_a75_039,C,60,0.75,42;123;456;789;1337;2024,2019.0,2019.0,2019.0,0.0,UB,0.7,True,True,False,2019.0
C_n060_014_a25_040,C,60,0.25,42;123;456;789;1337;2024,1544.0,1545.0,1545.0,0.0648,GAP<0.3%,600.2,False,True,False,1544.0
C_n060_014_a50_041,C,60,0.5,42;123;456;789;1337;2024,2341.0,2341.0,2341.0,0.0,GAP<0.3%,300.8,True,True,False,2341.0
C_n060_014_a75_042,C,60,0.75,42;123;456;789;1337;2024,2476.0,2476.0,2476.0,0.0,UB,1.2,True,True,False,2476.0
C_n060_015_a25_043,C,60,0.25,42;123;456;789;1337;2024,1466.0,1468.0,1468.0,0.1364,GAP<0.3%,300.2,False,True,False,1466.0
C_n060_015_a50_044,C,60,0.5,42;123;456;789;1337;2024,2123.0,2123.0,2123.0,0.0,UB,0.8,True,True,False,2123.0
C_n060_015_a75_045,C,60,0.75,42;123;456;789;1337;2024,2190.0,2190.0,2190.0,0.0,UB,0.6,True,True,False,2190.0
C_n065_016_a25_046,C,65,0.25,42;123;456;789;1337;2024,1312.0,1313.0,1313.0,0.0762,GAP<0.3%,300.3,False,True,False,1312.0
C_n065_016_a50_047,C,65,0.5,42;123;456;789;1337;2024,1863.0,1863.0,1863.0,0.0,GAP<0.3%,301.3,True,False,False,1863.0
C_n065_016_a75_048,C,65,0.75,42;123;456;789;1337;2024,1924.0,1924.0,1924.0,0.0,UB,1.0,True,True,False,1924.0
C_n065_017_a25_049,C,65,0.25,42;123;456;789;1337;2024,1302.0,1303.0,1303.0,0.0768,GAP<0.3%,600.3,False,True,False,1302.0
C_n065_017_a50_050,C,65,0.5,42;123;456;789;1337;2024,1930.0,1930.0,1930.0,0.0,GAP<0.3%,301.6,True,False,False,1930.0
C_n065_017_a75_051,C,65,0.75,42;123;456;789;1337;2024,1971.0,1971.0,1971.0,0.0,UB,0.7,True,True,False,1971.0
C_n065_018_a25_052,C,65,0.25,42;123;456;789;1337;2024,1386.0,1386.0,1386.0,0.0,UB,0.1,True,True,False,1386.0
C_n065_018_a50_053,C,65,0.5,42;123;456;789;1337;2024,1905.0,1908.0,1908.0,0.1575,GAP<0.3%,601.8,False,False,False,1905.0
C_n065_018_a75_054,C,65,0.75,42;123;456;789;1337;2024,2146.0,2146.0,2146.0,0.0,UB,2.2,True,True,False,2146.0
C_n065_019_a25_055,C,65,0.25,42;123;456;789;1337;2024,1864.0,1864.0,1864.0,0.0,GAP<0.3%,600.3,True,True,False,1864.0
C_n065_019_a50_056,C,65,0.5,42;123;456;789;1337;2024,2464.0,2465.0,2465.0,0.0406,GAP<0.3%,301.0,False,False,False,2464.0
C_n065_019_a75_057,C,65,0.75,42;123;456;789;1337;2024,2600.0,2600.0,2600.0,0.0,UB,0.8,True,True,False,2600.0
C_n065_020_a25_058,C,65,0.25,42;123;456;789;1337;2024,1566.0,1568.0,1568.0,0.1277,GAP<0.3%,300.4,False,True,False,1566.0
C_n065_020_a50_059,C,65,0.5,42;123;456;789;1337;2024,2323.0,2325.0,2325.0,0.0861,GAP<0.3%,600.9,False,False,False,2323.0
C_n065_020_a75_060,C,65,0.75,42;123;456;789;1337;2024,2489.0,2489.0,2489.0,0.0,UB,1.5,True,True,False,2489.0
C_n070_021_a25_061,C,70,0.25,42;123;456;789;1337;2024,1314.0,1317.0,1317.0,0.2283,GAP<0.3%,600.6,False,True,False,1314.0
C_n070_021_a50_062,C,70,0.5,42;123;456;789;1337;2024,1964.0,1965.0,1965.0,0.0509,GAP<0.3%,301.7,False,False,False,1964.0
C_n070_021_a75_063,C,70,0.75,42;123;456;789;1337;2024,2035.0,2035.0,2035.0,0.0,UB,1.6,True,True,False,2035.0
C_n070_022_a25_064,C,70,0.25,42;123;456;789;1337;2024,1413.0,1415.0,1415.0,0.1415,GAP<0.3%,900.8,False,True,False,1413.0
C_n070_022_a50_065,C,70,0.5,42;123;456;789;1337;2024,2052.0,2060.0,2060.0,0.3899,TIERS_EXHAUSTED,903.8,False,False,False,
C_n070_022_a75_066,C,70,0.75,42;123;456;789;1337;2024,2102.0,2102.0,2102.0,0.0,UB,0.9,True,True,False,2102.0
C_n070_023_a25_067,C,70,0.25,42;123;456;789;1337;2024,1628.0,1633.0,1633.0,0.3071,TIERS_EXHAUSTED,901.6,False,True,False,1628.0
C_n070_023_a50_068,C,70,0.5,42;123;456;789;1337;2024,2305.0,2305.0,2305.0,0.0,GAP<0.3%,303.3,True,False,False,2305.0
C_n070_023_a75_069,C,70,0.75,42;123;456;789;1337;2024,2359.0,2359.0,2359.0,0.0,UB,2.6,True,True,False,2359.0
C_n070_024_a25_070,C,70,0.25,42;123;456;789;1337;2024,2046.0,2046.0,2046.0,0.0,GAP<0.3%,600.7,True,True,False,2046.0
C_n070_024_a50_071,C,70,0.5,42;123;456;789;1337;2024,2863.0,2863.0,2863.0,0.0,GAP<0.3%,301.7,True,False,False,2863.0
C_n070_024_a75_072,C,70,0.75,42;123;456;789;1337;2024,3009.0,3009.0,3009.0,0.0,UB,1.3,True,True,False,3009.0
C_n070_025_a25_073,C,70,0.25,42;123;456;789;1337;2024,1680.0,1681.0,1681.0,0.0595,GAP<0.3%,601.4,False,True,False,1680.0
C_n070_025_a50_074,C,70,0.5,42;123;456;789;1337;2024,2449.0,2451.0,2451.0,0.0817,GAP<0.3%,602.1,False,False,False,2449.0
C_n070_025_a75_075,C,70,0.75,42;123;456;789;1337;2024,2601.0,2601.0,2601.0,0.0,UB,2.2,True,True,False,2601.0
C_n075_026_a25_076,C,75,0.25,42;123;456;789;1337;2024,1316.0,1317.0,1317.0,0.076,GAP<0.3%,900.8,False,False,False,
C_n075_026_a50_077,C,75,0.5,42;123;456;789;1337;2024,1977.0,1978.0,1978.0,0.0506,GAP<0.3%,301.8,False,False,False,
C_n075_026_a75_078,C,75,0.75,42;123;456;789;1337;2024,2055.0,2055.0,2055.0,0.0,GAP<0.3%,303.4,True,False,False,
C_n075_027_a25_079,C,75,0.25,42;123;456;789;1337;2024,1618.0,1618.0,1618.0,0.0,UB,0.3,True,False,False,
C_n075_027_a50_080,C,75,0.5,42;123;456;789;1337;2024,2184.0,2185.0,2185.0,0.0458,GAP<0.3%,304.0,False,False,False,
C_n075_027_a75_081,C,75,0.75,42;123;456;789;1337;2024,2232.0,2232.0,2232.0,0.0,GAP<0.3%,302.8,True,False,False,
C_n075_028_a25_082,C,75,0.25,42;123;456;789;1337;2024,1829.0,1834.0,1834.0,0.2734,GAP<0.3%,902.7,False,False,False,
C_n075_028_a50_083,C,75,0.5,42;123;456;789;1337;2024,2538.0,2538.0,2538.0,0.0,GAP<0.3%,303.6,True,False,False,
C_n075_028_a75_084,C,75,0.75,42;123;456;789;1337;2024,2582.0,2582.0,2582.0,0.0,GAP<0.3%,304.3,True,False,False,
C_n075_029_a25_085,C,75,0.25,42;123;456;789;1337;2024,2168.0,2172.0,2172.0,0.1845,GAP<0.3%,600.8,False,False,False,
C_n075_029_a50_086,C,75,0.5,42;123;456;789;1337;2024,3004.0,3013.0,3013.0,0.2996,GAP<0.3%,303.8,False,False,False,
C_n075_029_a75_087,C,75,0.75,42;123;456;789;1337;2024,3223.0,3223.0,3223.0,0.0,UB,0.7,True,False,False,
C_n075_030_a25_088,C,75,0.25,42;123;456;789;1337;2024,1777.0,1777.0,1777.0,0.0,UB,0.4,True,False,False,
C_n075_030_a50_089,C,75,0.5,42;123;456;789;1337;2024,2568.0,2572.0,2572.0,0.1558,GAP<0.3%,603.5,False,False,False,
C_n075_030_a75_090,C,75,0.75,42;123;456;789;1337;2024,2722.0,2722.0,2722.0,0.0,GAP<0.3%,303.8,True,False,False,
C_n080_031_a25_091,C,80,0.25,42;123;456;789;1337;2024,1515.0,1516.0,1516.0,0.066,GAP<0.3%,901.4,False,False,False,
C_n080_031_a50_092,C,80,0.5,42;123;456;789;1337;2024,2287.0,2288.0,2288.0,0.0437,GAP<0.3%,303.5,False,False,False,
C_n080_031_a75_093,C,80,0.75,42;123;456;789;1337;2024,2365.0,2365.0,2365.0,0.0,GAP<0.3%,303.1,True,False,False,
C_n080_032_a25_094,C,80,0.25,42;123;456;789;1337;2024,1747.0,1747.0,1747.0,0.0,UB,0.6,True,False,False,
C_n080_032_a50_095,C,80,0.5,42;123;456;789;1337;2024,2403.0,2404.0,2404.0,0.0416,GAP<0.3%,305.6,False,False,False,
C_n080_032_a75_096,C,80,0.75,42;123;456;789;1337;2024,2461.0,2461.0,2461.0,0.0,GAP<0.3%,301.8,True,False,False,
C_n080_033_a25_097,C,80,0.25,42;123;456;789;1337;2024,2029.0,2035.0,2035.0,0.2957,GAP<0.3%,902.5,False,False,False,
C_n080_033_a50_098,C,80,0.5,42;123;456;789;1337;2024,2748.0,2748.0,2748.0,0.0,GAP<0.3%,304.1,True,False,False,
C_n080_033_a75_099,C,80,0.75,42;123;456;789;1337;2024,2803.0,2803.0,2803.0,0.0,GAP<0.3%,303.8,True,False,False,
C_n080_034_a25_100,C,80,0.25,42;123;456;789;1337;2024,2268.0,2272.0,2272.0,0.1764,GAP<0.3%,601.1,False,False,False,
C_n080_034_a50_101,C,80,0.5,42;123;456;789;1337;2024,3205.0,3207.0,3207.0,0.0624,GAP<0.3%,606.0,False,False,False,
C_n080_034_a75_102,C,80,0.75,42;123;456;789;1337;2024,3425.0,3425.0,3425.0,0.0,GAP<0.3%,301.5,True,False,False,
C_n080_035_a25_103,C,80,0.25,42;123;456;789;1337;2024,1897.0,1902.0,1902.0,0.2636,GAP<0.3%,301.6,False,False,False,
C_n080_035_a50_104,C,80,0.5,42;123;456;789;1337;2024,2778.0,2782.0,2782.0,0.144,GAP<0.3%,605.8,False,False,False,
C_n080_035_a75_105,C,80,0.75,42;123;456;789;1337;2024,2934.0,2934.0,2934.0,0.0,GAP<0.3%,301.9,True,False,False,
D_n040_001_a25_001,D,40,0.25,42;123;456;789;1337;2024,715.0,715.0,715.0,0.0,UB,0.1,True,False,False,715.0
D_n040_001_a50_002,D,40,0.5,42;123;456;789;1337;2024,970.0,970.0,970.0,0.0,GAP<0.3%,300.6,True,False,False,970.0
D_n040_001_a75_003,D,40,0.75,42;123;456;789;1337;2024,1203.0,1203.0,1203.0,0.0,UB,1.1,True,False,False,1203.0
D_n040_002_a25_004,D,40,0.25,42;123;456;789;1337;2024,352.0,352.0,352.0,0.0,UB,0.0,True,False,False,352.0
D_n040_002_a50_005,D,40,0.5,42;123;456;789;1337;2024,894.0,894.0,894.0,0.0,GAP<0.3%,300.2,True,False,False,894.0
D_n040_002_a75_006,D,40,0.75,42;123;456;789;1337;2024,1137.0,1137.0,1137.0,0.0,UB,0.5,True,False,False,1137.0
D_n040_003_a25_007,D,40,0.25,42;123;456;789;1337;2024,563.0,563.0,563.0,0.0,GAP<0.3%,600.2,True,False,False,563.0
D_n040_003_a50_008,D,40,0.5,42;123;456;789;1337;2024,1023.0,1023.0,1023.0,0.0,GAP<0.3%,300.4,True,False,False,1023.0
D_n040_003_a75_009,D,40,0.75,42;123;456;789;1337;2024,1149.0,1149.0,1149.0,0.0,UB,1.2,True,False,False,1149.0
D_n040_004_a25_010,D,40,0.25,42;123;456;789;1337;2024,723.0,723.0,723.0,0.0,UB,0.0,True,False,False,723.0
D_n040_004_a50_011,D,40,0.5,42;123;456;789;1337;2024,1374.0,1374.0,1374.0,0.0,GAP<0.3%,300.8,True,False,False,1374.0
D_n040_004_a75_012,D,40,0.75,42;123;456;789;1337;2024,1537.0,1537.0,1537.0,0.0,UB,1.6,True,False,False,1537.0
D_n040_005_a25_013,D,40,0.25,42;123;456;789;1337;2024,837.0,837.0,837.0,0.0,GAP<0.3%,300.2,True,False,False,837.0
D_n040_005_a50_014,D,40,0.5,42;123;456;789;1337;2024,1351.0,1353.0,1353.0,0.148,GAP<0.3%,601.3,False,False,False,1351.0
D_n040_005_a75_015,D,40,0.75,42;123;456;789;1337;2024,1467.0,1467.0,1467.0,0.0,UB,0.9,True,False,False,1467.0
D_n045_006_a25_016,D,45,0.25,42;123;456;789;1337;2024,745.0,745.0,745.0,0.0,GAP<0.3%,300.5,True,True,False,745.0
D_n045_006_a50_017,D,45,0.5,42;123;456;789;1337;2024,1208.0,1208.0,1208.0,0.0,UB,2.2,True,True,False,1208.0
D_n045_006_a75_018,D,45,0.75,42;123;456;789;1337;2024,1245.0,1245.0,1245.0,0.0,UB,2.8,True,True,False,1245.0
D_n045_007_a25_019,D,45,0.25,42;123;456;789;1337;2024,662.0,663.0,663.0,0.1511,GAP<0.3%,300.1,False,True,False,662.0
D_n045_007_a50_020,D,45,0.5,42;123;456;789;1337;2024,1105.0,1105.0,1105.0,0.0,GAP<0.3%,900.7,True,True,False,1105.0
D_n045_007_a75_021,D,45,0.75,42;123;456;789;1337;2024,1369.0,1369.0,1369.0,0.0,UB,1.8,True,True,False,1369.0
D_n045_008_a25_022,D,45,0.25,42;123;456;789;1337;2024,953.0,953.0,953.0,0.0,GAP<0.3%,300.3,True,True,False,953.0
D_n045_008_a50_023,D,45,0.5,42;123;456;789;1337;2024,1337.0,1338.0,1338.0,0.0748,GAP<0.3%,601.9,False,True,False,1337.0
D_n045_008_a75_024,D,45,0.75,42;123;456;789;1337;2024,1483.0,1483.0,1483.0,0.0,UB,1.8,True,True,False,1483.0
D_n045_009_a25_025,D,45,0.25,42;123;456;789;1337;2024,936.0,938.0,938.0,0.2137,GAP<0.3%,600.7,False,True,False,936.0
D_n045_009_a50_026,D,45,0.5,42;123;456;789;1337;2024,1528.0,1528.0,1528.0,0.0,UB,2.2,True,True,False,1528.0
D_n045_009_a75_027,D,45,0.75,42;123;456;789;1337;2024,1651.0,1651.0,1651.0,0.0,UB,4.3,True,True,False,1651.0
D_n045_010_a25_028,D,45,0.25,42;123;456;789;1337;2024,957.0,957.0,957.0,0.0,GAP<0.3%,300.5,True,True,False,957.0
D_n045_010_a50_029,D,45,0.5,42;123;456;789;1337;2024,1462.0,1464.0,1464.0,0.1368,GAP<0.3%,602.2,False,True,False,1462.0
D_n045_010_a75_030,D,45,0.75,42;123;456;789;1337;2024,1613.0,1613.0,1613.0,0.0,UB,2.4,True,True,False,1613.0
D_n050_011_a25_031,D,50,0.25,42;123;456;789;1337;2024,952.0,952.0,952.0,0.0,GAP<0.3%,300.4,True,True,False,952.0
D_n050_011_a50_032,D,50,0.5,42;123;456;789;1337;2024,1418.0,1418.0,1418.0,0.0,UB,2.2,True,True,False,1418.0
D_n050_011_a75_033,D,50,0.75,42;123;456;789;1337;2024,1464.0,1464.0,1464.0,0.0,UB,5.3,True,True,False,1464.0
D_n050_012_a25_034,D,50,0.25,42;123;456;789;1337;2024,753.0,754.0,754.0,0.1328,GAP<0.3%,300.1,False,True,False,753.0
D_n050_012_a50_035,D,50,0.5,42;123;456;789;1337;2024,1216.0,1216.0,1216.0,0.0,GAP<0.3%,901.9,True,True,False,1216.0
D_n050_012_a75_036,D,50,0.75,42;123;456;789;1337;2024,1478.0,1478.0,1478.0,0.0,GAP<0.3%,303.3,True,True,False,1478.0
D_n050_013_a25_037,D,50,0.25,42;123;456;789;1337;2024,963.0,963.0,963.0,0.0,GAP<0.3%,300.2,True,True,False,963.0
D_n050_013_a50_038,D,50,0.5,42;123;456;789;1337;2024,1349.0,1352.0,1352.0,0.2224,GAP<0.3%,604.5,False,True,False,1349.0
D_n050_013_a75_039,D,50,0.75,42;123;456;789;1337;2024,1593.0,1593.0,1593.0,0.0,UB,4.6,True,True,False,1593.0
D_n050_014_a25_040,D,50,0.25,42;123;456;789;1337;2024,1136.0,1138.0,1138.0,0.1761,GAP<0.3%,900.6,False,True,False,1136.0
D_n050_014_a50_041,D,50,0.5,42;123;456;789;1337;2024,1809.0,1813.0,1813.0,0.2211,GAP<0.3%,603.9,False,True,False,1809.0
D_n050_014_a75_042,D,50,0.75,42;123;456;789;1337;2024,2061.0,2061.0,2061.0,0.0,UB,7.2,True,True,False,2061.0
D_n050_015_a25_043,D,50,0.25,42;123;456;789;1337;2024,968.0,969.0,969.0,0.1033,GAP<0.3%,901.0,False,True,False,968.0
D_n050_015_a50_044,D,50,0.5,42;123;456;789;1337;2024,1591.0,1591.0,1591.0,0.0,UB,2.6,True,True,False,1591.0
D_n050_015_a75_045,D,50,0.75,42;123;456;789;1337;2024,1635.0,1635.0,1635.0,0.0,UB,5.5,True,True,False,1635.0
D_n055_016_a25_046,D,55,0.25,42;123;456;789;1337;2024,984.0,985.0,985.0,0.1016,GAP<0.3%,901.5,False,True,False,984.0
D_n055_016_a50_047,D,55,0.5,42;123;456;789;1337;2024,1449.0,1449.0,1449.0,0.0,GAP<0.3%,311.8,True,True,False,1449.0
D_n055_016_a75_048,D,55,0.75,42;123;456;789;1337;2024,1491.0,1491.0,1491.0,0.0,UB,7.3,True,True,False,1491.0
D_n055_017_a25_049,D,55,0.25,42;123;456;789;1337;2024,773.0,773.0,773.0,0.0,GAP<0.3%,300.4,True,True,False,773.0
D_n055_017_a50_050,D,55,0.5,42;123;456;789;1337;2024,1337.0,1337.0,1337.0,0.0,GAP<0.3%,902.6,True,True,False,1337.0
D_n055_017_a75_051,D,55,0.75,42;123;456;789;1337;2024,1609.0,1609.0,1609.0,0.0,GAP<0.3%,308.0,True,True,False,1609.0
D_n055_018_a25_052,D,55,0.25,42;123;456;789;1337;2024,973.0,973.0,973.0,0.0,GAP<0.3%,300.5,True,True,False,973.0
D_n055_018_a50_053,D,55,0.5,42;123;456;789;1337;2024,1368.0,1370.0,1370.0,0.1462,GAP<0.3%,605.4,False,True,False,1368.0
D_n055_018_a75_054,D,55,0.75,42;123;456;789;1337;2024,1614.0,1614.0,1614.0,0.0,UB,7.0,True,True,False,1614.0
D_n055_019_a25_055,D,55,0.25,42;123;456;789;1337;2024,1147.0,1157.0,1157.0,0.8718,TIERS_EXHAUSTED,900.9,False,True,False,1147.0
D_n055_019_a50_056,D,55,0.5,42;123;456;789;1337;2024,1920.0,1925.0,1925.0,0.2604,GAP<0.3%,604.9,False,True,False,1920.0
D_n055_019_a75_057,D,55,0.75,42;123;456;789;1337;2024,2173.0,2173.0,2173.0,0.0,UB,6.2,True,True,False,2173.0
D_n055_020_a25_058,D,55,0.25,42;123;456;789;1337;2024,1157.0,1159.0,1159.0,0.1729,GAP<0.3%,901.7,False,True,False,1157.0
D_n055_020_a50_059,D,55,0.5,42;123;456;789;1337;2024,1891.0,1891.0,1891.0,0.0,GAP<0.3%,304.9,True,True,False,1891.0
D_n055_020_a75_060,D,55,0.75,42;123;456;789;1337;2024,1958.0,1958.0,1958.0,0.0,UB,2.8,True,True,False,1958.0
D_n060_021_a25_061,D,60,0.25,42;123;456;789;1337;2024,1084.0,1085.0,1085.0,0.0923,GAP<0.3%,601.8,False,True,False,1084.0
D_n060_021_a50_062,D,60,0.5,42;123;456;789;1337;2024,1646.0,1646.0,1646.0,0.0,GAP<0.3%,309.6,True,False,False,1646.0
D_n060_021_a75_063,D,60,0.75,42;123;456;789;1337;2024,1700.0,1700.0,1700.0,0.0,UB,9.5,True,False,False,1700.0
D_n060_022_a25_064,D,60,0.25,42;123;456;789;1337;2024,1083.0,1084.0,1084.0,0.0923,GAP<0.3%,901.0,False,True,False,1083.0
D_n060_022_a50_065,D,60,0.5,42;123;456;789;1337;2024,1777.0,1790.0,1790.0,0.7316,TIERS_EXHAUSTED,907.0,False,False,False,1778.0
D_n060_022_a75_066,D,60,0.75,42;123;456;789;1337;2024,1956.0,1956.0,1956.0,0.0,UB,3.6,True,False,False,1956.0
D_n060_023_a25_067,D,60,0.25,42;123;456;789;1337;2024,1263.0,1265.0,1265.0,0.1584,GAP<0.3%,601.0,False,True,False,1263.0
D_n060_023_a50_068,D,60,0.5,42;123;456;789;1337;2024,1767.0,1771.0,1771.0,0.2264,GAP<0.3%,607.2,False,False,False,1767.0
D_n060_023_a75_069,D,60,0.75,42;123;456;789;1337;2024,2015.0,2018.0,2018.0,0.1489,GAP<0.3%,314.5,False,False,True,2004.0
D_n060_024_a25_070,D,60,0.25,42;123;456;789;1337;2024,1583.0,1584.0,1584.0,0.0632,GAP<0.3%,300.6,False,True,False,1583.0
D_n060_024_a50_071,D,60,0.5,42;123;456;789;1337;2024,2249.0,2249.0,2249.0,0.0,GAP<0.3%,612.7,True,False,False,2249.0
D_n060_024_a75_072,D,60,0.75,42;123;456;789;1337;2024,2387.0,2387.0,2387.0,0.0,UB,7.2,True,False,False,2387.0
D_n060_025_a25_073,D,60,0.25,42;123;456;789;1337;2024,1559.0,1563.0,1563.0,0.2566,GAP<0.3%,603.7,False,True,False,1559.0
D_n060_025_a50_074,D,60,0.5,42;123;456;789;1337;2024,2114.0,2114.0,2114.0,0.0,GAP<0.3%,614.2,True,False,False,2114.0
D_n060_025_a75_075,D,60,0.75,42;123;456;789;1337;2024,2269.0,2269.0,2269.0,0.0,UB,9.4,True,False,False,2269.0
D_n065_026_a25_076,D,65,0.25,42;123;456;789;1337;2024,1185.0,1186.0,1186.0,0.0844,GAP<0.3%,601.3,False,False,False,
D_n065_026_a50_077,D,65,0.5,42;123;456;789;1337;2024,1848.0,1848.0,1848.0,0.0,GAP<0.3%,313.6,True,False,False,
D_n065_026_a75_078,D,65,0.75,42;123;456;789;1337;2024,1902.0,1902.0,1902.0,0.0,GAP<0.3%,316.8,True,False,False,
D_n065_027_a25_079,D,65,0.25,42;123;456;789;1337;2024,1094.0,1096.0,1096.0,0.1828,GAP<0.3%,901.6,False,False,False,
D_n065_027_a50_080,D,65,0.5,42;123;456;789;1337;2024,1788.0,1801.0,1801.0,0.7271,TIERS_EXHAUSTED,1213.7,False,False,False,
D_n065_027_a75_081,D,65,0.75,42;123;456;789;1337;2024,1984.0,1985.0,1985.0,0.0504,GAP<0.3%,313.8,False,False,False,
D_n065_028_a25_082,D,65,0.25,42;123;456;789;1337;2024,1383.0,1388.0,1388.0,0.3615,TIERS_EXHAUSTED,901.1,False,False,False,
D_n065_028_a50_083,D,65,0.5,42;123;456;789;1337;2024,1970.0,1971.0,1971.0,0.0508,GAP<0.3%,911.5,False,False,False,
D_n065_028_a75_084,D,65,0.75,42;123;456;789;1337;2024,2146.0,2146.0,2146.0,0.0,GAP<0.3%,315.4,True,False,False,
D_n065_029_a25_085,D,65,0.25,42;123;456;789;1337;2024,1663.0,1668.0,1668.0,0.3007,GAP<0.3%,900.8,False,False,False,
D_n065_029_a50_086,D,65,0.5,42;123;456;789;1337;2024,2449.0,2450.0,2450.0,0.0408,GAP<0.3%,612.9,False,False,False,
D_n065_029_a75_087,D,65,0.75,42;123;456;789;1337;2024,2598.0,2598.0,2598.0,0.0,GAP<0.3%,315.3,True,False,False,
D_n065_030_a25_088,D,65,0.25,42;123;456;789;1337;2024,1698.0,1707.0,1707.0,0.53,TIERS_EXHAUSTED,909.4,False,False,False,
D_n065_030_a50_089,D,65,0.5,42;123;456;789;1337;2024,2337.0,2350.0,2350.0,0.5563,TIERS_EXHAUSTED,926.9,False,False,False,
D_n065_030_a75_090,D,65,0.75,42;123;456;789;1337;2024,2507.0,2507.0,2507.0,0.0,GAP<0.3%,312.4,True,False,False,
D_n070_031_a25_091,D,70,0.25,42;123;456;789;1337;2024,1276.0,1276.0,1276.0,0.0,UB,2.2,True,False,False,
D_n070_031_a50_092,D,70,0.5,42;123;456;789;1337;2024,1870.0,1872.0,1872.0,0.107,GAP<0.3%,316.2,False,False,False,
D_n070_031_a75_093,D,70,0.75,42;123;456;789;1337;2024,1932.0,1934.0,1934.0,0.1035,GAP<0.3%,323.4,False,False,False,
D_n070_032_a25_094,D,70,0.25,42;123;456;789;1337;2024,1196.0,1202.0,1202.0,0.5017,TIERS_EXHAUSTED,904.4,False,False,False,
D_n070_032_a50_095,D,70,0.5,42;123;456;789;1337;2024,1908.0,1919.0,1919.0,0.5765,TIERS_EXHAUSTED,1217.6,False,False,False,
D_n070_032_a75_096,D,70,0.75,42;123;456;789;1337;2024,2098.0,2106.0,2106.0,0.3813,TIERS_EXHAUSTED,924.5,False,False,False,
D_n070_033_a25_097,D,70,0.25,42;123;456;789;1337;2024,1615.0,1618.0,1618.0,0.1858,GAP<0.3%,905.0,False,False,False,
D_n070_033_a50_098,D,70,0.5,42;123;456;789;1337;2024,2301.0,2301.0,2301.0,0.0,GAP<0.3%,313.9,True,False,False,
D_n070_033_a75_099,D,70,0.75,42;123;456;789;1337;2024,2351.0,2351.0,2351.0,0.0,GAP<0.3%,314.4,True,False,False,
D_n070_034_a25_100,D,70,0.25,42;123;456;789;1337;2024,1845.0,1845.0,1845.0,0.0,GAP<0.3%,301.5,True,False,False,
D_n070_034_a50_101,D,70,0.5,42;123;456;789;1337;2024,2738.0,2739.0,2739.0,0.0365,GAP<0.3%,320.2,False,False,False,
D_n070_034_a75_102,D,70,0.75,42;123;456;789;1337;2024,2907.0,2909.0,2909.0,0.0688,GAP<0.3%,322.9,False,False,False,
D_n070_035_a25_103,D,70,0.25,42;123;456;789;1337;2024,1701.0,1708.0,1708.0,0.4115,TIERS_EXHAUSTED,906.6,False,False,False,
D_n070_035_a50_104,D,70,0.5,42;123;456;789;1337;2024,2350.0,2368.0,2368.0,0.766,TIERS_EXHAUSTED,929.4,False,False,False,
D_n070_035_a75_105,D,70,0.75,42;123;456;789;1337;2024,2529.0,2529.0,2529.0,0.0,GAP<0.3%,321.4,True,False,False,
D_n075_036_a25_106,D,75,0.25,42;123;456;789;1337;2024,1378.0,1383.0,1383.0,0.3628,TIERS_EXHAUSTED,905.7,False,False,False,
D_n075_036_a50_107,D,75,0.5,42;123;456;789;1337;2024,2101.0,2102.0,2102.0,0.0476,GAP<0.3%,320.3,False,False,False,
D_n075_036_a75_108,D,75,0.75,42;123;456;789;1337;2024,2145.0,2147.0,2147.0,0.0932,GAP<0.3%,637.2,False,False,False,
D_n075_037_a25_109,D,75,0.25,42;123;456;789;1337;2024,1515.0,1516.0,1516.0,0.066,GAP<0.3%,906.0,False,False,False,
D_n075_037_a50_110,D,75,0.5,42;123;456;789;1337;2024,2229.0,2230.0,2230.0,0.0449,GAP<0.3%,327.1,False,False,False,
D_n075_037_a75_111,D,75,0.75,42;123;456;789;1337;2024,2337.0,2338.0,2338.0,0.0428,GAP<0.3%,316.2,False,False,False,
D_n075_038_a25_112,D,75,0.25,42;123;456;789;1337;2024,1815.0,1818.0,1818.0,0.1653,GAP<0.3%,907.5,False,False,False,
D_n075_038_a50_113,D,75,0.5,42;123;456;789;1337;2024,2522.0,2522.0,2522.0,0.0,GAP<0.3%,629.5,True,False,False,
D_n075_038_a75_114,D,75,0.75,42;123;456;789;1337;2024,2579.0,2579.0,2579.0,0.0,GAP<0.3%,320.0,True,False,False,
D_n075_039_a25_115,D,75,0.25,42;123;456;789;1337;2024,2266.0,2268.0,2268.0,0.0883,GAP<0.3%,605.3,False,False,False,
D_n075_039_a50_116,D,75,0.5,42;123;456;789;1337;2024,3071.0,3082.0,3082.0,0.3582,TIERS_EXHAUSTED,936.3,False,False,False,
D_n075_039_a75_117,D,75,0.75,42;123;456;789;1337;2024,3114.0,3114.0,3114.0,0.0,GAP<0.3%,320.7,True,False,False,
D_n075_040_a25_118,D,75,0.25,42;123;456;789;1337;2024,1820.0,1828.0,1828.0,0.4396,TIERS_EXHAUSTED,912.2,False,False,False,
D_n075_040_a50_119,D,75,0.5,42;123;456;789;1337;2024,2568.0,2585.0,2585.0,0.662,TIERS_EXHAUSTED,940.8,False,False,False,
D_n075_040_a75_120,D,75,0.75,42;123;456;789;1337;2024,2749.0,2750.0,2750.0,0.0364,GAP<0.3%,336.5,False,False,False,
D_n080_041_a25_121,D,80,0.25,42;123;456;789;1337;2024,1725.0,1727.0,1727.0,0.1159,GAP<0.3%,614.7,False,False,False,
D_n080_041_a50_122,D,80,0.5,42;123;456;789;1337;2024,2229.0,2235.0,2235.0,0.2692,GAP<0.3%,336.3,False,False,False,
D_n080_041_a75_123,D,80,0.75,42;123;456;789;1337;2024,2270.0,2271.0,2271.0,0.0441,GAP<0.3%,329.9,False,False,False,
D_n080_042_a25_124,D,80,0.25,42;123;456;789;1337;2024,1537.0,1547.0,1547.0,0.6506,TIERS_EXHAUSTED,910.5,False,False,False,
D_n080_042_a50_125,D,80,0.5,42;123;456;789;1337;2024,2378.0,2381.0,2381.0,0.1262,GAP<0.3%,337.0,False,False,False,
D_n080_042_a75_126,D,80,0.75,42;123;456;789;1337;2024,2468.0,2469.0,2469.0,0.0405,GAP<0.3%,336.1,False,False,False,
D_n080_043_a25_127,D,80,0.25,42;123;456;789;1337;2024,2006.0,2008.0,2008.0,0.0997,GAP<0.3%,910.9,False,False,False,
D_n080_043_a50_128,D,80,0.5,42;123;456;789;1337;2024,2723.0,2724.0,2724.0,0.0367,GAP<0.3%,337.7,False,False,False,
D_n080_043_a75_129,D,80,0.75,42;123;456;789;1337;2024,2800.0,2800.0,2800.0,0.0,GAP<0.3%,330.9,True,False,False,
D_n080_044_a25_130,D,80,0.25,42;123;456;789;1337;2024,2265.0,2268.0,2268.0,0.1325,GAP<0.3%,906.0,False,False,False,
D_n080_044_a50_131,D,80,0.5,42;123;456;789;1337;2024,3252.0,3272.0,3272.0,0.615,TIERS_EXHAUSTED,949.4,False,False,False,
D_n080_044_a75_132,D,80,0.75,42;123;456;789;1337;2024,3323.0,3326.0,3326.0,0.0903,GAP<0.3%,329.9,False,False,False,
D_n080_045_a25_133,D,80,0.25,42;123;456;789;1337;2024,1910.0,1923.0,1923.0,0.6806,TIERS_EXHAUSTED,1218.2,False,False,False,
D_n080_045_a50_134,D,80,0.5,42;123;456;789;1337;2024,2749.0,2771.0,2771.0,0.8003,TIERS_EXHAUSTED,941.5,False,False,False,
D_n080_045_a75_135,D,80,0.75,42;123;456;789;1337;2024,2952.0,2956.0,2956.0,0.1355,GAP<0.3%,327.8,False,False,False,
EB_n100_001_a25_001,EB,100,0.25,42;123;456;789;1337;2024,1609.0,1611.0,1611.0,0.1243,GAP<0.3%,300.3,False,True,False,1609.0
EB_n100_001_a50_002,EB,100,0.5,42;123;456;789;1337;2024,2822.0,2824.0,2824.0,0.0709,GAP<0.3%,901.6,False,True,False,2822.0
EB_n100_001_a75_003,EB,100,0.75,42;123;456;789;1337;2024,3115.0,3115.0,3115.0,0.0,UB,0.4,True,True,False,3115.0
EB_n100_002_a25_004,EB,100,0.25,42;123;456;789;1337;2024,1859.0,1863.0,1863.0,0.2152,GAP<0.3%,601.1,False,True,False,1859.0
EB_n100_002_a50_005,EB,100,0.5,42;123;456;789;1337;2024,3052.0,3053.0,3053.0,0.0328,GAP<0.3%,601.8,False,True,False,3052.0
EB_n100_002_a75_006,EB,100,0.75,42;123;456;789;1337;2024,3327.0,3327.0,3327.0,0.0,UB,0.2,True,True,False,3327.0
EB_n100_003_a25_007,EB,100,0.25,42;123;456;789;1337;2024,1616.0,1618.0,1618.0,0.1238,GAP<0.3%,600.4,False,True,False,1616.0
EB_n100_003_a50_008,EB,100,0.5,42;123;456;789;1337;2024,2947.0,2949.0,2949.0,0.0679,GAP<0.3%,601.0,False,True,False,2947.0
EB_n100_003_a75_009,EB,100,0.75,42;123;456;789;1337;2024,3277.0,3277.0,3277.0,0.0,UB,0.7,True,True,False,3277.0
EB_n100_004_a25_010,EB,100,0.25,42;123;456;789;1337;2024,2417.0,2418.0,2418.0,0.0414,GAP<0.3%,600.6,False,True,False,2417.0
EB_n100_004_a50_011,EB,100,0.5,42;123;456;789;1337;2024,3719.0,3720.0,3720.0,0.0269,GAP<0.3%,601.9,False,True,False,3719.0
EB_n100_004_a75_012,EB,100,0.75,42;123;456;789;1337;2024,4170.0,4170.0,4170.0,0.0,UB,0.5,True,True,False,4170.0
EB_n100_005_a25_013,EB,100,0.25,42;123;456;789;1337;2024,1917.0,1917.0,1917.0,0.0,GAP<0.3%,300.3,True,True,False,1917.0
EB_n100_005_a50_014,EB,100,0.5,42;123;456;789;1337;2024,3310.0,3310.0,3310.0,0.0,UB,0.3,True,True,False,3310.0
EB_n100_005_a75_015,EB,100,0.75,42;123;456;789;1337;2024,3501.0,3501.0,3501.0,0.0,UB,0.4,True,True,False,3501.0
EB_n110_006_a25_016,EB,110,0.25,42;123;456;789;1337;2024,1710.0,1711.0,1711.0,0.0585,GAP<0.3%,601.3,False,True,False,1710.0
EB_n110_006_a50_017,EB,110,0.5,42;123;456;789;1337;2024,3252.0,3259.0,3259.0,0.2153,GAP<0.3%,601.5,False,False,False,3252.0
EB_n110_006_a75_018,EB,110,0.75,42;123;456;789;1337;2024,3611.0,3611.0,3611.0,0.0,GAP<0.3%,301.7,True,True,False,3611.0
EB_n110_007_a25_019,EB,110,0.25,42;123;456;789;1337;2024,2068.0,2070.0,2070.0,0.0967,GAP<0.3%,300.1,False,True,False,2068.0
EB_n110_007_a50_020,EB,110,0.5,42;123;456;789;1337;2024,3468.0,3474.0,3474.0,0.173,GAP<0.3%,1202.1,False,False,True,3461.0
EB_n110_007_a75_021,EB,110,0.75,42;123;456;789;1337;2024,3778.0,3778.0,3778.0,0.0,UB,0.5,True,True,False,3778.0
EB_n110_008_a25_022,EB,110,0.25,42;123;456;789;1337;2024,1825.0,1829.0,1829.0,0.2192,GAP<0.3%,600.7,False,True,False,1825.0
EB_n110_008_a50_023,EB,110,0.5,42;123;456;789;1337;2024,3537.0,3538.0,3538.0,0.0283,GAP<0.3%,300.8,False,False,False,3537.0
EB_n110_008_a75_024,EB,110,0.75,42;123;456;789;1337;2024,3808.0,3808.0,3808.0,0.0,UB,0.8,True,True,False,3808.0
EB_n110_009_a25_025,EB,110,0.25,42;123;456;789;1337;2024,2697.0,2698.0,2698.0,0.0371,GAP<0.3%,300.1,False,True,False,2697.0
EB_n110_009_a50_026,EB,110,0.5,42;123;456;789;1337;2024,4219.0,4221.0,4221.0,0.0474,GAP<0.3%,901.9,False,False,False,4219.0
EB_n110_009_a75_027,EB,110,0.75,42;123;456;789;1337;2024,4693.0,4693.0,4693.0,0.0,UB,0.6,True,True,False,4693.0
EB_n110_010_a25_028,EB,110,0.25,42;123;456;789;1337;2024,2128.0,2134.0,2134.0,0.282,GAP<0.3%,900.4,False,True,False,2128.0
EB_n110_010_a50_029,EB,110,0.5,42;123;456;789;1337;2024,3639.0,3639.0,3639.0,0.0,UB,1.7,True,False,False,3639.0
EB_n110_010_a75_030,EB,110,0.75,42;123;456;789;1337;2024,3842.0,3842.0,3842.0,0.0,UB,0.9,True,True,False,3842.0
EB_n120_011_a25_031,EB,120,0.25,42;123;456;789;1337;2024,2028.0,2034.0,2034.0,0.2959,GAP<0.3%,300.4,False,True,False,2028.0
EB_n120_011_a50_032,EB,120,0.5,42;123;456;789;1337;2024,3865.0,3874.0,3874.0,0.2329,GAP<0.3%,301.6,False,False,False,3865.0
EB_n120_011_a75_033,EB,120,0.75,42;123;456;789;1337;2024,4071.0,4072.0,4072.0,0.0246,GAP<0.3%,303.0,False,False,False,4072.0
EB_n120_012_a25_034,EB,120,0.25,42;123;456;789;1337;2024,2496.0,2501.0,2501.0,0.2003,GAP<0.3%,902.5,False,True,False,2496.0
EB_n120_012_a50_035,EB,120,0.5,42;123;456;789;1337;2024,4032.0,4044.0,4044.0,0.2976,GAP<0.3%,1207.7,False,False,True,4022.0
EB_n120_012_a75_036,EB,120,0.75,42;123;456;789;1337;2024,4220.0,4220.0,4220.0,0.0,UB,0.4,True,True,False,4220.0
EB_n120_013_a25_037,EB,120,0.25,42;123;456;789;1337;2024,2688.0,2693.0,2693.0,0.186,GAP<0.3%,901.3,False,True,False,2688.0
EB_n120_013_a50_038,EB,120,0.5,42;123;456;789;1337;2024,4040.0,4041.0,4041.0,0.0248,GAP<0.3%,302.2,False,False,False,4040.0
EB_n120_013_a75_039,EB,120,0.75,42;123;456;789;1337;2024,4147.0,4147.0,4147.0,0.0,UB,0.5,True,True,False,4147.0
EB_n120_014_a25_040,EB,120,0.25,42;123;456;789;1337;2024,2707.0,2721.0,2721.0,0.5172,TIERS_EXHAUSTED,1201.8,False,True,False,2707.0
EB_n120_014_a50_041,EB,120,0.5,42;123;456;789;1337;2024,4549.0,4549.0,4549.0,0.0,GAP<0.3%,602.5,True,False,False,4549.0
EB_n120_014_a75_042,EB,120,0.75,42;123;456;789;1337;2024,5034.0,5034.0,5034.0,0.0,UB,1.0,True,True,False,5034.0
EB_n120_015_a25_043,EB,120,0.25,42;123;456;789;1337;2024,2247.0,2251.0,2251.0,0.178,GAP<0.3%,600.5,False,True,False,2247.0
EB_n120_015_a50_044,EB,120,0.5,42;123;456;789;1337;2024,3857.0,3858.0,3858.0,0.0259,GAP<0.3%,901.8,False,False,False,
EB_n120_015_a75_045,EB,120,0.75,42;123;456;789;1337;2024,4268.0,4268.0,4268.0,0.0,UB,1.0,True,True,False,4268.0
EB_n130_016_a25_046,EB,130,0.25,42;123;456;789;1337;2024,2237.0,2242.0,2242.0,0.2235,GAP<0.3%,1203.5,False,True,False,2237.0
EB_n130_016_a50_047,EB,130,0.5,42;123;456;789;1337;2024,4095.0,4096.0,4096.0,0.0244,GAP<0.3%,304.5,False,False,False,4096.0
EB_n130_016_a75_048,EB,130,0.75,42;123;456;789;1337;2024,4329.0,4339.0,4339.0,0.231,GAP<0.3%,302.2,False,False,True,4308.0
EB_n130_017_a25_049,EB,130,0.25,42;123;456;789;1337;2024,2678.0,2683.0,2683.0,0.1867,GAP<0.3%,602.7,False,True,False,2678.0
EB_n130_017_a50_050,EB,130,0.5,42;123;456;789;1337;2024,4421.0,4446.0,4446.0,0.5655,TIERS_EXHAUSTED,1209.7,False,False,True,4402.0
EB_n130_017_a75_051,EB,130,0.75,42;123;456;789;1337;2024,4644.0,4644.0,4644.0,0.0,UB,0.7,True,False,False,4644.0
EB_n130_018_a25_052,EB,130,0.25,42;123;456;789;1337;2024,3020.0,3026.0,3026.0,0.1987,GAP<0.3%,600.7,False,True,False,3020.0
EB_n130_018_a50_053,EB,130,0.5,42;123;456;789;1337;2024,4465.0,4468.0,4468.0,0.0672,GAP<0.3%,301.9,False,False,False,4465.0
EB_n130_018_a75_054,EB,130,0.75,42;123;456;789;1337;2024,4577.0,4584.0,4584.0,0.1529,GAP<0.3%,301.6,False,False,True,4559.0
EB_n130_019_a25_055,EB,130,0.25,42;123;456;789;1337;2024,2807.0,2819.0,2819.0,0.4275,TIERS_EXHAUSTED,1201.3,False,True,False,2807.0
EB_n130_019_a50_056,EB,130,0.5,42;123;456;789;1337;2024,4769.0,4770.0,4770.0,0.021,GAP<0.3%,903.5,False,False,False,4769.0
EB_n130_019_a75_057,EB,130,0.75,42;123;456;789;1337;2024,5291.0,5300.0,5300.0,0.1701,GAP<0.3%,303.4,False,False,False,5291.0
EB_n130_020_a25_058,EB,130,0.25,42;123;456;789;1337;2024,2348.0,2352.0,2352.0,0.1704,GAP<0.3%,300.2,False,True,False,2348.0
EB_n130_020_a50_059,EB,130,0.5,42;123;456;789;1337;2024,4058.0,4067.0,4067.0,0.2218,GAP<0.3%,902.5,False,False,True,4051.0
EB_n130_020_a75_060,EB,130,0.75,42;123;456;789;1337;2024,4584.0,4593.0,4593.0,0.1963,GAP<0.3%,301.5,False,False,False,4584.0
EB_n140_021_a25_061,EB,140,0.25,42;123;456;789;1337;2024,2538.0,2544.0,2544.0,0.2364,GAP<0.3%,1204.6,False,False,False,2538.0
EB_n140_021_a50_062,EB,140,0.5,42;123;456;789;1337;2024,4493.0,4505.0,4505.0,0.2671,GAP<0.3%,910.2,False,False,False,4493.0
EB_n140_021_a75_063,EB,140,0.75,42;123;456;789;1337;2024,4847.0,4860.0,4860.0,0.2682,GAP<0.3%,306.6,False,False,True,4834.0
EB_n140_022_a25_064,EB,140,0.25,42;123;456;789;1337;2024,2767.0,2779.0,2779.0,0.4337,TIERS_EXHAUSTED,906.2,False,False,False,2767.0
EB_n140_022_a50_065,EB,140,0.5,42;123;456;789;1337;2024,4900.0,4925.0,4925.0,0.5102,TIERS_EXHAUSTED,1211.9,False,False,True,4503.0
EB_n140_022_a75_066,EB,140,0.75,42;123;456;789;1337;2024,5175.0,5175.0,5175.0,0.0,UB,0.7,True,False,False,5175.0
EB_n140_023_a25_067,EB,140,0.25,42;123;456;789;1337;2024,3339.0,3343.0,3343.0,0.1198,GAP<0.3%,602.1,False,False,False,3339.0
EB_n140_023_a50_068,EB,140,0.5,42;123;456;789;1337;2024,4919.0,4928.0,4928.0,0.183,GAP<0.3%,905.5,False,False,True,4602.0
EB_n140_023_a75_069,EB,140,0.75,42;123;456;789;1337;2024,5093.0,5102.0,5102.0,0.1767,GAP<0.3%,303.8,False,False,False,5094.0
EB_n140_024_a25_070,EB,140,0.25,42;123;456;789;1337;2024,3611.0,3617.0,3617.0,0.1662,GAP<0.3%,300.5,False,False,False,3611.0
EB_n140_024_a50_071,EB,140,0.5,42;123;456;789;1337;2024,5525.0,5538.0,5538.0,0.2353,GAP<0.3%,604.6,False,False,True,5034.0
EB_n140_024_a75_072,EB,140,0.75,42;123;456;789;1337;2024,5661.0,5662.0,5662.0,0.0177,GAP<0.3%,301.4,False,False,False,5661.0
EB_n140_025_a25_073,EB,140,0.25,42;123;456;789;1337;2024,2753.0,2753.0,2753.0,0.0,UB,30.5,True,False,False,2753.0
EB_n140_025_a50_074,EB,140,0.5,42;123;456;789;1337;2024,4596.0,4606.0,4606.0,0.2176,GAP<0.3%,904.4,False,False,False,
EB_n140_025_a75_075,EB,140,0.75,42;123;456;789;1337;2024,4940.0,4940.0,4940.0,0.0,GAP<0.3%,302.4,True,False,False,4940.0
EB_n150_026_a25_076,EB,150,0.25,42;123;456;789;1337;2024,2550.0,2560.0,2560.0,0.3922,TIERS_EXHAUSTED,1206.9,False,False,False,2550.0
EB_n150_026_a50_077,EB,150,0.5,42;123;456;789;1337;2024,4811.0,4822.0,4822.0,0.2286,GAP<0.3%,908.8,False,False,False,4811.0
EB_n150_026_a75_078,EB,150,0.75,42;123;456;789;1337;2024,5175.0,5183.0,5183.0,0.1546,GAP<0.3%,607.6,False,False,True,5009.0
EB_n150_027_a25_079,EB,150,0.25,42;123;456;789;1337;2024,2771.0,2792.0,2792.0,0.7578,TIERS_EXHAUSTED,1207.1,False,False,False,
EB_n150_027_a50_080,EB,150,0.5,42;123;456;789;1337;2024,5040.0,5047.0,5047.0,0.1389,GAP<0.3%,304.0,False,False,False,
EB_n150_027_a75_081,EB,150,0.75,42;123;456;789;1337;2024,5408.0,5414.0,5414.0,0.1109,GAP<0.3%,303.7,False,False,False,
EB_n150_028_a25_082,EB,150,0.25,42;123;456;789;1337;2024,3448.0,3451.0,3451.0,0.087,GAP<0.3%,601.9,False,False,False,
EB_n150_028_a50_083,EB,150,0.5,42;123;456;789;1337;2024,5045.0,5060.0,5060.0,0.2973,GAP<0.3%,1212.3,False,False,False,
EB_n150_028_a75_084,EB,150,0.75,42;123;456;789;1337;2024,5329.0,5337.0,5337.0,0.1501,GAP<0.3%,303.4,False,False,False,
EB_n150_029_a25_085,EB,150,0.25,42;123;456;789;1337;2024,4054.0,4063.0,4063.0,0.222,GAP<0.3%,1204.3,False,False,False,
EB_n150_029_a50_086,EB,150,0.5,42;123;456;789;1337;2024,6066.0,6078.0,6078.0,0.1978,GAP<0.3%,608.5,False,False,False,
EB_n150_029_a75_087,EB,150,0.75,42;123;456;789;1337;2024,6185.0,6186.0,6186.0,0.0162,GAP<0.3%,301.8,False,False,False,
EB_n150_030_a25_088,EB,150,0.25,42;123;456;789;1337;2024,2970.0,2971.0,2971.0,0.0337,GAP<0.3%,300.8,False,False,False,
EB_n150_030_a50_089,EB,150,0.5,42;123;456;789;1337;2024,4920.0,4932.0,4932.0,0.2439,GAP<0.3%,1507.6,False,False,False,
EB_n150_030_a75_090,EB,150,0.75,42;123;456;789;1337;2024,5278.0,5285.0,5285.0,0.1326,GAP<0.3%,303.9,False,False,False,
EC_n050_001_a25_001,EC,50,0.25,42;123;456;789;1337;2024,421.0,421.0,421.0,0.0,UB,0.1,True,False,False,421.0
EC_n050_001_a50_002,EC,50,0.5,42;123;456;789;1337;2024,1103.0,1103.0,1103.0,0.0,UB,0.8,True,False,False,1103.0
EC_n050_001_a75_003,EC,50,0.75,42;123;456;789;1337;2024,1444.0,1445.0,1445.0,0.0693,GAP<0.3%,300.5,False,False,False,1444.0
EC_n050_002_a25_004,EC,50,0.25,42;123;456;789;1337;2024,355.0,355.0,355.0,0.0,UB,0.0,True,False,False,355.0
EC_n050_002_a50_005,EC,50,0.5,42;123;456;789;1337;2024,1136.0,1136.0,1136.0,0.0,GAP<0.3%,600.2,True,False,False,1136.0
EC_n050_002_a75_006,EC,50,0.75,42;123;456;789;1337;2024,1482.0,1482.0,1482.0,0.0,UB,0.6,True,False,False,1482.0
EC_n050_003_a25_007,EC,50,0.25,42;123;456;789;1337;2024,773.0,773.0,773.0,0.0,UB,0.0,True,False,False,773.0
EC_n050_003_a50_008,EC,50,0.5,42;123;456;789;1337;2024,1350.0,1353.0,1353.0,0.2222,GAP<0.3%,600.4,False,False,False,1350.0
EC_n050_003_a75_009,EC,50,0.75,42;123;456;789;1337;2024,1584.0,1584.0,1584.0,0.0,UB,0.6,True,False,False,1584.0
EC_n050_004_a25_010,EC,50,0.25,42;123;456;789;1337;2024,844.0,844.0,844.0,0.0,GAP<0.3%,600.1,True,False,False,844.0
EC_n050_004_a50_011,EC,50,0.5,42;123;456;789;1337;2024,1885.0,1886.0,1886.0,0.0531,GAP<0.3%,300.2,False,False,False,1885.0
EC_n050_004_a75_012,EC,50,0.75,42;123;456;789;1337;2024,2060.0,2060.0,2060.0,0.0,UB,0.6,True,False,False,2060.0
EC_n050_005_a25_013,EC,50,0.25,42;123;456;789;1337;2024,826.0,826.0,826.0,0.0,GAP<0.3%,300.1,True,False,False,826.0
EC_n050_005_a50_014,EC,50,0.5,42;123;456;789;1337;2024,1581.0,1581.0,1581.0,0.0,GAP<0.3%,900.7,True,False,False,1581.0
EC_n050_005_a75_015,EC,50,0.75,42;123;456;789;1337;2024,1727.0,1727.0,1727.0,0.0,UB,0.9,True,False,False,1727.0
EC_n055_006_a25_016,EC,55,0.25,42;123;456;789;1337;2024,634.0,634.0,634.0,0.0,UB,0.0,True,True,False,634.0
EC_n055_006_a50_017,EC,55,0.5,42;123;456;789;1337;2024,1508.0,1509.0,1509.0,0.0663,GAP<0.3%,300.5,False,True,False,1508.0
EC_n055_006_a75_018,EC,55,0.75,42;123;456;789;1337;2024,1587.0,1587.0,1587.0,0.0,UB,1.4,True,True,False,1587.0
EC_n055_007_a25_019,EC,55,0.25,42;123;456;789;1337;2024,375.0,375.0,375.0,0.0,UB,0.0,True,True,False,375.0
EC_n055_007_a50_020,EC,55,0.5,42;123;456;789;1337;2024,1258.0,1258.0,1258.0,0.0,GAP<0.3%,600.4,True,True,False,1258.0
EC_n055_007_a75_021,EC,55,0.75,42;123;456;789;1337;2024,1612.0,1612.0,1612.0,0.0,UB,0.9,True,True,False,1612.0
EC_n055_008_a25_022,EC,55,0.25,42;123;456;789;1337;2024,773.0,773.0,773.0,0.0,UB,0.0,True,True,False,773.0
EC_n055_008_a50_023,EC,55,0.5,42;123;456;789;1337;2024,1360.0,1363.0,1363.0,0.2206,GAP<0.3%,601.4,False,True,False,1360.0
EC_n055_008_a75_024,EC,55,0.75,42;123;456;789;1337;2024,1606.0,1606.0,1606.0,0.0,UB,1.2,True,True,False,1606.0
EC_n055_009_a25_025,EC,55,0.25,42;123;456;789;1337;2024,944.0,944.0,944.0,0.0,GAP<0.3%,600.1,True,True,False,944.0
EC_n055_009_a50_026,EC,55,0.5,42;123;456;789;1337;2024,1996.0,1998.0,1998.0,0.1002,GAP<0.3%,600.6,False,True,False,1996.0
EC_n055_009_a75_027,EC,55,0.75,42;123;456;789;1337;2024,2370.0,2370.0,2370.0,0.0,UB,0.7,True,True,False,2370.0
EC_n055_010_a25_028,EC,55,0.25,42;123;456;789;1337;2024,925.0,925.0,925.0,0.0,GAP<0.3%,299.2,True,True,False,925.0
EC_n055_010_a50_029,EC,55,0.5,42;123;456;789;1337;2024,1791.0,1791.0,1791.0,0.0,GAP<0.3%,901.1,True,True,False,1791.0
EC_n055_010_a75_030,EC,55,0.75,42;123;456;789;1337;2024,2038.0,2038.0,2038.0,0.0,UB,1.4,True,True,False,2038.0
EC_n060_011_a25_031,EC,60,0.25,42;123;456;789;1337;2024,867.0,869.0,869.0,0.2307,GAP<0.3%,600.2,False,True,False,867.0
EC_n060_011_a50_032,EC,60,0.5,42;123;456;789;1337;2024,1662.0,1662.0,1662.0,0.0,UB,14.7,True,False,False,1662.0
EC_n060_011_a75_033,EC,60,0.75,42;123;456;789;1337;2024,1712.0,1713.0,1713.0,0.0584,GAP<0.3%,300.5,False,False,False,1712.0
EC_n060_012_a25_034,EC,60,0.25,42;123;456;789;1337;2024,894.0,894.0,894.0,0.0,GAP<0.3%,600.2,True,True,False,894.0
EC_n060_012_a50_035,EC,60,0.5,42;123;456;789;1337;2024,1710.0,1710.0,1710.0,0.0,UB,0.7,True,False,False,1710.0
EC_n060_012_a75_036,EC,60,0.75,42;123;456;789;1337;2024,1757.0,1757.0,1757.0,0.0,UB,0.7,True,False,False,1757.0
EC_n060_013_a25_037,EC,60,0.25,42;123;456;789;1337;2024,1082.0,1082.0,1082.0,0.0,UB,0.0,True,True,False,1082.0
EC_n060_013_a50_038,EC,60,0.5,42;123;456;789;1337;2024,1744.0,1746.0,1746.0,0.1147,GAP<0.3%,601.5,False,False,False,1744.0
EC_n060_013_a75_039,EC,60,0.75,42;123;456;789;1337;2024,2017.0,2017.0,2017.0,0.0,UB,0.7,True,False,False,2017.0
EC_n060_014_a25_040,EC,60,0.25,42;123;456;789;1337;2024,1037.0,1037.0,1037.0,0.0,GAP<0.3%,600.2,True,True,False,1037.0
EC_n060_014_a50_041,EC,60,0.5,42;123;456;789;1337;2024,2215.0,2221.0,2221.0,0.2709,GAP<0.3%,600.6,False,False,False,2215.0
EC_n060_014_a75_042,EC,60,0.75,42;123;456;789;1337;2024,2474.0,2477.0,2477.0,0.1213,GAP<0.3%,301.6,False,False,False,
EC_n060_015_a25_043,EC,60,0.25,42;123;456;789;1337;2024,1075.0,1075.0,1075.0,0.0,GAP<0.3%,299.6,True,True,False,1075.0
EC_n060_015_a50_044,EC,60,0.5,42;123;456;789;1337;2024,2102.0,2102.0,2102.0,0.0,UB,0.6,True,False,False,2102.0
EC_n060_015_a75_045,EC,60,0.75,42;123;456;789;1337;2024,2187.0,2188.0,2188.0,0.0457,GAP<0.3%,300.1,False,False,False,2187.0
EC_n065_016_a25_046,EC,65,0.25,42;123;456;789;1337;2024,867.0,867.0,867.0,0.0,UB,2.0,True,False,False,867.0
EC_n065_016_a50_047,EC,65,0.5,42;123;456;789;1337;2024,1853.0,1854.0,1854.0,0.054,GAP<0.3%,301.3,False,False,False,1853.0
EC_n065_016_a75_048,EC,65,0.75,42;123;456;789;1337;2024,1921.0,1922.0,1922.0,0.0521,GAP<0.3%,301.6,False,True,False,1921.0
EC_n065_017_a25_049,EC,65,0.25,42;123;456;789;1337;2024,993.0,993.0,993.0,0.0,GAP<0.3%,600.2,True,False,False,993.0
EC_n065_017_a50_050,EC,65,0.5,42;123;456;789;1337;2024,1900.0,1909.0,1909.0,0.4737,TIERS_EXHAUSTED,1201.3,False,False,False,1900.0
EC_n065_017_a75_051,EC,65,0.75,42;123;456;789;1337;2024,1967.0,1968.0,1968.0,0.0508,GAP<0.3%,301.1,False,True,False,1967.0
EC_n065_018_a25_052,EC,65,0.25,42;123;456;789;1337;2024,1183.0,1186.0,1186.0,0.2536,GAP<0.3%,600.2,False,False,False,1183.0
EC_n065_018_a50_053,EC,65,0.5,42;123;456;789;1337;2024,1883.0,1888.0,1888.0,0.2655,GAP<0.3%,1202.1,False,False,False,1883.0
EC_n065_018_a75_054,EC,65,0.75,42;123;456;789;1337;2024,2146.0,2146.0,2146.0,0.0,UB,2.2,True,True,False,2146.0
EC_n065_019_a25_055,EC,65,0.25,42;123;456;789;1337;2024,1372.0,1372.0,1372.0,0.0,GAP<0.3%,300.1,True,False,False,1372.0
EC_n065_019_a50_056,EC,65,0.5,42;123;456;789;1337;2024,2352.0,2352.0,2352.0,0.0,GAP<0.3%,902.1,True,False,False,2352.0
EC_n065_019_a75_057,EC,65,0.75,42;123;456;789;1337;2024,2599.0,2599.0,2599.0,0.0,UB,0.9,True,True,False,2599.0
EC_n065_020_a25_058,EC,65,0.25,42;123;456;789;1337;2024,1075.0,1076.0,1076.0,0.093,GAP<0.3%,300.2,False,False,False,1075.0
EC_n065_020_a50_059,EC,65,0.5,42;123;456;789;1337;2024,2299.0,2301.0,2301.0,0.087,GAP<0.3%,301.1,False,False,False,2299.0
EC_n065_020_a75_060,EC,65,0.75,42;123;456;789;1337;2024,2487.0,2487.0,2487.0,0.0,UB,1.8,True,True,False,2487.0
EC_n070_021_a25_061,EC,70,0.25,42;123;456;789;1337;2024,868.0,869.0,869.0,0.1152,GAP<0.3%,1200.6,False,False,False,868.0
EC_n070_021_a50_062,EC,70,0.5,42;123;456;789;1337;2024,1953.0,1956.0,1956.0,0.1536,GAP<0.3%,301.1,False,False,False,1953.0
EC_n070_021_a75_063,EC,70,0.75,42;123;456;789;1337;2024,2031.0,2033.0,2033.0,0.0985,GAP<0.3%,301.3,False,False,False,2032.0
EC_n070_022_a25_064,EC,70,0.25,42;123;456;789;1337;2024,1093.0,1094.0,1094.0,0.0915,GAP<0.3%,599.5,False,False,False,1093.0
EC_n070_022_a50_065,EC,70,0.5,42;123;456;789;1337;2024,2018.0,2019.0,2019.0,0.0496,GAP<0.3%,301.3,False,False,False,2018.0
EC_n070_022_a75_066,EC,70,0.75,42;123;456;789;1337;2024,2099.0,2099.0,2099.0,0.0,UB,1.5,True,True,False,2099.0
EC_n070_023_a25_067,EC,70,0.25,42;123;456;789;1337;2024,1496.0,1501.0,1501.0,0.3342,TIERS_EXHAUSTED,1200.8,False,False,False,1496.0
EC_n070_023_a50_068,EC,70,0.5,42;123;456;789;1337;2024,2206.0,2217.0,2217.0,0.4986,TIERS_EXHAUSTED,1204.8,False,False,False,2206.0
EC_n070_023_a75_069,EC,70,0.75,42;123;456;789;1337;2024,2359.0,2359.0,2359.0,0.0,UB,2.7,True,True,False,2359.0
EC_n070_024_a25_070,EC,70,0.25,42;123;456;789;1337;2024,1671.0,1671.0,1671.0,0.0,GAP<0.3%,600.2,True,False,False,1671.0
EC_n070_024_a50_071,EC,70,0.5,42;123;456;789;1337;2024,2752.0,2754.0,2754.0,0.0727,GAP<0.3%,601.5,False,False,False,2752.0
EC_n070_024_a75_072,EC,70,0.75,42;123;456;789;1337;2024,3007.0,3008.0,3008.0,0.0333,GAP<0.3%,302.0,False,False,False,3008.0
EC_n070_025_a25_073,EC,70,0.25,42;123;456;789;1337;2024,1374.0,1376.0,1376.0,0.1456,GAP<0.3%,300.3,False,False,False,1374.0
EC_n070_025_a50_074,EC,70,0.5,42;123;456;789;1337;2024,2346.0,2349.0,2349.0,0.1279,GAP<0.3%,301.7,False,False,False,2346.0
EC_n070_025_a75_075,EC,70,0.75,42;123;456;789;1337;2024,2599.0,2599.0,2599.0,0.0,UB,2.7,True,True,False,2599.0
EC_n075_026_a25_076,EC,75,0.25,42;123;456;789;1337;2024,879.0,880.0,880.0,0.1138,GAP<0.3%,1200.4,False,False,False,879.0
EC_n075_026_a50_077,EC,75,0.5,42;123;456;789;1337;2024,1970.0,1974.0,1974.0,0.203,GAP<0.3%,301.8,False,False,False,1970.0
EC_n075_026_a75_078,EC,75,0.75,42;123;456;789;1337;2024,2053.0,2059.0,2059.0,0.2923,GAP<0.3%,303.2,False,False,True,2046.0
EC_n075_027_a25_079,EC,75,0.25,42;123;456;789;1337;2024,1304.0,1307.0,1307.0,0.2301,GAP<0.3%,600.3,False,False,False,1304.0
EC_n075_027_a50_080,EC,75,0.5,42;123;456;789;1337;2024,2145.0,2146.0,2146.0,0.0466,GAP<0.3%,302.2,False,False,False,2145.0
EC_n075_027_a75_081,EC,75,0.75,42;123;456;789;1337;2024,2221.0,2222.0,2222.0,0.045,GAP<0.3%,302.3,False,False,False,2221.0
EC_n075_028_a25_082,EC,75,0.25,42;123;456;789;1337;2024,1697.0,1703.0,1703.0,0.3536,TIERS_EXHAUSTED,1201.5,False,False,False,
EC_n075_028_a50_083,EC,75,0.5,42;123;456;789;1337;2024,2435.0,2439.0,2439.0,0.1643,GAP<0.3%,304.0,False,False,False,
EC_n075_028_a75_084,EC,75,0.75,42;123;456;789;1337;2024,2581.0,2581.0,2581.0,0.0,GAP<0.3%,302.7,True,False,False,
EC_n075_029_a25_085,EC,75,0.25,42;123;456;789;1337;2024,1755.0,1755.0,1755.0,0.0,UB,1.3,True,False,False,
EC_n075_029_a50_086,EC,75,0.5,42;123;456;789;1337;2024,2982.0,2985.0,2985.0,0.1006,GAP<0.3%,602.7,False,False,False,
EC_n075_029_a75_087,EC,75,0.75,42;123;456;789;1337;2024,3221.0,3222.0,3222.0,0.031,GAP<0.3%,302.1,False,False,False,
EC_n075_030_a25_088,EC,75,0.25,42;123;456;789;1337;2024,1484.0,1484.0,1484.0,0.0,UB,3.3,True,False,False,
EC_n075_030_a50_089,EC,75,0.5,42;123;456;789;1337;2024,2456.0,2465.0,2465.0,0.3664,TIERS_EXHAUSTED,1204.1,False,False,False,
EC_n075_030_a75_090,EC,75,0.75,42;123;456;789;1337;2024,2720.0,2720.0,2720.0,0.0,GAP<0.3%,603.9,True,False,False,
EC_n080_031_a25_091,EC,80,0.25,42;123;456;789;1337;2024,1068.0,1070.0,1070.0,0.1873,GAP<0.3%,1201.0,False,False,False,
EC_n080_031_a50_092,EC,80,0.5,42;123;456;789;1337;2024,2180.0,2181.0,2181.0,0.0459,GAP<0.3%,603.3,False,False,False,
EC_n080_031_a75_093,EC,80,0.75,42;123;456;789;1337;2024,2364.0,2370.0,2370.0,0.2538,GAP<0.3%,302.6,False,False,False,
EC_n080_032_a25_094,EC,80,0.25,42;123;456;789;1337;2024,1423.0,1427.0,1427.0,0.2811,GAP<0.3%,300.2,False,False,False,
EC_n080_032_a50_095,EC,80,0.5,42;123;456;789;1337;2024,2275.0,2286.0,2286.0,0.4835,TIERS_EXHAUSTED,1208.5,False,False,False,
EC_n080_032_a75_096,EC,80,0.75,42;123;456;789;1337;2024,2450.0,2450.0,2450.0,0.0,GAP<0.3%,603.7,True,False,False,
EC_n080_033_a25_097,EC,80,0.25,42;123;456;789;1337;2024,1806.0,1812.0,1812.0,0.3322,TIERS_EXHAUSTED,1202.1,False,False,False,
EC_n080_033_a50_098,EC,80,0.5,42;123;456;789;1337;2024,2646.0,2651.0,2651.0,0.189,GAP<0.3%,306.4,False,False,False,
EC_n080_033_a75_099,EC,80,0.75,42;123;456;789;1337;2024,2802.0,2804.0,2804.0,0.0714,GAP<0.3%,303.1,False,False,False,
EC_n080_034_a25_100,EC,80,0.25,42;123;456;789;1337;2024,1858.0,1858.0,1858.0,0.0,UB,0.2,True,False,False,
EC_n080_034_a50_101,EC,80,0.5,42;123;456;789;1337;2024,3174.0,3177.0,3177.0,0.0945,GAP<0.3%,604.2,False,False,False,
EC_n080_034_a75_102,EC,80,0.75,42;123;456;789;1337;2024,3424.0,3425.0,3425.0,0.0292,GAP<0.3%,301.8,False,False,False,
EC_n080_035_a25_103,EC,80,0.25,42;123;456;789;1337;2024,1585.0,1589.0,1589.0,0.2524,GAP<0.3%,300.5,False,False,False,
EC_n080_035_a50_104,EC,80,0.5,42;123;456;789;1337;2024,2667.0,2678.0,2678.0,0.4124,TIERS_EXHAUSTED,1206.0,False,False,False,
EC_n080_035_a75_105,EC,80,0.75,42;123;456;789;1337;2024,2932.0,2932.0,2932.0,0.0,GAP<0.3%,606.7,True,False,False,
ED_n040_001_a25_001,ED,40,0.25,42;123;456;789;1337;2024,412.0,412.0,412.0,0.0,UB,0.0,True,False,False,412.0
ED_n040_001_a50_002,ED,40,0.5,42;123;456;789;1337;2024,948.0,948.0,948.0,0.0,GAP<0.3%,600.5,True,False,False,948.0
ED_n040_001_a75_003,ED,40,0.75,42;123;456;789;1337;2024,1201.0,1201.0,1201.0,0.0,UB,1.5,True,False,False,1201.0
ED_n040_002_a25_004,ED,40,0.25,42;123;456;789;1337;2024,212.0,212.0,212.0,0.0,UB,0.0,True,False,False,212.0
ED_n040_002_a50_005,ED,40,0.5,42;123;456;789;1337;2024,772.0,772.0,772.0,0.0,UB,1.6,True,False,False,772.0
ED_n040_002_a75_006,ED,40,0.75,42;123;456;789;1337;2024,1026.0,1029.0,1029.0,0.2924,GAP<0.3%,300.6,False,False,False,1026.0
ED_n040_003_a25_007,ED,40,0.25,42;123;456;789;1337;2024,352.0,352.0,352.0,0.0,UB,0.1,True,False,False,352.0
ED_n040_003_a50_008,ED,40,0.5,42;123;456;789;1337;2024,994.0,994.0,994.0,0.0,GAP<0.3%,300.2,True,False,False,994.0
ED_n040_003_a75_009,ED,40,0.75,42;123;456;789;1337;2024,1138.0,1138.0,1138.0,0.0,UB,1.4,True,False,False,1138.0
ED_n040_004_a25_010,ED,40,0.25,42;123;456;789;1337;2024,422.0,422.0,422.0,0.0,UB,0.0,True,False,False,422.0
ED_n040_004_a50_011,ED,40,0.5,42;123;456;789;1337;2024,1154.0,1165.0,1165.0,0.9532,TIERS_EXHAUSTED,1200.6,False,False,False,1154.0
ED_n040_004_a75_012,ED,40,0.75,42;123;456;789;1337;2024,1526.0,1526.0,1526.0,0.0,UB,1.3,True,False,False,1526.0
ED_n040_005_a25_013,ED,40,0.25,42;123;456;789;1337;2024,445.0,445.0,445.0,0.0,UB,0.0,True,False,False,445.0
ED_n040_005_a50_014,ED,40,0.5,42;123;456;789;1337;2024,1161.0,1162.0,1162.0,0.0861,GAP<0.3%,301.1,False,False,False,1161.0
ED_n040_005_a75_015,ED,40,0.75,42;123;456;789;1337;2024,1466.0,1466.0,1466.0,0.0,UB,1.3,True,False,False,1466.0
ED_n045_006_a25_016,ED,45,0.25,42;123;456;789;1337;2024,523.0,523.0,523.0,0.0,UB,0.0,True,True,False,523.0
ED_n045_006_a50_017,ED,45,0.5,42;123;456;789;1337;2024,1099.0,1099.0,1099.0,0.0,UB,2.0,True,True,False,1099.0
ED_n045_006_a75_018,ED,45,0.75,42;123;456;789;1337;2024,1244.0,1244.0,1244.0,0.0,UB,3.6,True,True,False,1244.0
ED_n045_007_a25_019,ED,45,0.25,42;123;456;789;1337;2024,253.0,253.0,253.0,0.0,UB,0.0,True,True,False,253.0
ED_n045_007_a50_020,ED,45,0.5,42;123;456;789;1337;2024,914.0,915.0,915.0,0.1094,GAP<0.3%,600.3,False,True,False,914.0
ED_n045_007_a75_021,ED,45,0.75,42;123;456;789;1337;2024,1278.0,1278.0,1278.0,0.0,UB,17.1,True,True,False,1278.0
ED_n045_008_a25_022,ED,45,0.25,42;123;456;789;1337;2024,732.0,732.0,732.0,0.0,GAP<0.3%,299.3,True,True,False,732.0
ED_n045_008_a50_023,ED,45,0.5,42;123;456;789;1337;2024,1326.0,1326.0,1326.0,0.0,GAP<0.3%,602.0,True,True,False,1326.0
ED_n045_008_a75_024,ED,45,0.75,42;123;456;789;1337;2024,1471.0,1471.0,1472.0,0.068,GAP<0.3%,301.4,False,False,False,1472.0
ED_n045_009_a25_025,ED,45,0.25,42;123;456;789;1337;2024,843.0,843.0,843.0,0.0,GAP<0.3%,599.7,True,True,False,843.0
ED_n045_009_a50_026,ED,45,0.5,42;123;456;789;1337;2024,1487.0,1488.0,1488.0,0.0672,GAP<0.3%,302.0,False,True,False,1487.0
ED_n045_009_a75_027,ED,45,0.75,42;123;456;789;1337;2024,1650.0,1650.0,1650.0,0.0,UB,4.2,True,True,False,1650.0
ED_n045_010_a25_028,ED,45,0.25,42;123;456;789;1337;2024,813.0,813.0,813.0,0.0,GAP<0.3%,300.1,True,True,False,813.0
ED_n045_010_a50_029,ED,45,0.5,42;123;456;789;1337;2024,1449.0,1449.0,1449.0,0.0,GAP<0.3%,601.7,True,True,False,1449.0
ED_n045_010_a75_030,ED,45,0.75,42;123;456;789;1337;2024,1596.0,1596.0,1596.0,0.0,UB,2.2,True,True,False,1596.0
ED_n050_011_a25_031,ED,50,0.25,42;123;456;789;1337;2024,623.0,623.0,623.0,0.0,UB,0.0,True,True,False,623.0
ED_n050_011_a50_032,ED,50,0.5,42;123;456;789;1337;2024,1306.0,1307.0,1307.0,0.0766,GAP<0.3%,302.7,False,False,False,1306.0
ED_n050_011_a75_033,ED,50,0.75,42;123;456;789;1337;2024,1464.0,1464.0,1464.0,0.0,UB,4.5,True,True,False,1464.0
ED_n050_012_a25_034,ED,50,0.25,42;123;456;789;1337;2024,354.0,354.0,354.0,0.0,UB,0.0,True,True,False,354.0
ED_n050_012_a50_035,ED,50,0.5,42;123;456;789;1337;2024,1014.0,1015.0,1015.0,0.0986,GAP<0.3%,600.9,False,False,False,1014.0
ED_n050_012_a75_036,ED,50,0.75,42;123;456;789;1337;2024,1378.0,1381.0,1381.0,0.2177,GAP<0.3%,303.6,False,True,False,1378.0
ED_n050_013_a25_037,ED,50,0.25,42;123;456;789;1337;2024,742.0,742.0,742.0,0.0,GAP<0.3%,300.1,True,True,False,742.0
ED_n050_013_a50_038,ED,50,0.5,42;123;456;789;1337;2024,1337.0,1340.0,1340.0,0.2244,GAP<0.3%,302.1,False,False,False,1337.0
ED_n050_013_a75_039,ED,50,0.75,42;123;456;789;1337;2024,1582.0,1582.0,1582.0,0.0,UB,3.8,True,True,False,1582.0
ED_n050_014_a25_040,ED,50,0.25,42;123;456;789;1337;2024,1034.0,1034.0,1034.0,0.0,UB,0.8,True,True,False,1034.0
ED_n050_014_a50_041,ED,50,0.5,42;123;456;789;1337;2024,1787.0,1797.0,1797.0,0.5596,TIERS_EXHAUSTED,1202.5,False,False,False,1787.0
ED_n050_014_a75_042,ED,50,0.75,42;123;456;789;1337;2024,2058.0,2058.0,2058.0,0.0,UB,6.2,True,True,False,2058.0
ED_n050_015_a25_043,ED,50,0.25,42;123;456;789;1337;2024,852.0,853.0,853.0,0.1174,GAP<0.3%,300.2,False,True,False,852.0
ED_n050_015_a50_044,ED,50,0.5,42;123;456;789;1337;2024,1482.0,1484.0,1484.0,0.135,GAP<0.3%,602.7,False,False,False,1482.0
ED_n050_015_a75_045,ED,50,0.75,42;123;456;789;1337;2024,1626.0,1626.0,1626.0,0.0,UB,3.9,True,True,False,1626.0
ED_n055_016_a25_046,ED,55,0.25,42;123;456;789;1337;2024,845.0,846.0,846.0,0.1183,GAP<0.3%,600.5,False,True,False,845.0
ED_n055_016_a50_047,ED,55,0.5,42;123;456;789;1337;2024,1447.0,1447.0,1447.0,0.0,UB,43.3,True,False,False,1447.0
ED_n055_016_a75_048,ED,55,0.75,42;123;456;789;1337;2024,1488.0,1488.0,1488.0,0.0,GAP<0.3%,309.3,True,False,False,1488.0
ED_n055_017_a25_049,ED,55,0.25,42;123;456;789;1337;2024,364.0,364.0,364.0,0.0,UB,0.0,True,True,False,364.0
ED_n055_017_a50_050,ED,55,0.5,42;123;456;789;1337;2024,1135.0,1136.0,1136.0,0.0881,GAP<0.3%,601.8,False,False,False,1135.0
ED_n055_017_a75_051,ED,55,0.75,42;123;456;789;1337;2024,1489.0,1490.0,1490.0,0.0672,GAP<0.3%,1208.5,False,False,False,1489.0
ED_n055_018_a25_052,ED,55,0.25,42;123;456;789;1337;2024,742.0,744.0,744.0,0.2695,GAP<0.3%,300.3,False,True,False,742.0
ED_n055_018_a50_053,ED,55,0.5,42;123;456;789;1337;2024,1348.0,1351.0,1351.0,0.2226,GAP<0.3%,304.6,False,False,False,1348.0
ED_n055_018_a75_054,ED,55,0.75,42;123;456;789;1337;2024,1601.0,1602.0,1602.0,0.0625,GAP<0.3%,308.7,False,False,False,1601.0
ED_n055_019_a25_055,ED,55,0.25,42;123;456;789;1337;2024,1036.0,1038.0,1038.0,0.1931,GAP<0.3%,300.2,False,True,False,1036.0
ED_n055_019_a50_056,ED,55,0.5,42;123;456;789;1337;2024,1897.0,1907.0,1907.0,0.5271,TIERS_EXHAUSTED,1203.5,False,False,False,1897.0
ED_n055_019_a75_057,ED,55,0.75,42;123;456;789;1337;2024,2169.0,2170.0,2170.0,0.0461,GAP<0.3%,308.1,False,False,False,2169.0
ED_n055_020_a25_058,ED,55,0.25,42;123;456;789;1337;2024,963.0,964.0,964.0,0.1038,GAP<0.3%,300.5,False,True,False,963.0
ED_n055_020_a50_059,ED,55,0.5,42;123;456;789;1337;2024,1790.0,1790.0,1790.0,0.0,GAP<0.3%,904.0,True,False,False,1790.0
ED_n055_020_a75_060,ED,55,0.75,42;123;456;789;1337;2024,1954.0,1956.0,1956.0,0.1024,GAP<0.3%,308.7,False,False,True,1946.0
ED_n060_021_a25_061,ED,60,0.25,42;123;456;789;1337;2024,846.0,846.0,846.0,0.0,GAP<0.3%,901.0,True,True,False,846.0
ED_n060_021_a50_062,ED,60,0.5,42;123;456;789;1337;2024,1637.0,1638.0,1638.0,0.0611,GAP<0.3%,306.4,False,False,False,1637.0
ED_n060_021_a75_063,ED,60,0.75,42;123;456;789;1337;2024,1698.0,1699.0,1699.0,0.0589,GAP<0.3%,609.4,False,False,True,1679.0
ED_n060_022_a25_064,ED,60,0.25,42;123;456;789;1337;2024,864.0,864.0,864.0,0.0,UB,0.2,True,True,False,864.0
ED_n060_022_a50_065,ED,60,0.5,42;123;456;789;1337;2024,1737.0,1766.0,1766.0,1.6695,TIERS_EXHAUSTED,1206.8,False,False,True,1728.0
ED_n060_022_a75_066,ED,60,0.75,42;123;456;789;1337;2024,1944.0,1954.0,1954.0,0.5144,TIERS_EXHAUSTED,1208.8,False,False,False,1944.0
ED_n060_023_a25_067,ED,60,0.25,42;123;456;789;1337;2024,1050.0,1051.0,1051.0,0.0952,GAP<0.3%,300.1,False,True,False,1050.0
ED_n060_023_a50_068,ED,60,0.5,42;123;456;789;1337;2024,1736.0,1739.0,1739.0,0.1728,GAP<0.3%,603.8,False,False,False,1736.0
ED_n060_023_a75_069,ED,60,0.75,42;123;456;789;1337;2024,2002.0,2002.0,2002.0,0.0,UB,66.2,True,False,False,2002.0
ED_n060_024_a25_070,ED,60,0.25,42;123;456;789;1337;2024,1253.0,1260.0,1260.0,0.5587,TIERS_EXHAUSTED,1201.4,False,True,False,1253.0
ED_n060_024_a50_071,ED,60,0.5,42;123;456;789;1337;2024,2138.0,2144.0,2144.0,0.2806,GAP<0.3%,609.1,False,False,False,2138.0
ED_n060_024_a75_072,ED,60,0.75,42;123;456;789;1337;2024,2383.0,2387.0,2387.0,0.1679,GAP<0.3%,319.1,False,False,True,2375.0
ED_n060_025_a25_073,ED,60,0.25,42;123;456;789;1337;2024,1346.0,1348.0,1348.0,0.1486,GAP<0.3%,601.4,False,True,False,1346.0
ED_n060_025_a50_074,ED,60,0.5,42;123;456;789;1337;2024,2014.0,2034.0,2034.0,0.993,TIERS_EXHAUSTED,1214.5,False,False,False,2014.0
ED_n060_025_a75_075,ED,60,0.75,42;123;456;789;1337;2024,2268.0,2269.0,2269.0,0.0441,GAP<0.3%,310.5,False,False,True,2139.0
ED_n065_026_a25_076,ED,65,0.25,42;123;456;789;1337;2024,858.0,859.0,859.0,0.1166,GAP<0.3%,902.0,False,False,False,858.0
ED_n065_026_a50_077,ED,65,0.5,42;123;456;789;1337;2024,1838.0,1839.0,1839.0,0.0544,GAP<0.3%,309.8,False,False,False,1838.0
ED_n065_026_a75_078,ED,65,0.75,42;123;456;789;1337;2024,1900.0,1901.0,1901.0,0.0526,GAP<0.3%,611.4,False,False,True,1699.0
ED_n065_027_a25_079,ED,65,0.25,42;123;456;789;1337;2024,874.0,874.0,874.0,0.0,UB,0.3,True,False,False,874.0
ED_n065_027_a50_080,ED,65,0.5,42;123;456;789;1337;2024,1747.0,1766.0,1766.0,1.0876,TIERS_EXHAUSTED,1205.6,False,False,False,1747.0
ED_n065_027_a75_081,ED,65,0.75,42;123;456;789;1337;2024,1972.0,1982.0,1982.0,0.5071,TIERS_EXHAUSTED,1826.9,False,False,False,1972.0
ED_n065_028_a25_082,ED,65,0.25,42;123;456;789;1337;2024,1152.0,1157.0,1157.0,0.434,TIERS_EXHAUSTED,1201.7,False,False,False,
ED_n065_028_a50_083,ED,65,0.5,42;123;456;789;1337;2024,1948.0,1950.0,1950.0,0.1027,GAP<0.3%,306.7,False,False,False,
ED_n065_028_a75_084,ED,65,0.75,42;123;456;789;1337;2024,2143.0,2147.0,2147.0,0.1867,GAP<0.3%,320.2,False,False,False,
ED_n065_029_a25_085,ED,65,0.25,42;123;456;789;1337;2024,1343.0,1351.0,1351.0,0.5957,TIERS_EXHAUSTED,1201.6,False,False,False,
ED_n065_029_a50_086,ED,65,0.5,42;123;456;789;1337;2024,2340.0,2341.0,2341.0,0.0427,GAP<0.3%,312.7,False,False,False,
ED_n065_029_a75_087,ED,65,0.75,42;123;456;789;1337;2024,2596.0,2599.0,2599.0,0.1156,GAP<0.3%,327.7,False,False,False,
ED_n065_030_a25_088,ED,65,0.25,42;123;456;789;1337;2024,1478.0,1488.0,1488.0,0.6766,TIERS_EXHAUSTED,1206.1,False,False,False,
ED_n065_030_a50_089,ED,65,0.5,42;123;456;789;1337;2024,2334.0,2340.0,2340.0,0.2571,GAP<0.3%,1228.3,False,False,False,
ED_n065_030_a75_090,ED,65,0.75,42;123;456;789;1337;2024,2496.0,2497.0,2497.0,0.0401,GAP<0.3%,616.3,False,False,False,
ED_n070_031_a25_091,ED,70,0.25,42;123;456;789;1337;2024,878.0,878.0,878.0,0.0,UB,1.2,True,False,False,
ED_n070_031_a50_092,ED,70,0.5,42;123;456;789;1337;2024,1858.0,1859.0,1859.0,0.0538,GAP<0.3%,614.8,False,False,False,
ED_n070_031_a75_093,ED,70,0.75,42;123;456;789;1337;2024,1929.0,1932.0,1932.0,0.1555,GAP<0.3%,927.8,False,False,False,
ED_n070_032_a25_094,ED,70,0.25,42;123;456;789;1337;2024,974.0,974.0,974.0,0.0,UB,0.3,True,False,False,
ED_n070_032_a50_095,ED,70,0.5,42;123;456;789;1337;2024,1867.0,1877.0,1877.0,0.5356,TIERS_EXHAUSTED,1507.5,False,False,False,
ED_n070_032_a75_096,ED,70,0.75,42;123;456;789;1337;2024,2083.0,2096.0,2096.0,0.6241,TIERS_EXHAUSTED,1228.8,False,False,False,
ED_n070_033_a25_097,ED,70,0.25,42;123;456;789;1337;2024,1483.0,1483.0,1483.0,0.0,UB,64.4,True,False,False,
ED_n070_033_a50_098,ED,70,0.5,42;123;456;789;1337;2024,2197.0,2202.0,2202.0,0.2276,GAP<0.3%,312.7,False,False,False,
ED_n070_033_a75_099,ED,70,0.75,42;123;456;789;1337;2024,2350.0,2350.0,2350.0,0.0,GAP<0.3%,618.5,True,False,False,
ED_n070_034_a25_100,ED,70,0.25,42;123;456;789;1337;2024,1445.0,1445.0,1445.0,0.0,UB,0.6,True,False,False,
ED_n070_034_a50_101,ED,70,0.5,42;123;456;789;1337;2024,2540.0,2546.0,2546.0,0.2362,GAP<0.3%,1521.2,False,False,False,
ED_n070_034_a75_102,ED,70,0.75,42;123;456;789;1337;2024,2904.0,2909.0,2909.0,0.1722,GAP<0.3%,315.3,False,False,False,
ED_n070_035_a25_103,ED,70,0.25,42;123;456;789;1337;2024,1479.0,1489.0,1489.0,0.6761,TIERS_EXHAUSTED,1207.8,False,False,False,
ED_n070_035_a50_104,ED,70,0.5,42;123;456;789;1337;2024,2347.0,2352.0,2352.0,0.213,GAP<0.3%,317.1,False,False,False,
ED_n070_035_a75_105,ED,70,0.75,42;123;456;789;1337;2024,2518.0,2519.0,2519.0,0.0397,GAP<0.3%,921.0,False,False,False,
ED_n075_036_a25_106,ED,75,0.25,42;123;456;789;1337;2024,1076.0,1077.0,1077.0,0.0929,GAP<0.3%,301.7,False,False,False,
ED_n075_036_a50_107,ED,75,0.5,42;123;456;789;1337;2024,1988.0,1989.0,1989.0,0.0503,GAP<0.3%,1536.4,False,False,False,
ED_n075_036_a75_108,ED,75,0.75,42;123;456;789;1337;2024,2141.0,2144.0,2144.0,0.1401,GAP<0.3%,622.8,False,False,False,
ED_n075_037_a25_109,ED,75,0.25,42;123;456;789;1337;2024,1273.0,1282.0,1282.0,0.707,TIERS_EXHAUSTED,1203.6,False,False,False,
ED_n075_037_a50_110,ED,75,0.5,42;123;456;789;1337;2024,2099.0,2103.0,2103.0,0.1906,GAP<0.3%,2128.5,False,False,False,
ED_n075_037_a75_111,ED,75,0.75,42;123;456;789;1337;2024,2326.0,2327.0,2327.0,0.043,GAP<0.3%,634.7,False,False,False,
ED_n075_038_a25_112,ED,75,0.25,42;123;456;789;1337;2024,1685.0,1690.0,1690.0,0.2967,GAP<0.3%,603.8,False,False,False,
ED_n075_038_a50_113,ED,75,0.5,42;123;456;789;1337;2024,2411.0,2415.0,2415.0,0.1659,GAP<0.3%,1549.8,False,False,False,
ED_n075_038_a75_114,ED,75,0.75,42;123;456;789;1337;2024,2577.0,2582.0,2582.0,0.194,GAP<0.3%,625.7,False,False,False,
ED_n075_039_a25_115,ED,75,0.25,42;123;456;789;1337;2024,1964.0,1965.0,1965.0,0.0509,GAP<0.3%,302.2,False,False,False,
ED_n075_039_a50_116,ED,75,0.5,42;123;456;789;1337;2024,3041.0,3051.0,3051.0,0.3288,TIERS_EXHAUSTED,2136.3,False,False,False,
ED_n075_039_a75_117,ED,75,0.75,42;123;456;789;1337;2024,3113.0,3115.0,3115.0,0.0642,GAP<0.3%,310.4,False,False,False,
ED_n075_040_a25_118,ED,75,0.25,42;123;456;789;1337;2024,1588.0,1595.0,1595.0,0.4408,TIERS_EXHAUSTED,1211.4,False,False,False,
ED_n075_040_a50_119,ED,75,0.5,42;123;456;789;1337;2024,2565.0,2572.0,2572.0,0.2729,GAP<0.3%,1551.7,False,False,False,
ED_n075_040_a75_120,ED,75,0.75,42;123;456;789;1337;2024,2731.0,2740.0,2740.0,0.3295,TIERS_EXHAUSTED,1246.2,False,False,False,
ED_n080_041_a25_121,ED,80,0.25,42;123;456;789;1337;2024,1504.0,1506.0,1506.0,0.133,GAP<0.3%,305.6,False,False,False,
ED_n080_041_a50_122,ED,80,0.5,42;123;456;789;1337;2024,2227.0,2232.0,2232.0,0.2245,GAP<0.3%,1540.0,False,False,False,
ED_n080_041_a75_123,ED,80,0.75,42;123;456;789;1337;2024,2269.0,2271.0,2271.0,0.0881,GAP<0.3%,1242.6,False,False,False,
ED_n080_042_a25_124,ED,80,0.25,42;123;456;789;1337;2024,1305.0,1311.0,1311.0,0.4598,TIERS_EXHAUSTED,1209.4,False,False,False,
ED_n080_042_a50_125,ED,80,0.5,42;123;456;789;1337;2024,2161.0,2165.0,2165.0,0.1851,GAP<0.3%,2449.5,False,False,False,
ED_n080_042_a75_126,ED,80,0.75,42;123;456;789;1337;2024,2457.0,2458.0,2458.0,0.0407,GAP<0.3%,953.1,False,False,False,
ED_n080_043_a25_127,ED,80,0.25,42;123;456;789;1337;2024,1785.0,1789.0,1789.0,0.2241,GAP<0.3%,304.1,False,False,False,
ED_n080_043_a50_128,ED,80,0.5,42;123;456;789;1337;2024,2628.0,2635.0,2635.0,0.2664,GAP<0.3%,634.0,False,False,False,
ED_n080_043_a75_129,ED,80,0.75,42;123;456;789;1337;2024,2797.0,2803.0,2803.0,0.2145,GAP<0.3%,337.3,False,False,False,
ED_n080_044_a25_130,ED,80,0.25,42;123;456;789;1337;2024,1965.0,1969.0,1969.0,0.2036,GAP<0.3%,1205.9,False,False,False,
ED_n080_044_a50_131,ED,80,0.5,42;123;456;789;1337;2024,3148.0,3156.0,3156.0,0.2541,GAP<0.3%,333.7,False,False,False,
ED_n080_044_a75_132,ED,80,0.75,42;123;456;789;1337;2024,3322.0,3326.0,3326.0,0.1204,GAP<0.3%,318.8,False,False,False,
ED_n080_045_a25_133,ED,80,0.25,42;123;456;789;1337;2024,1681.0,1687.0,1687.0,0.3569,TIERS_EXHAUSTED,1511.9,False,False,False,
ED_n080_045_a50_134,ED,80,0.5,42;123;456;789;1337;2024,2666.0,2674.0,2674.0,0.3001,GAP<0.3%,629.6,False,False,False,
ED_n080_045_a75_135,ED,80,0.75,42;123;456;789;1337;2024,2933.0,2942.0,2942.0,0.3069,TIERS_EXHAUSTED,1252.2,False,False,False,
